date,Search Interest,Keyword,Category
2020-02-16,67.0,skinny jeans,Jeans
2020-02-23,66.0,skinny jeans,Jeans
2020-03-01,68.0,skinny jeans,Jeans
2020-03-08,59.0,skinny jeans,Jeans
2020-03-15,44.0,skinny jeans,Jeans
2020-03-22,41.0,skinny jeans,Jeans
2020-03-29,40.0,skinny jeans,Jeans
2020-04-05,44.0,skinny jeans,Jeans
2020-04-12,50.0,skinny jeans,Jeans
2020-04-19,46.0,skinny jeans,Jeans
2020-04-26,50.0,skinny jeans,Jeans
2020-05-03,48.0,skinny jeans,Jeans
2020-05-10,51.0,skinny jeans,Jeans
2020-05-17,56.99999999999999,skinny jeans,Jeans
2020-05-24,53.0,skinny jeans,Jeans
2020-05-31,49.0,skinny jeans,Jeans
2020-06-07,51.0,skinny jeans,Jeans
2020-06-14,54.0,skinny jeans,Jeans
2020-06-21,52.0,skinny jeans,Jeans
2020-06-28,51.0,skinny jeans,Jeans
2020-07-05,52.0,skinny jeans,Jeans
2020-07-12,55.00000000000001,skinny jeans,Jeans
2020-07-19,56.99999999999999,skinny jeans,Jeans
2020-07-26,59.0,skinny jeans,Jeans
2020-08-02,65.0,skinny jeans,Jeans
2020-08-09,56.00000000000001,skinny jeans,Jeans
2020-08-16,57.99999999999999,skinny jeans,Jeans
2020-08-23,51.0,skinny jeans,Jeans
2020-08-30,57.99999999999999,skinny jeans,Jeans
2020-09-06,56.99999999999999,skinny jeans,Jeans
2020-09-13,56.99999999999999,skinny jeans,Jeans
2020-09-20,63.0,skinny jeans,Jeans
2020-09-27,72.0,skinny jeans,Jeans
2020-10-04,67.0,skinny jeans,Jeans
2020-10-11,68.0,skinny jeans,Jeans
2020-10-18,70.0,skinny jeans,Jeans
2020-10-25,68.0,skinny jeans,Jeans
2020-11-01,56.00000000000001,skinny jeans,Jeans
2020-11-08,78.0,skinny jeans,Jeans
2020-11-15,63.0,skinny jeans,Jeans
2020-11-22,80.0,skinny jeans,Jeans
2020-11-29,73.0,skinny jeans,Jeans
2020-12-06,72.0,skinny jeans,Jeans
2020-12-13,72.0,skinny jeans,Jeans
2020-12-20,63.0,skinny jeans,Jeans
2020-12-27,84.0,skinny jeans,Jeans
2021-01-03,66.0,skinny jeans,Jeans
2021-01-10,68.0,skinny jeans,Jeans
2021-01-17,74.0,skinny jeans,Jeans
2021-01-24,74.0,skinny jeans,Jeans
2021-01-31,74.0,skinny jeans,Jeans
2021-02-07,100.0,skinny jeans,Jeans
2021-02-14,91.0,skinny jeans,Jeans
2021-02-21,90.0,skinny jeans,Jeans
2021-02-28,77.0,skinny jeans,Jeans
2021-03-07,71.0,skinny jeans,Jeans
2021-03-14,67.0,skinny jeans,Jeans
2021-03-21,68.0,skinny jeans,Jeans
2021-03-28,61.0,skinny jeans,Jeans
2021-04-04,74.0,skinny jeans,Jeans
2021-04-11,89.0,skinny jeans,Jeans
2021-04-18,78.0,skinny jeans,Jeans
2021-04-25,61.0,skinny jeans,Jeans
2021-05-02,63.0,skinny jeans,Jeans
2021-05-09,67.0,skinny jeans,Jeans
2021-05-16,56.00000000000001,skinny jeans,Jeans
2021-05-23,57.99999999999999,skinny jeans,Jeans
2021-05-30,56.99999999999999,skinny jeans,Jeans
2021-06-06,48.0,skinny jeans,Jeans
2021-06-13,48.0,skinny jeans,Jeans
2021-06-20,50.0,skinny jeans,Jeans
2021-06-27,49.0,skinny jeans,Jeans
2021-07-04,53.0,skinny jeans,Jeans
2021-07-11,56.00000000000001,skinny jeans,Jeans
2021-07-18,60.0,skinny jeans,Jeans
2021-07-25,64.0,skinny jeans,Jeans
2021-08-01,68.0,skinny jeans,Jeans
2021-08-08,61.0,skinny jeans,Jeans
2021-08-15,65.0,skinny jeans,Jeans
2021-08-22,59.0,skinny jeans,Jeans
2021-08-29,65.0,skinny jeans,Jeans
2021-09-05,62.0,skinny jeans,Jeans
2021-09-12,71.0,skinny jeans,Jeans
2021-09-19,69.0,skinny jeans,Jeans
2021-09-26,73.0,skinny jeans,Jeans
2021-10-03,74.0,skinny jeans,Jeans
2021-10-10,72.0,skinny jeans,Jeans
2021-10-17,73.0,skinny jeans,Jeans
2021-10-24,69.0,skinny jeans,Jeans
2021-10-31,66.0,skinny jeans,Jeans
2021-11-07,75.0,skinny jeans,Jeans
2021-11-14,75.0,skinny jeans,Jeans
2021-11-21,85.0,skinny jeans,Jeans
2021-11-28,72.0,skinny jeans,Jeans
2021-12-05,76.0,skinny jeans,Jeans
2021-12-12,75.0,skinny jeans,Jeans
2021-12-19,73.0,skinny jeans,Jeans
2021-12-26,71.0,skinny jeans,Jeans
2022-01-02,66.0,skinny jeans,Jeans
2022-01-09,63.0,skinny jeans,Jeans
2022-01-16,57.99999999999999,skinny jeans,Jeans
2022-01-23,59.0,skinny jeans,Jeans
2022-01-30,60.0,skinny jeans,Jeans
2022-02-06,62.0,skinny jeans,Jeans
2022-02-13,61.0,skinny jeans,Jeans
2022-02-20,67.0,skinny jeans,Jeans
2022-02-27,62.0,skinny jeans,Jeans
2022-03-06,61.0,skinny jeans,Jeans
2022-03-13,64.0,skinny jeans,Jeans
2022-03-20,59.0,skinny jeans,Jeans
2022-03-27,53.0,skinny jeans,Jeans
2022-04-03,53.0,skinny jeans,Jeans
2022-04-10,54.0,skinny jeans,Jeans
2022-04-17,55.00000000000001,skinny jeans,Jeans
2022-04-24,54.0,skinny jeans,Jeans
2022-05-01,52.0,skinny jeans,Jeans
2022-05-08,49.0,skinny jeans,Jeans
2022-05-15,46.0,skinny jeans,Jeans
2022-05-22,44.0,skinny jeans,Jeans
2022-05-29,42.0,skinny jeans,Jeans
2022-06-05,40.0,skinny jeans,Jeans
2022-06-12,40.0,skinny jeans,Jeans
2022-06-19,42.0,skinny jeans,Jeans
2022-06-26,41.0,skinny jeans,Jeans
2022-07-03,43.0,skinny jeans,Jeans
2022-07-10,46.0,skinny jeans,Jeans
2022-07-17,48.0,skinny jeans,Jeans
2022-07-24,47.0,skinny jeans,Jeans
2022-07-31,52.0,skinny jeans,Jeans
2022-08-07,56.00000000000001,skinny jeans,Jeans
2022-08-14,60.0,skinny jeans,Jeans
2022-08-21,55.00000000000001,skinny jeans,Jeans
2022-08-28,53.0,skinny jeans,Jeans
2022-09-04,53.0,skinny jeans,Jeans
2022-09-11,54.0,skinny jeans,Jeans
2022-09-18,55.00000000000001,skinny jeans,Jeans
2022-09-25,57.99999999999999,skinny jeans,Jeans
2022-10-02,55.00000000000001,skinny jeans,Jeans
2022-10-09,61.0,skinny jeans,Jeans
2022-10-16,61.0,skinny jeans,Jeans
2022-10-23,55.00000000000001,skinny jeans,Jeans
2022-10-30,55.00000000000001,skinny jeans,Jeans
2022-11-06,55.00000000000001,skinny jeans,Jeans
2022-11-13,60.0,skinny jeans,Jeans
2022-11-20,67.0,skinny jeans,Jeans
2022-11-27,64.0,skinny jeans,Jeans
2022-12-04,61.0,skinny jeans,Jeans
2022-12-11,60.0,skinny jeans,Jeans
2022-12-18,52.0,skinny jeans,Jeans
2022-12-25,59.0,skinny jeans,Jeans
2023-01-01,54.0,skinny jeans,Jeans
2023-01-08,56.99999999999999,skinny jeans,Jeans
2023-01-15,56.00000000000001,skinny jeans,Jeans
2023-01-22,50.0,skinny jeans,Jeans
2023-01-29,53.0,skinny jeans,Jeans
2023-02-05,51.0,skinny jeans,Jeans
2023-02-12,52.0,skinny jeans,Jeans
2023-02-19,54.0,skinny jeans,Jeans
2023-02-26,54.0,skinny jeans,Jeans
2023-03-05,55.00000000000001,skinny jeans,Jeans
2023-03-12,52.0,skinny jeans,Jeans
2023-03-19,52.0,skinny jeans,Jeans
2023-03-26,49.0,skinny jeans,Jeans
2023-04-02,49.0,skinny jeans,Jeans
2023-04-09,46.0,skinny jeans,Jeans
2023-04-16,43.0,skinny jeans,Jeans
2023-04-23,44.0,skinny jeans,Jeans
2023-04-30,43.0,skinny jeans,Jeans
2023-05-07,42.0,skinny jeans,Jeans
2023-05-14,41.0,skinny jeans,Jeans
2023-05-21,41.0,skinny jeans,Jeans
2023-05-28,39.0,skinny jeans,Jeans
2023-06-04,39.0,skinny jeans,Jeans
2023-06-11,40.0,skinny jeans,Jeans
2023-06-18,36.0,skinny jeans,Jeans
2023-06-25,39.0,skinny jeans,Jeans
2023-07-02,40.0,skinny jeans,Jeans
2023-07-09,44.0,skinny jeans,Jeans
2023-07-16,41.0,skinny jeans,Jeans
2023-07-23,45.0,skinny jeans,Jeans
2023-07-30,49.0,skinny jeans,Jeans
2023-08-06,48.0,skinny jeans,Jeans
2023-08-13,46.0,skinny jeans,Jeans
2023-08-20,48.0,skinny jeans,Jeans
2023-08-27,46.0,skinny jeans,Jeans
2023-09-03,49.0,skinny jeans,Jeans
2023-09-10,46.0,skinny jeans,Jeans
2023-09-17,51.0,skinny jeans,Jeans
2023-09-24,50.0,skinny jeans,Jeans
2023-10-01,50.0,skinny jeans,Jeans
2023-10-08,55.00000000000001,skinny jeans,Jeans
2023-10-15,56.00000000000001,skinny jeans,Jeans
2023-10-22,53.0,skinny jeans,Jeans
2023-10-29,51.0,skinny jeans,Jeans
2023-11-05,56.00000000000001,skinny jeans,Jeans
2023-11-12,53.0,skinny jeans,Jeans
2023-11-19,63.0,skinny jeans,Jeans
2023-11-26,55.00000000000001,skinny jeans,Jeans
2023-12-03,50.0,skinny jeans,Jeans
2023-12-10,52.0,skinny jeans,Jeans
2023-12-17,52.0,skinny jeans,Jeans
2023-12-24,57.99999999999999,skinny jeans,Jeans
2023-12-31,54.0,skinny jeans,Jeans
2024-01-07,49.0,skinny jeans,Jeans
2024-01-14,45.0,skinny jeans,Jeans
2024-01-21,49.0,skinny jeans,Jeans
2024-01-28,46.0,skinny jeans,Jeans
2024-02-04,43.0,skinny jeans,Jeans
2024-02-11,43.0,skinny jeans,Jeans
2024-02-18,49.0,skinny jeans,Jeans
2024-02-25,45.0,skinny jeans,Jeans
2024-03-03,45.0,skinny jeans,Jeans
2024-03-10,47.0,skinny jeans,Jeans
2024-03-17,46.0,skinny jeans,Jeans
2024-03-24,45.0,skinny jeans,Jeans
2024-03-31,41.0,skinny jeans,Jeans
2024-04-07,40.0,skinny jeans,Jeans
2024-04-14,40.0,skinny jeans,Jeans
2024-04-21,42.0,skinny jeans,Jeans
2024-04-28,37.0,skinny jeans,Jeans
2024-05-05,38.0,skinny jeans,Jeans
2024-05-12,38.0,skinny jeans,Jeans
2024-05-19,33.0,skinny jeans,Jeans
2024-05-26,33.0,skinny jeans,Jeans
2024-06-02,35.0,skinny jeans,Jeans
2024-06-09,34.0,skinny jeans,Jeans
2024-06-16,32.0,skinny jeans,Jeans
2024-06-23,36.0,skinny jeans,Jeans
2024-06-30,36.0,skinny jeans,Jeans
2024-07-07,33.0,skinny jeans,Jeans
2024-07-14,37.0,skinny jeans,Jeans
2024-07-21,39.0,skinny jeans,Jeans
2024-07-28,43.0,skinny jeans,Jeans
2024-08-04,44.0,skinny jeans,Jeans
2024-08-11,44.0,skinny jeans,Jeans
2024-08-18,45.0,skinny jeans,Jeans
2024-08-25,43.0,skinny jeans,Jeans
2024-09-01,44.0,skinny jeans,Jeans
2024-09-08,59.0,skinny jeans,Jeans
2024-09-15,45.0,skinny jeans,Jeans
2024-09-22,47.0,skinny jeans,Jeans
2024-09-29,48.0,skinny jeans,Jeans
2024-10-06,49.0,skinny jeans,Jeans
2024-10-13,52.0,skinny jeans,Jeans
2024-10-20,50.0,skinny jeans,Jeans
2024-10-27,48.0,skinny jeans,Jeans
2024-11-03,44.0,skinny jeans,Jeans
2024-11-10,51.0,skinny jeans,Jeans
2024-11-17,55.00000000000001,skinny jeans,Jeans
2024-11-24,60.0,skinny jeans,Jeans
2024-12-01,56.99999999999999,skinny jeans,Jeans
2024-12-08,53.0,skinny jeans,Jeans
2024-12-15,50.0,skinny jeans,Jeans
2024-12-22,50.0,skinny jeans,Jeans
2024-12-29,54.0,skinny jeans,Jeans
2025-01-05,48.0,skinny jeans,Jeans
2025-01-12,49.0,skinny jeans,Jeans
2025-01-19,47.0,skinny jeans,Jeans
2025-01-26,60.0,skinny jeans,Jeans
2025-02-02,55.00000000000001,skinny jeans,Jeans
2025-02-09,51.0,skinny jeans,Jeans
2025-02-16,52.0,skinny jeans,Jeans
2020-02-16,16.666666666666664,loose jeans,Jeans
2020-02-23,16.666666666666664,loose jeans,Jeans
2020-03-01,16.666666666666664,loose jeans,Jeans
2020-03-08,12.5,loose jeans,Jeans
2020-03-15,12.5,loose jeans,Jeans
2020-03-22,12.5,loose jeans,Jeans
2020-03-29,12.5,loose jeans,Jeans
2020-04-05,12.5,loose jeans,Jeans
2020-04-12,12.5,loose jeans,Jeans
2020-04-19,16.666666666666664,loose jeans,Jeans
2020-04-26,16.666666666666664,loose jeans,Jeans
2020-05-03,16.666666666666664,loose jeans,Jeans
2020-05-10,20.833333333333336,loose jeans,Jeans
2020-05-17,16.666666666666664,loose jeans,Jeans
2020-05-24,16.666666666666664,loose jeans,Jeans
2020-05-31,16.666666666666664,loose jeans,Jeans
2020-06-07,16.666666666666664,loose jeans,Jeans
2020-06-14,16.666666666666664,loose jeans,Jeans
2020-06-21,16.666666666666664,loose jeans,Jeans
2020-06-28,16.666666666666664,loose jeans,Jeans
2020-07-05,16.666666666666664,loose jeans,Jeans
2020-07-12,20.833333333333336,loose jeans,Jeans
2020-07-19,20.833333333333336,loose jeans,Jeans
2020-07-26,20.833333333333336,loose jeans,Jeans
2020-08-02,25.0,loose jeans,Jeans
2020-08-09,16.666666666666664,loose jeans,Jeans
2020-08-16,20.833333333333336,loose jeans,Jeans
2020-08-23,20.833333333333336,loose jeans,Jeans
2020-08-30,20.833333333333336,loose jeans,Jeans
2020-09-06,20.833333333333336,loose jeans,Jeans
2020-09-13,20.833333333333336,loose jeans,Jeans
2020-09-20,20.833333333333336,loose jeans,Jeans
2020-09-27,20.833333333333336,loose jeans,Jeans
2020-10-04,25.0,loose jeans,Jeans
2020-10-11,20.833333333333336,loose jeans,Jeans
2020-10-18,20.833333333333336,loose jeans,Jeans
2020-10-25,25.0,loose jeans,Jeans
2020-11-01,16.666666666666664,loose jeans,Jeans
2020-11-08,25.0,loose jeans,Jeans
2020-11-15,25.0,loose jeans,Jeans
2020-11-22,29.166666666666668,loose jeans,Jeans
2020-11-29,29.166666666666668,loose jeans,Jeans
2020-12-06,25.0,loose jeans,Jeans
2020-12-13,25.0,loose jeans,Jeans
2020-12-20,25.0,loose jeans,Jeans
2020-12-27,25.0,loose jeans,Jeans
2021-01-03,20.833333333333336,loose jeans,Jeans
2021-01-10,20.833333333333336,loose jeans,Jeans
2021-01-17,20.833333333333336,loose jeans,Jeans
2021-01-24,25.0,loose jeans,Jeans
2021-01-31,25.0,loose jeans,Jeans
2021-02-07,29.166666666666668,loose jeans,Jeans
2021-02-14,29.166666666666668,loose jeans,Jeans
2021-02-21,25.0,loose jeans,Jeans
2021-02-28,29.166666666666668,loose jeans,Jeans
2021-03-07,25.0,loose jeans,Jeans
2021-03-14,29.166666666666668,loose jeans,Jeans
2021-03-21,29.166666666666668,loose jeans,Jeans
2021-03-28,29.166666666666668,loose jeans,Jeans
2021-04-04,29.166666666666668,loose jeans,Jeans
2021-04-11,33.33333333333333,loose jeans,Jeans
2021-04-18,33.33333333333333,loose jeans,Jeans
2021-04-25,33.33333333333333,loose jeans,Jeans
2021-05-02,33.33333333333333,loose jeans,Jeans
2021-05-09,29.166666666666668,loose jeans,Jeans
2021-05-16,29.166666666666668,loose jeans,Jeans
2021-05-23,25.0,loose jeans,Jeans
2021-05-30,25.0,loose jeans,Jeans
2021-06-06,20.833333333333336,loose jeans,Jeans
2021-06-13,25.0,loose jeans,Jeans
2021-06-20,25.0,loose jeans,Jeans
2021-06-27,25.0,loose jeans,Jeans
2021-07-04,20.833333333333336,loose jeans,Jeans
2021-07-11,20.833333333333336,loose jeans,Jeans
2021-07-18,25.0,loose jeans,Jeans
2021-07-25,29.166666666666668,loose jeans,Jeans
2021-08-01,29.166666666666668,loose jeans,Jeans
2021-08-08,29.166666666666668,loose jeans,Jeans
2021-08-15,33.33333333333333,loose jeans,Jeans
2021-08-22,29.166666666666668,loose jeans,Jeans
2021-08-29,25.0,loose jeans,Jeans
2021-09-05,33.33333333333333,loose jeans,Jeans
2021-09-12,33.33333333333333,loose jeans,Jeans
2021-09-19,29.166666666666668,loose jeans,Jeans
2021-09-26,33.33333333333333,loose jeans,Jeans
2021-10-03,33.33333333333333,loose jeans,Jeans
2021-10-10,33.33333333333333,loose jeans,Jeans
2021-10-17,33.33333333333333,loose jeans,Jeans
2021-10-24,29.166666666666668,loose jeans,Jeans
2021-10-31,33.33333333333333,loose jeans,Jeans
2021-11-07,29.166666666666668,loose jeans,Jeans
2021-11-14,29.166666666666668,loose jeans,Jeans
2021-11-21,41.66666666666667,loose jeans,Jeans
2021-11-28,33.33333333333333,loose jeans,Jeans
2021-12-05,33.33333333333333,loose jeans,Jeans
2021-12-12,29.166666666666668,loose jeans,Jeans
2021-12-19,25.0,loose jeans,Jeans
2021-12-26,29.166666666666668,loose jeans,Jeans
2022-01-02,25.0,loose jeans,Jeans
2022-01-09,29.166666666666668,loose jeans,Jeans
2022-01-16,25.0,loose jeans,Jeans
2022-01-23,29.166666666666668,loose jeans,Jeans
2022-01-30,33.33333333333333,loose jeans,Jeans
2022-02-06,33.33333333333333,loose jeans,Jeans
2022-02-13,29.166666666666668,loose jeans,Jeans
2022-02-20,33.33333333333333,loose jeans,Jeans
2022-02-27,29.166666666666668,loose jeans,Jeans
2022-03-06,29.166666666666668,loose jeans,Jeans
2022-03-13,33.33333333333333,loose jeans,Jeans
2022-03-20,29.166666666666668,loose jeans,Jeans
2022-03-27,25.0,loose jeans,Jeans
2022-04-03,29.166666666666668,loose jeans,Jeans
2022-04-10,29.166666666666668,loose jeans,Jeans
2022-04-17,29.166666666666668,loose jeans,Jeans
2022-04-24,29.166666666666668,loose jeans,Jeans
2022-05-01,25.0,loose jeans,Jeans
2022-05-08,25.0,loose jeans,Jeans
2022-05-15,25.0,loose jeans,Jeans
2022-05-22,20.833333333333336,loose jeans,Jeans
2022-05-29,25.0,loose jeans,Jeans
2022-06-05,20.833333333333336,loose jeans,Jeans
2022-06-12,20.833333333333336,loose jeans,Jeans
2022-06-19,25.0,loose jeans,Jeans
2022-06-26,20.833333333333336,loose jeans,Jeans
2022-07-03,25.0,loose jeans,Jeans
2022-07-10,25.0,loose jeans,Jeans
2022-07-17,25.0,loose jeans,Jeans
2022-07-24,29.166666666666668,loose jeans,Jeans
2022-07-31,29.166666666666668,loose jeans,Jeans
2022-08-07,33.33333333333333,loose jeans,Jeans
2022-08-14,29.166666666666668,loose jeans,Jeans
2022-08-21,29.166666666666668,loose jeans,Jeans
2022-08-28,29.166666666666668,loose jeans,Jeans
2022-09-04,33.33333333333333,loose jeans,Jeans
2022-09-11,29.166666666666668,loose jeans,Jeans
2022-09-18,33.33333333333333,loose jeans,Jeans
2022-09-25,33.33333333333333,loose jeans,Jeans
2022-10-02,33.33333333333333,loose jeans,Jeans
2022-10-09,33.33333333333333,loose jeans,Jeans
2022-10-16,33.33333333333333,loose jeans,Jeans
2022-10-23,29.166666666666668,loose jeans,Jeans
2022-10-30,29.166666666666668,loose jeans,Jeans
2022-11-06,29.166666666666668,loose jeans,Jeans
2022-11-13,33.33333333333333,loose jeans,Jeans
2022-11-20,41.66666666666667,loose jeans,Jeans
2022-11-27,33.33333333333333,loose jeans,Jeans
2022-12-04,33.33333333333333,loose jeans,Jeans
2022-12-11,33.33333333333333,loose jeans,Jeans
2022-12-18,29.166666666666668,loose jeans,Jeans
2022-12-25,41.66666666666667,loose jeans,Jeans
2023-01-01,33.33333333333333,loose jeans,Jeans
2023-01-08,33.33333333333333,loose jeans,Jeans
2023-01-15,33.33333333333333,loose jeans,Jeans
2023-01-22,33.33333333333333,loose jeans,Jeans
2023-01-29,33.33333333333333,loose jeans,Jeans
2023-02-05,33.33333333333333,loose jeans,Jeans
2023-02-12,33.33333333333333,loose jeans,Jeans
2023-02-19,37.5,loose jeans,Jeans
2023-02-26,33.33333333333333,loose jeans,Jeans
2023-03-05,37.5,loose jeans,Jeans
2023-03-12,37.5,loose jeans,Jeans
2023-03-19,33.33333333333333,loose jeans,Jeans
2023-03-26,33.33333333333333,loose jeans,Jeans
2023-04-02,33.33333333333333,loose jeans,Jeans
2023-04-09,33.33333333333333,loose jeans,Jeans
2023-04-16,33.33333333333333,loose jeans,Jeans
2023-04-23,29.166666666666668,loose jeans,Jeans
2023-04-30,29.166666666666668,loose jeans,Jeans
2023-05-07,29.166666666666668,loose jeans,Jeans
2023-05-14,29.166666666666668,loose jeans,Jeans
2023-05-21,29.166666666666668,loose jeans,Jeans
2023-05-28,29.166666666666668,loose jeans,Jeans
2023-06-04,29.166666666666668,loose jeans,Jeans
2023-06-11,25.0,loose jeans,Jeans
2023-06-18,29.166666666666668,loose jeans,Jeans
2023-06-25,29.166666666666668,loose jeans,Jeans
2023-07-02,29.166666666666668,loose jeans,Jeans
2023-07-09,33.33333333333333,loose jeans,Jeans
2023-07-16,29.166666666666668,loose jeans,Jeans
2023-07-23,33.33333333333333,loose jeans,Jeans
2023-07-30,41.66666666666667,loose jeans,Jeans
2023-08-06,41.66666666666667,loose jeans,Jeans
2023-08-13,41.66666666666667,loose jeans,Jeans
2023-08-20,37.5,loose jeans,Jeans
2023-08-27,37.5,loose jeans,Jeans
2023-09-03,37.5,loose jeans,Jeans
2023-09-10,33.33333333333333,loose jeans,Jeans
2023-09-17,45.83333333333333,loose jeans,Jeans
2023-09-24,45.83333333333333,loose jeans,Jeans
2023-10-01,45.83333333333333,loose jeans,Jeans
2023-10-08,45.83333333333333,loose jeans,Jeans
2023-10-15,41.66666666666667,loose jeans,Jeans
2023-10-22,45.83333333333333,loose jeans,Jeans
2023-10-29,41.66666666666667,loose jeans,Jeans
2023-11-05,41.66666666666667,loose jeans,Jeans
2023-11-12,50.0,loose jeans,Jeans
2023-11-19,66.66666666666666,loose jeans,Jeans
2023-11-26,58.333333333333336,loose jeans,Jeans
2023-12-03,50.0,loose jeans,Jeans
2023-12-10,50.0,loose jeans,Jeans
2023-12-17,50.0,loose jeans,Jeans
2023-12-24,62.5,loose jeans,Jeans
2023-12-31,50.0,loose jeans,Jeans
2024-01-07,45.83333333333333,loose jeans,Jeans
2024-01-14,45.83333333333333,loose jeans,Jeans
2024-01-21,45.83333333333333,loose jeans,Jeans
2024-01-28,45.83333333333333,loose jeans,Jeans
2024-02-04,45.83333333333333,loose jeans,Jeans
2024-02-11,45.83333333333333,loose jeans,Jeans
2024-02-18,45.83333333333333,loose jeans,Jeans
2024-02-25,45.83333333333333,loose jeans,Jeans
2024-03-03,45.83333333333333,loose jeans,Jeans
2024-03-10,58.333333333333336,loose jeans,Jeans
2024-03-17,45.83333333333333,loose jeans,Jeans
2024-03-24,54.166666666666664,loose jeans,Jeans
2024-03-31,50.0,loose jeans,Jeans
2024-04-07,45.83333333333333,loose jeans,Jeans
2024-04-14,41.66666666666667,loose jeans,Jeans
2024-04-21,50.0,loose jeans,Jeans
2024-04-28,45.83333333333333,loose jeans,Jeans
2024-05-05,41.66666666666667,loose jeans,Jeans
2024-05-12,45.83333333333333,loose jeans,Jeans
2024-05-19,45.83333333333333,loose jeans,Jeans
2024-05-26,41.66666666666667,loose jeans,Jeans
2024-06-02,37.5,loose jeans,Jeans
2024-06-09,37.5,loose jeans,Jeans
2024-06-16,37.5,loose jeans,Jeans
2024-06-23,41.66666666666667,loose jeans,Jeans
2024-06-30,41.66666666666667,loose jeans,Jeans
2024-07-07,41.66666666666667,loose jeans,Jeans
2024-07-14,41.66666666666667,loose jeans,Jeans
2024-07-21,45.83333333333333,loose jeans,Jeans
2024-07-28,50.0,loose jeans,Jeans
2024-08-04,62.5,loose jeans,Jeans
2024-08-11,62.5,loose jeans,Jeans
2024-08-18,58.333333333333336,loose jeans,Jeans
2024-08-25,54.166666666666664,loose jeans,Jeans
2024-09-01,58.333333333333336,loose jeans,Jeans
2024-09-08,54.166666666666664,loose jeans,Jeans
2024-09-15,58.333333333333336,loose jeans,Jeans
2024-09-22,58.333333333333336,loose jeans,Jeans
2024-09-29,54.166666666666664,loose jeans,Jeans
2024-10-06,54.166666666666664,loose jeans,Jeans
2024-10-13,58.333333333333336,loose jeans,Jeans
2024-10-20,58.333333333333336,loose jeans,Jeans
2024-10-27,58.333333333333336,loose jeans,Jeans
2024-11-03,54.166666666666664,loose jeans,Jeans
2024-11-10,66.66666666666666,loose jeans,Jeans
2024-11-17,70.83333333333334,loose jeans,Jeans
2024-11-24,100.0,loose jeans,Jeans
2024-12-01,75.0,loose jeans,Jeans
2024-12-08,62.5,loose jeans,Jeans
2024-12-15,66.66666666666666,loose jeans,Jeans
2024-12-22,66.66666666666666,loose jeans,Jeans
2024-12-29,62.5,loose jeans,Jeans
2025-01-05,54.166666666666664,loose jeans,Jeans
2025-01-12,54.166666666666664,loose jeans,Jeans
2025-01-19,54.166666666666664,loose jeans,Jeans
2025-01-26,54.166666666666664,loose jeans,Jeans
2025-02-02,54.166666666666664,loose jeans,Jeans
2025-02-09,54.166666666666664,loose jeans,Jeans
2025-02-16,58.333333333333336,loose jeans,Jeans
2020-02-16,29.72972972972973,straight jeans,Jeans
2020-02-23,27.027027027027028,straight jeans,Jeans
2020-03-01,27.027027027027028,straight jeans,Jeans
2020-03-08,21.62162162162162,straight jeans,Jeans
2020-03-15,16.216216216216218,straight jeans,Jeans
2020-03-22,16.216216216216218,straight jeans,Jeans
2020-03-29,17.56756756756757,straight jeans,Jeans
2020-04-05,18.91891891891892,straight jeans,Jeans
2020-04-12,18.91891891891892,straight jeans,Jeans
2020-04-19,18.91891891891892,straight jeans,Jeans
2020-04-26,22.972972972972975,straight jeans,Jeans
2020-05-03,24.324324324324326,straight jeans,Jeans
2020-05-10,25.675675675675674,straight jeans,Jeans
2020-05-17,24.324324324324326,straight jeans,Jeans
2020-05-24,21.62162162162162,straight jeans,Jeans
2020-05-31,20.27027027027027,straight jeans,Jeans
2020-06-07,21.62162162162162,straight jeans,Jeans
2020-06-14,25.675675675675674,straight jeans,Jeans
2020-06-21,22.972972972972975,straight jeans,Jeans
2020-06-28,25.675675675675674,straight jeans,Jeans
2020-07-05,22.972972972972975,straight jeans,Jeans
2020-07-12,27.027027027027028,straight jeans,Jeans
2020-07-19,27.027027027027028,straight jeans,Jeans
2020-07-26,28.37837837837838,straight jeans,Jeans
2020-08-02,29.72972972972973,straight jeans,Jeans
2020-08-09,29.72972972972973,straight jeans,Jeans
2020-08-16,28.37837837837838,straight jeans,Jeans
2020-08-23,27.027027027027028,straight jeans,Jeans
2020-08-30,28.37837837837838,straight jeans,Jeans
2020-09-06,28.37837837837838,straight jeans,Jeans
2020-09-13,32.432432432432435,straight jeans,Jeans
2020-09-20,35.13513513513514,straight jeans,Jeans
2020-09-27,35.13513513513514,straight jeans,Jeans
2020-10-04,40.54054054054054,straight jeans,Jeans
2020-10-11,40.54054054054054,straight jeans,Jeans
2020-10-18,39.189189189189186,straight jeans,Jeans
2020-10-25,36.486486486486484,straight jeans,Jeans
2020-11-01,28.37837837837838,straight jeans,Jeans
2020-11-08,35.13513513513514,straight jeans,Jeans
2020-11-15,41.891891891891895,straight jeans,Jeans
2020-11-22,55.4054054054054,straight jeans,Jeans
2020-11-29,45.94594594594595,straight jeans,Jeans
2020-12-06,70.27027027027027,straight jeans,Jeans
2020-12-13,43.24324324324324,straight jeans,Jeans
2020-12-20,40.54054054054054,straight jeans,Jeans
2020-12-27,48.64864864864865,straight jeans,Jeans
2021-01-03,41.891891891891895,straight jeans,Jeans
2021-01-10,41.891891891891895,straight jeans,Jeans
2021-01-17,41.891891891891895,straight jeans,Jeans
2021-01-24,43.24324324324324,straight jeans,Jeans
2021-01-31,41.891891891891895,straight jeans,Jeans
2021-02-07,43.24324324324324,straight jeans,Jeans
2021-02-14,50.0,straight jeans,Jeans
2021-02-21,50.0,straight jeans,Jeans
2021-02-28,48.64864864864865,straight jeans,Jeans
2021-03-07,51.35135135135135,straight jeans,Jeans
2021-03-14,54.054054054054056,straight jeans,Jeans
2021-03-21,50.0,straight jeans,Jeans
2021-03-28,47.2972972972973,straight jeans,Jeans
2021-04-04,47.2972972972973,straight jeans,Jeans
2021-04-11,47.2972972972973,straight jeans,Jeans
2021-04-18,48.64864864864865,straight jeans,Jeans
2021-04-25,44.5945945945946,straight jeans,Jeans
2021-05-02,45.94594594594595,straight jeans,Jeans
2021-05-09,44.5945945945946,straight jeans,Jeans
2021-05-16,41.891891891891895,straight jeans,Jeans
2021-05-23,37.83783783783784,straight jeans,Jeans
2021-05-30,37.83783783783784,straight jeans,Jeans
2021-06-06,32.432432432432435,straight jeans,Jeans
2021-06-13,32.432432432432435,straight jeans,Jeans
2021-06-20,33.78378378378378,straight jeans,Jeans
2021-06-27,35.13513513513514,straight jeans,Jeans
2021-07-04,32.432432432432435,straight jeans,Jeans
2021-07-11,35.13513513513514,straight jeans,Jeans
2021-07-18,37.83783783783784,straight jeans,Jeans
2021-07-25,40.54054054054054,straight jeans,Jeans
2021-08-01,47.2972972972973,straight jeans,Jeans
2021-08-08,44.5945945945946,straight jeans,Jeans
2021-08-15,51.35135135135135,straight jeans,Jeans
2021-08-22,47.2972972972973,straight jeans,Jeans
2021-08-29,47.2972972972973,straight jeans,Jeans
2021-09-05,50.0,straight jeans,Jeans
2021-09-12,51.35135135135135,straight jeans,Jeans
2021-09-19,50.0,straight jeans,Jeans
2021-09-26,52.702702702702695,straight jeans,Jeans
2021-10-03,54.054054054054056,straight jeans,Jeans
2021-10-10,55.4054054054054,straight jeans,Jeans
2021-10-17,55.4054054054054,straight jeans,Jeans
2021-10-24,50.0,straight jeans,Jeans
2021-10-31,55.4054054054054,straight jeans,Jeans
2021-11-07,62.16216216216216,straight jeans,Jeans
2021-11-14,59.45945945945946,straight jeans,Jeans
2021-11-21,81.08108108108108,straight jeans,Jeans
2021-11-28,66.21621621621621,straight jeans,Jeans
2021-12-05,62.16216216216216,straight jeans,Jeans
2021-12-12,52.702702702702695,straight jeans,Jeans
2021-12-19,50.0,straight jeans,Jeans
2021-12-26,63.51351351351351,straight jeans,Jeans
2022-01-02,56.75675675675676,straight jeans,Jeans
2022-01-09,58.108108108108105,straight jeans,Jeans
2022-01-16,50.0,straight jeans,Jeans
2022-01-23,56.75675675675676,straight jeans,Jeans
2022-01-30,58.108108108108105,straight jeans,Jeans
2022-02-06,58.108108108108105,straight jeans,Jeans
2022-02-13,59.45945945945946,straight jeans,Jeans
2022-02-20,64.86486486486487,straight jeans,Jeans
2022-02-27,60.810810810810814,straight jeans,Jeans
2022-03-06,58.108108108108105,straight jeans,Jeans
2022-03-13,62.16216216216216,straight jeans,Jeans
2022-03-20,56.75675675675676,straight jeans,Jeans
2022-03-27,54.054054054054056,straight jeans,Jeans
2022-04-03,55.4054054054054,straight jeans,Jeans
2022-04-10,48.64864864864865,straight jeans,Jeans
2022-04-17,47.2972972972973,straight jeans,Jeans
2022-04-24,48.64864864864865,straight jeans,Jeans
2022-05-01,44.5945945945946,straight jeans,Jeans
2022-05-08,41.891891891891895,straight jeans,Jeans
2022-05-15,36.486486486486484,straight jeans,Jeans
2022-05-22,36.486486486486484,straight jeans,Jeans
2022-05-29,36.486486486486484,straight jeans,Jeans
2022-06-05,35.13513513513514,straight jeans,Jeans
2022-06-12,32.432432432432435,straight jeans,Jeans
2022-06-19,35.13513513513514,straight jeans,Jeans
2022-06-26,33.78378378378378,straight jeans,Jeans
2022-07-03,35.13513513513514,straight jeans,Jeans
2022-07-10,40.54054054054054,straight jeans,Jeans
2022-07-17,41.891891891891895,straight jeans,Jeans
2022-07-24,47.2972972972973,straight jeans,Jeans
2022-07-31,54.054054054054056,straight jeans,Jeans
2022-08-07,52.702702702702695,straight jeans,Jeans
2022-08-14,52.702702702702695,straight jeans,Jeans
2022-08-21,52.702702702702695,straight jeans,Jeans
2022-08-28,52.702702702702695,straight jeans,Jeans
2022-09-04,54.054054054054056,straight jeans,Jeans
2022-09-11,54.054054054054056,straight jeans,Jeans
2022-09-18,54.054054054054056,straight jeans,Jeans
2022-09-25,60.810810810810814,straight jeans,Jeans
2022-10-02,64.86486486486487,straight jeans,Jeans
2022-10-09,62.16216216216216,straight jeans,Jeans
2022-10-16,66.21621621621621,straight jeans,Jeans
2022-10-23,58.108108108108105,straight jeans,Jeans
2022-10-30,55.4054054054054,straight jeans,Jeans
2022-11-06,60.810810810810814,straight jeans,Jeans
2022-11-13,63.51351351351351,straight jeans,Jeans
2022-11-20,87.83783783783784,straight jeans,Jeans
2022-11-27,71.62162162162163,straight jeans,Jeans
2022-12-04,64.86486486486487,straight jeans,Jeans
2022-12-11,64.86486486486487,straight jeans,Jeans
2022-12-18,56.75675675675676,straight jeans,Jeans
2022-12-25,70.27027027027027,straight jeans,Jeans
2023-01-01,59.45945945945946,straight jeans,Jeans
2023-01-08,60.810810810810814,straight jeans,Jeans
2023-01-15,59.45945945945946,straight jeans,Jeans
2023-01-22,58.108108108108105,straight jeans,Jeans
2023-01-29,59.45945945945946,straight jeans,Jeans
2023-02-05,54.054054054054056,straight jeans,Jeans
2023-02-12,56.75675675675676,straight jeans,Jeans
2023-02-19,62.16216216216216,straight jeans,Jeans
2023-02-26,56.75675675675676,straight jeans,Jeans
2023-03-05,58.108108108108105,straight jeans,Jeans
2023-03-12,55.4054054054054,straight jeans,Jeans
2023-03-19,56.75675675675676,straight jeans,Jeans
2023-03-26,52.702702702702695,straight jeans,Jeans
2023-04-02,50.0,straight jeans,Jeans
2023-04-09,50.0,straight jeans,Jeans
2023-04-16,48.64864864864865,straight jeans,Jeans
2023-04-23,48.64864864864865,straight jeans,Jeans
2023-04-30,48.64864864864865,straight jeans,Jeans
2023-05-07,43.24324324324324,straight jeans,Jeans
2023-05-14,43.24324324324324,straight jeans,Jeans
2023-05-21,44.5945945945946,straight jeans,Jeans
2023-05-28,43.24324324324324,straight jeans,Jeans
2023-06-04,40.54054054054054,straight jeans,Jeans
2023-06-11,40.54054054054054,straight jeans,Jeans
2023-06-18,40.54054054054054,straight jeans,Jeans
2023-06-25,39.189189189189186,straight jeans,Jeans
2023-07-02,39.189189189189186,straight jeans,Jeans
2023-07-09,39.189189189189186,straight jeans,Jeans
2023-07-16,44.5945945945946,straight jeans,Jeans
2023-07-23,48.64864864864865,straight jeans,Jeans
2023-07-30,51.35135135135135,straight jeans,Jeans
2023-08-06,51.35135135135135,straight jeans,Jeans
2023-08-13,54.054054054054056,straight jeans,Jeans
2023-08-20,54.054054054054056,straight jeans,Jeans
2023-08-27,48.64864864864865,straight jeans,Jeans
2023-09-03,55.4054054054054,straight jeans,Jeans
2023-09-10,55.4054054054054,straight jeans,Jeans
2023-09-17,60.810810810810814,straight jeans,Jeans
2023-09-24,63.51351351351351,straight jeans,Jeans
2023-10-01,63.51351351351351,straight jeans,Jeans
2023-10-08,70.27027027027027,straight jeans,Jeans
2023-10-15,68.91891891891892,straight jeans,Jeans
2023-10-22,64.86486486486487,straight jeans,Jeans
2023-10-29,63.51351351351351,straight jeans,Jeans
2023-11-05,68.91891891891892,straight jeans,Jeans
2023-11-12,71.62162162162163,straight jeans,Jeans
2023-11-19,86.48648648648648,straight jeans,Jeans
2023-11-26,79.72972972972973,straight jeans,Jeans
2023-12-03,71.62162162162163,straight jeans,Jeans
2023-12-10,68.91891891891892,straight jeans,Jeans
2023-12-17,60.810810810810814,straight jeans,Jeans
2023-12-24,74.32432432432432,straight jeans,Jeans
2023-12-31,68.91891891891892,straight jeans,Jeans
2024-01-07,63.51351351351351,straight jeans,Jeans
2024-01-14,66.21621621621621,straight jeans,Jeans
2024-01-21,64.86486486486487,straight jeans,Jeans
2024-01-28,63.51351351351351,straight jeans,Jeans
2024-02-04,60.810810810810814,straight jeans,Jeans
2024-02-11,58.108108108108105,straight jeans,Jeans
2024-02-18,66.21621621621621,straight jeans,Jeans
2024-02-25,63.51351351351351,straight jeans,Jeans
2024-03-03,60.810810810810814,straight jeans,Jeans
2024-03-10,60.810810810810814,straight jeans,Jeans
2024-03-17,59.45945945945946,straight jeans,Jeans
2024-03-24,59.45945945945946,straight jeans,Jeans
2024-03-31,54.054054054054056,straight jeans,Jeans
2024-04-07,52.702702702702695,straight jeans,Jeans
2024-04-14,48.64864864864865,straight jeans,Jeans
2024-04-21,54.054054054054056,straight jeans,Jeans
2024-04-28,48.64864864864865,straight jeans,Jeans
2024-05-05,45.94594594594595,straight jeans,Jeans
2024-05-12,45.94594594594595,straight jeans,Jeans
2024-05-19,45.94594594594595,straight jeans,Jeans
2024-05-26,40.54054054054054,straight jeans,Jeans
2024-06-02,40.54054054054054,straight jeans,Jeans
2024-06-09,39.189189189189186,straight jeans,Jeans
2024-06-16,37.83783783783784,straight jeans,Jeans
2024-06-23,37.83783783783784,straight jeans,Jeans
2024-06-30,40.54054054054054,straight jeans,Jeans
2024-07-07,39.189189189189186,straight jeans,Jeans
2024-07-14,41.891891891891895,straight jeans,Jeans
2024-07-21,48.64864864864865,straight jeans,Jeans
2024-07-28,50.0,straight jeans,Jeans
2024-08-04,54.054054054054056,straight jeans,Jeans
2024-08-11,59.45945945945946,straight jeans,Jeans
2024-08-18,60.810810810810814,straight jeans,Jeans
2024-08-25,58.108108108108105,straight jeans,Jeans
2024-09-01,59.45945945945946,straight jeans,Jeans
2024-09-08,62.16216216216216,straight jeans,Jeans
2024-09-15,63.51351351351351,straight jeans,Jeans
2024-09-22,67.56756756756756,straight jeans,Jeans
2024-09-29,63.51351351351351,straight jeans,Jeans
2024-10-06,66.21621621621621,straight jeans,Jeans
2024-10-13,72.97297297297297,straight jeans,Jeans
2024-10-20,71.62162162162163,straight jeans,Jeans
2024-10-27,68.91891891891892,straight jeans,Jeans
2024-11-03,62.16216216216216,straight jeans,Jeans
2024-11-10,75.67567567567568,straight jeans,Jeans
2024-11-17,78.37837837837837,straight jeans,Jeans
2024-11-24,100.0,straight jeans,Jeans
2024-12-01,85.13513513513513,straight jeans,Jeans
2024-12-08,75.67567567567568,straight jeans,Jeans
2024-12-15,70.27027027027027,straight jeans,Jeans
2024-12-22,75.67567567567568,straight jeans,Jeans
2024-12-29,83.78378378378379,straight jeans,Jeans
2025-01-05,67.56756756756756,straight jeans,Jeans
2025-01-12,66.21621621621621,straight jeans,Jeans
2025-01-19,67.56756756756756,straight jeans,Jeans
2025-01-26,67.56756756756756,straight jeans,Jeans
2025-02-02,67.56756756756756,straight jeans,Jeans
2025-02-09,63.51351351351351,straight jeans,Jeans
2025-02-16,68.91891891891892,straight jeans,Jeans
2020-02-16,50.0,slim jeans,Jeans
2020-02-23,44.73684210526316,slim jeans,Jeans
2020-03-01,42.10526315789473,slim jeans,Jeans
2020-03-08,39.473684210526315,slim jeans,Jeans
2020-03-15,23.684210526315788,slim jeans,Jeans
2020-03-22,23.684210526315788,slim jeans,Jeans
2020-03-29,26.31578947368421,slim jeans,Jeans
2020-04-05,26.31578947368421,slim jeans,Jeans
2020-04-12,31.57894736842105,slim jeans,Jeans
2020-04-19,34.21052631578947,slim jeans,Jeans
2020-04-26,34.21052631578947,slim jeans,Jeans
2020-05-03,34.21052631578947,slim jeans,Jeans
2020-05-10,42.10526315789473,slim jeans,Jeans
2020-05-17,36.84210526315789,slim jeans,Jeans
2020-05-24,34.21052631578947,slim jeans,Jeans
2020-05-31,28.947368421052634,slim jeans,Jeans
2020-06-07,34.21052631578947,slim jeans,Jeans
2020-06-14,39.473684210526315,slim jeans,Jeans
2020-06-21,36.84210526315789,slim jeans,Jeans
2020-06-28,39.473684210526315,slim jeans,Jeans
2020-07-05,36.84210526315789,slim jeans,Jeans
2020-07-12,39.473684210526315,slim jeans,Jeans
2020-07-19,36.84210526315789,slim jeans,Jeans
2020-07-26,36.84210526315789,slim jeans,Jeans
2020-08-02,39.473684210526315,slim jeans,Jeans
2020-08-09,39.473684210526315,slim jeans,Jeans
2020-08-16,39.473684210526315,slim jeans,Jeans
2020-08-23,36.84210526315789,slim jeans,Jeans
2020-08-30,39.473684210526315,slim jeans,Jeans
2020-09-06,42.10526315789473,slim jeans,Jeans
2020-09-13,42.10526315789473,slim jeans,Jeans
2020-09-20,42.10526315789473,slim jeans,Jeans
2020-09-27,50.0,slim jeans,Jeans
2020-10-04,52.63157894736842,slim jeans,Jeans
2020-10-11,50.0,slim jeans,Jeans
2020-10-18,50.0,slim jeans,Jeans
2020-10-25,47.368421052631575,slim jeans,Jeans
2020-11-01,39.473684210526315,slim jeans,Jeans
2020-11-08,52.63157894736842,slim jeans,Jeans
2020-11-15,55.26315789473685,slim jeans,Jeans
2020-11-22,68.42105263157895,slim jeans,Jeans
2020-11-29,65.78947368421053,slim jeans,Jeans
2020-12-06,63.1578947368421,slim jeans,Jeans
2020-12-13,57.89473684210527,slim jeans,Jeans
2020-12-20,52.63157894736842,slim jeans,Jeans
2020-12-27,60.526315789473685,slim jeans,Jeans
2021-01-03,44.73684210526316,slim jeans,Jeans
2021-01-10,47.368421052631575,slim jeans,Jeans
2021-01-17,44.73684210526316,slim jeans,Jeans
2021-01-24,47.368421052631575,slim jeans,Jeans
2021-01-31,47.368421052631575,slim jeans,Jeans
2021-02-07,44.73684210526316,slim jeans,Jeans
2021-02-14,50.0,slim jeans,Jeans
2021-02-21,52.63157894736842,slim jeans,Jeans
2021-02-28,47.368421052631575,slim jeans,Jeans
2021-03-07,55.26315789473685,slim jeans,Jeans
2021-03-14,52.63157894736842,slim jeans,Jeans
2021-03-21,47.368421052631575,slim jeans,Jeans
2021-03-28,50.0,slim jeans,Jeans
2021-04-04,47.368421052631575,slim jeans,Jeans
2021-04-11,52.63157894736842,slim jeans,Jeans
2021-04-18,47.368421052631575,slim jeans,Jeans
2021-04-25,52.63157894736842,slim jeans,Jeans
2021-05-02,44.73684210526316,slim jeans,Jeans
2021-05-09,47.368421052631575,slim jeans,Jeans
2021-05-16,44.73684210526316,slim jeans,Jeans
2021-05-23,44.73684210526316,slim jeans,Jeans
2021-05-30,42.10526315789473,slim jeans,Jeans
2021-06-06,42.10526315789473,slim jeans,Jeans
2021-06-13,39.473684210526315,slim jeans,Jeans
2021-06-20,39.473684210526315,slim jeans,Jeans
2021-06-27,42.10526315789473,slim jeans,Jeans
2021-07-04,39.473684210526315,slim jeans,Jeans
2021-07-11,42.10526315789473,slim jeans,Jeans
2021-07-18,39.473684210526315,slim jeans,Jeans
2021-07-25,47.368421052631575,slim jeans,Jeans
2021-08-01,47.368421052631575,slim jeans,Jeans
2021-08-08,47.368421052631575,slim jeans,Jeans
2021-08-15,50.0,slim jeans,Jeans
2021-08-22,47.368421052631575,slim jeans,Jeans
2021-08-29,52.63157894736842,slim jeans,Jeans
2021-09-05,50.0,slim jeans,Jeans
2021-09-12,52.63157894736842,slim jeans,Jeans
2021-09-19,50.0,slim jeans,Jeans
2021-09-26,60.526315789473685,slim jeans,Jeans
2021-10-03,57.89473684210527,slim jeans,Jeans
2021-10-10,63.1578947368421,slim jeans,Jeans
2021-10-17,63.1578947368421,slim jeans,Jeans
2021-10-24,60.526315789473685,slim jeans,Jeans
2021-10-31,65.78947368421053,slim jeans,Jeans
2021-11-07,65.78947368421053,slim jeans,Jeans
2021-11-14,68.42105263157895,slim jeans,Jeans
2021-11-21,94.73684210526315,slim jeans,Jeans
2021-11-28,86.8421052631579,slim jeans,Jeans
2021-12-05,76.31578947368422,slim jeans,Jeans
2021-12-12,71.05263157894737,slim jeans,Jeans
2021-12-19,63.1578947368421,slim jeans,Jeans
2021-12-26,63.1578947368421,slim jeans,Jeans
2022-01-02,63.1578947368421,slim jeans,Jeans
2022-01-09,57.89473684210527,slim jeans,Jeans
2022-01-16,50.0,slim jeans,Jeans
2022-01-23,57.89473684210527,slim jeans,Jeans
2022-01-30,50.0,slim jeans,Jeans
2022-02-06,63.1578947368421,slim jeans,Jeans
2022-02-13,57.89473684210527,slim jeans,Jeans
2022-02-20,57.89473684210527,slim jeans,Jeans
2022-02-27,57.89473684210527,slim jeans,Jeans
2022-03-06,52.63157894736842,slim jeans,Jeans
2022-03-13,57.89473684210527,slim jeans,Jeans
2022-03-20,57.89473684210527,slim jeans,Jeans
2022-03-27,55.26315789473685,slim jeans,Jeans
2022-04-03,52.63157894736842,slim jeans,Jeans
2022-04-10,52.63157894736842,slim jeans,Jeans
2022-04-17,47.368421052631575,slim jeans,Jeans
2022-04-24,47.368421052631575,slim jeans,Jeans
2022-05-01,47.368421052631575,slim jeans,Jeans
2022-05-08,44.73684210526316,slim jeans,Jeans
2022-05-15,39.473684210526315,slim jeans,Jeans
2022-05-22,39.473684210526315,slim jeans,Jeans
2022-05-29,36.84210526315789,slim jeans,Jeans
2022-06-05,36.84210526315789,slim jeans,Jeans
2022-06-12,36.84210526315789,slim jeans,Jeans
2022-06-19,36.84210526315789,slim jeans,Jeans
2022-06-26,34.21052631578947,slim jeans,Jeans
2022-07-03,36.84210526315789,slim jeans,Jeans
2022-07-10,39.473684210526315,slim jeans,Jeans
2022-07-17,42.10526315789473,slim jeans,Jeans
2022-07-24,44.73684210526316,slim jeans,Jeans
2022-07-31,47.368421052631575,slim jeans,Jeans
2022-08-07,52.63157894736842,slim jeans,Jeans
2022-08-14,47.368421052631575,slim jeans,Jeans
2022-08-21,44.73684210526316,slim jeans,Jeans
2022-08-28,44.73684210526316,slim jeans,Jeans
2022-09-04,44.73684210526316,slim jeans,Jeans
2022-09-11,50.0,slim jeans,Jeans
2022-09-18,55.26315789473685,slim jeans,Jeans
2022-09-25,55.26315789473685,slim jeans,Jeans
2022-10-02,55.26315789473685,slim jeans,Jeans
2022-10-09,57.89473684210527,slim jeans,Jeans
2022-10-16,60.526315789473685,slim jeans,Jeans
2022-10-23,57.89473684210527,slim jeans,Jeans
2022-10-30,57.89473684210527,slim jeans,Jeans
2022-11-06,55.26315789473685,slim jeans,Jeans
2022-11-13,60.526315789473685,slim jeans,Jeans
2022-11-20,81.57894736842105,slim jeans,Jeans
2022-11-27,76.31578947368422,slim jeans,Jeans
2022-12-04,65.78947368421053,slim jeans,Jeans
2022-12-11,63.1578947368421,slim jeans,Jeans
2022-12-18,63.1578947368421,slim jeans,Jeans
2022-12-25,65.78947368421053,slim jeans,Jeans
2023-01-01,55.26315789473685,slim jeans,Jeans
2023-01-08,57.89473684210527,slim jeans,Jeans
2023-01-15,52.63157894736842,slim jeans,Jeans
2023-01-22,52.63157894736842,slim jeans,Jeans
2023-01-29,55.26315789473685,slim jeans,Jeans
2023-02-05,50.0,slim jeans,Jeans
2023-02-12,55.26315789473685,slim jeans,Jeans
2023-02-19,55.26315789473685,slim jeans,Jeans
2023-02-26,50.0,slim jeans,Jeans
2023-03-05,52.63157894736842,slim jeans,Jeans
2023-03-12,52.63157894736842,slim jeans,Jeans
2023-03-19,52.63157894736842,slim jeans,Jeans
2023-03-26,50.0,slim jeans,Jeans
2023-04-02,44.73684210526316,slim jeans,Jeans
2023-04-09,42.10526315789473,slim jeans,Jeans
2023-04-16,44.73684210526316,slim jeans,Jeans
2023-04-23,44.73684210526316,slim jeans,Jeans
2023-04-30,42.10526315789473,slim jeans,Jeans
2023-05-07,39.473684210526315,slim jeans,Jeans
2023-05-14,42.10526315789473,slim jeans,Jeans
2023-05-21,42.10526315789473,slim jeans,Jeans
2023-05-28,42.10526315789473,slim jeans,Jeans
2023-06-04,36.84210526315789,slim jeans,Jeans
2023-06-11,42.10526315789473,slim jeans,Jeans
2023-06-18,42.10526315789473,slim jeans,Jeans
2023-06-25,36.84210526315789,slim jeans,Jeans
2023-07-02,39.473684210526315,slim jeans,Jeans
2023-07-09,39.473684210526315,slim jeans,Jeans
2023-07-16,39.473684210526315,slim jeans,Jeans
2023-07-23,42.10526315789473,slim jeans,Jeans
2023-07-30,44.73684210526316,slim jeans,Jeans
2023-08-06,44.73684210526316,slim jeans,Jeans
2023-08-13,42.10526315789473,slim jeans,Jeans
2023-08-20,47.368421052631575,slim jeans,Jeans
2023-08-27,44.73684210526316,slim jeans,Jeans
2023-09-03,44.73684210526316,slim jeans,Jeans
2023-09-10,44.73684210526316,slim jeans,Jeans
2023-09-17,50.0,slim jeans,Jeans
2023-09-24,52.63157894736842,slim jeans,Jeans
2023-10-01,50.0,slim jeans,Jeans
2023-10-08,63.1578947368421,slim jeans,Jeans
2023-10-15,63.1578947368421,slim jeans,Jeans
2023-10-22,57.89473684210527,slim jeans,Jeans
2023-10-29,55.26315789473685,slim jeans,Jeans
2023-11-05,60.526315789473685,slim jeans,Jeans
2023-11-12,63.1578947368421,slim jeans,Jeans
2023-11-19,89.47368421052632,slim jeans,Jeans
2023-11-26,78.94736842105263,slim jeans,Jeans
2023-12-03,65.78947368421053,slim jeans,Jeans
2023-12-10,71.05263157894737,slim jeans,Jeans
2023-12-17,65.78947368421053,slim jeans,Jeans
2023-12-24,71.05263157894737,slim jeans,Jeans
2023-12-31,57.89473684210527,slim jeans,Jeans
2024-01-07,52.63157894736842,slim jeans,Jeans
2024-01-14,55.26315789473685,slim jeans,Jeans
2024-01-21,52.63157894736842,slim jeans,Jeans
2024-01-28,52.63157894736842,slim jeans,Jeans
2024-02-04,52.63157894736842,slim jeans,Jeans
2024-02-11,50.0,slim jeans,Jeans
2024-02-18,55.26315789473685,slim jeans,Jeans
2024-02-25,55.26315789473685,slim jeans,Jeans
2024-03-03,52.63157894736842,slim jeans,Jeans
2024-03-10,50.0,slim jeans,Jeans
2024-03-17,50.0,slim jeans,Jeans
2024-03-24,52.63157894736842,slim jeans,Jeans
2024-03-31,50.0,slim jeans,Jeans
2024-04-07,44.73684210526316,slim jeans,Jeans
2024-04-14,44.73684210526316,slim jeans,Jeans
2024-04-21,47.368421052631575,slim jeans,Jeans
2024-04-28,44.73684210526316,slim jeans,Jeans
2024-05-05,42.10526315789473,slim jeans,Jeans
2024-05-12,44.73684210526316,slim jeans,Jeans
2024-05-19,42.10526315789473,slim jeans,Jeans
2024-05-26,42.10526315789473,slim jeans,Jeans
2024-06-02,42.10526315789473,slim jeans,Jeans
2024-06-09,42.10526315789473,slim jeans,Jeans
2024-06-16,36.84210526315789,slim jeans,Jeans
2024-06-23,36.84210526315789,slim jeans,Jeans
2024-06-30,39.473684210526315,slim jeans,Jeans
2024-07-07,39.473684210526315,slim jeans,Jeans
2024-07-14,39.473684210526315,slim jeans,Jeans
2024-07-21,44.73684210526316,slim jeans,Jeans
2024-07-28,47.368421052631575,slim jeans,Jeans
2024-08-04,50.0,slim jeans,Jeans
2024-08-11,50.0,slim jeans,Jeans
2024-08-18,47.368421052631575,slim jeans,Jeans
2024-08-25,55.26315789473685,slim jeans,Jeans
2024-09-01,55.26315789473685,slim jeans,Jeans
2024-09-08,55.26315789473685,slim jeans,Jeans
2024-09-15,47.368421052631575,slim jeans,Jeans
2024-09-22,57.89473684210527,slim jeans,Jeans
2024-09-29,60.526315789473685,slim jeans,Jeans
2024-10-06,60.526315789473685,slim jeans,Jeans
2024-10-13,63.1578947368421,slim jeans,Jeans
2024-10-20,63.1578947368421,slim jeans,Jeans
2024-10-27,60.526315789473685,slim jeans,Jeans
2024-11-03,57.89473684210527,slim jeans,Jeans
2024-11-10,68.42105263157895,slim jeans,Jeans
2024-11-17,71.05263157894737,slim jeans,Jeans
2024-11-24,100.0,slim jeans,Jeans
2024-12-01,81.57894736842105,slim jeans,Jeans
2024-12-08,73.68421052631578,slim jeans,Jeans
2024-12-15,71.05263157894737,slim jeans,Jeans
2024-12-22,71.05263157894737,slim jeans,Jeans
2024-12-29,76.31578947368422,slim jeans,Jeans
2025-01-05,57.89473684210527,slim jeans,Jeans
2025-01-12,57.89473684210527,slim jeans,Jeans
2025-01-19,57.89473684210527,slim jeans,Jeans
2025-01-26,55.26315789473685,slim jeans,Jeans
2025-02-02,57.89473684210527,slim jeans,Jeans
2025-02-09,57.89473684210527,slim jeans,Jeans
2025-02-16,63.1578947368421,slim jeans,Jeans
2020-02-16,86.66666666666667,distressed jeans,Jeans
2020-02-23,86.66666666666667,distressed jeans,Jeans
2020-03-01,86.66666666666667,distressed jeans,Jeans
2020-03-08,73.33333333333333,distressed jeans,Jeans
2020-03-15,53.333333333333336,distressed jeans,Jeans
2020-03-22,53.333333333333336,distressed jeans,Jeans
2020-03-29,53.333333333333336,distressed jeans,Jeans
2020-04-05,66.66666666666666,distressed jeans,Jeans
2020-04-12,66.66666666666666,distressed jeans,Jeans
2020-04-19,73.33333333333333,distressed jeans,Jeans
2020-04-26,80.0,distressed jeans,Jeans
2020-05-03,80.0,distressed jeans,Jeans
2020-05-10,86.66666666666667,distressed jeans,Jeans
2020-05-17,86.66666666666667,distressed jeans,Jeans
2020-05-24,80.0,distressed jeans,Jeans
2020-05-31,80.0,distressed jeans,Jeans
2020-06-07,86.66666666666667,distressed jeans,Jeans
2020-06-14,86.66666666666667,distressed jeans,Jeans
2020-06-21,86.66666666666667,distressed jeans,Jeans
2020-06-28,86.66666666666667,distressed jeans,Jeans
2020-07-05,80.0,distressed jeans,Jeans
2020-07-12,80.0,distressed jeans,Jeans
2020-07-19,86.66666666666667,distressed jeans,Jeans
2020-07-26,80.0,distressed jeans,Jeans
2020-08-02,80.0,distressed jeans,Jeans
2020-08-09,73.33333333333333,distressed jeans,Jeans
2020-08-16,86.66666666666667,distressed jeans,Jeans
2020-08-23,73.33333333333333,distressed jeans,Jeans
2020-08-30,73.33333333333333,distressed jeans,Jeans
2020-09-06,80.0,distressed jeans,Jeans
2020-09-13,86.66666666666667,distressed jeans,Jeans
2020-09-20,93.33333333333333,distressed jeans,Jeans
2020-09-27,86.66666666666667,distressed jeans,Jeans
2020-10-04,100.0,distressed jeans,Jeans
2020-10-11,93.33333333333333,distressed jeans,Jeans
2020-10-18,86.66666666666667,distressed jeans,Jeans
2020-10-25,80.0,distressed jeans,Jeans
2020-11-01,66.66666666666666,distressed jeans,Jeans
2020-11-08,73.33333333333333,distressed jeans,Jeans
2020-11-15,80.0,distressed jeans,Jeans
2020-11-22,86.66666666666667,distressed jeans,Jeans
2020-11-29,86.66666666666667,distressed jeans,Jeans
2020-12-06,73.33333333333333,distressed jeans,Jeans
2020-12-13,73.33333333333333,distressed jeans,Jeans
2020-12-20,60.0,distressed jeans,Jeans
2020-12-27,80.0,distressed jeans,Jeans
2021-01-03,66.66666666666666,distressed jeans,Jeans
2021-01-10,73.33333333333333,distressed jeans,Jeans
2021-01-17,73.33333333333333,distressed jeans,Jeans
2021-01-24,66.66666666666666,distressed jeans,Jeans
2021-01-31,80.0,distressed jeans,Jeans
2021-02-07,73.33333333333333,distressed jeans,Jeans
2021-02-14,73.33333333333333,distressed jeans,Jeans
2021-02-21,73.33333333333333,distressed jeans,Jeans
2021-02-28,80.0,distressed jeans,Jeans
2021-03-07,80.0,distressed jeans,Jeans
2021-03-14,93.33333333333333,distressed jeans,Jeans
2021-03-21,93.33333333333333,distressed jeans,Jeans
2021-03-28,86.66666666666667,distressed jeans,Jeans
2021-04-04,86.66666666666667,distressed jeans,Jeans
2021-04-11,86.66666666666667,distressed jeans,Jeans
2021-04-18,93.33333333333333,distressed jeans,Jeans
2021-04-25,80.0,distressed jeans,Jeans
2021-05-02,73.33333333333333,distressed jeans,Jeans
2021-05-09,80.0,distressed jeans,Jeans
2021-05-16,73.33333333333333,distressed jeans,Jeans
2021-05-23,73.33333333333333,distressed jeans,Jeans
2021-05-30,80.0,distressed jeans,Jeans
2021-06-06,60.0,distressed jeans,Jeans
2021-06-13,66.66666666666666,distressed jeans,Jeans
2021-06-20,60.0,distressed jeans,Jeans
2021-06-27,73.33333333333333,distressed jeans,Jeans
2021-07-04,66.66666666666666,distressed jeans,Jeans
2021-07-11,73.33333333333333,distressed jeans,Jeans
2021-07-18,73.33333333333333,distressed jeans,Jeans
2021-07-25,86.66666666666667,distressed jeans,Jeans
2021-08-01,80.0,distressed jeans,Jeans
2021-08-08,100.0,distressed jeans,Jeans
2021-08-15,93.33333333333333,distressed jeans,Jeans
2021-08-22,86.66666666666667,distressed jeans,Jeans
2021-08-29,86.66666666666667,distressed jeans,Jeans
2021-09-05,86.66666666666667,distressed jeans,Jeans
2021-09-12,86.66666666666667,distressed jeans,Jeans
2021-09-19,86.66666666666667,distressed jeans,Jeans
2021-09-26,86.66666666666667,distressed jeans,Jeans
2021-10-03,86.66666666666667,distressed jeans,Jeans
2021-10-10,73.33333333333333,distressed jeans,Jeans
2021-10-17,80.0,distressed jeans,Jeans
2021-10-24,80.0,distressed jeans,Jeans
2021-10-31,66.66666666666666,distressed jeans,Jeans
2021-11-07,73.33333333333333,distressed jeans,Jeans
2021-11-14,73.33333333333333,distressed jeans,Jeans
2021-11-21,80.0,distressed jeans,Jeans
2021-11-28,93.33333333333333,distressed jeans,Jeans
2021-12-05,80.0,distressed jeans,Jeans
2021-12-12,73.33333333333333,distressed jeans,Jeans
2021-12-19,60.0,distressed jeans,Jeans
2021-12-26,66.66666666666666,distressed jeans,Jeans
2022-01-02,60.0,distressed jeans,Jeans
2022-01-09,53.333333333333336,distressed jeans,Jeans
2022-01-16,60.0,distressed jeans,Jeans
2022-01-23,66.66666666666666,distressed jeans,Jeans
2022-01-30,66.66666666666666,distressed jeans,Jeans
2022-02-06,60.0,distressed jeans,Jeans
2022-02-13,73.33333333333333,distressed jeans,Jeans
2022-02-20,73.33333333333333,distressed jeans,Jeans
2022-02-27,73.33333333333333,distressed jeans,Jeans
2022-03-06,73.33333333333333,distressed jeans,Jeans
2022-03-13,80.0,distressed jeans,Jeans
2022-03-20,73.33333333333333,distressed jeans,Jeans
2022-03-27,66.66666666666666,distressed jeans,Jeans
2022-04-03,66.66666666666666,distressed jeans,Jeans
2022-04-10,66.66666666666666,distressed jeans,Jeans
2022-04-17,66.66666666666666,distressed jeans,Jeans
2022-04-24,53.333333333333336,distressed jeans,Jeans
2022-05-01,60.0,distressed jeans,Jeans
2022-05-08,60.0,distressed jeans,Jeans
2022-05-15,53.333333333333336,distressed jeans,Jeans
2022-05-22,46.666666666666664,distressed jeans,Jeans
2022-05-29,46.666666666666664,distressed jeans,Jeans
2022-06-05,46.666666666666664,distressed jeans,Jeans
2022-06-12,46.666666666666664,distressed jeans,Jeans
2022-06-19,53.333333333333336,distressed jeans,Jeans
2022-06-26,46.666666666666664,distressed jeans,Jeans
2022-07-03,46.666666666666664,distressed jeans,Jeans
2022-07-10,53.333333333333336,distressed jeans,Jeans
2022-07-17,66.66666666666666,distressed jeans,Jeans
2022-07-24,60.0,distressed jeans,Jeans
2022-07-31,60.0,distressed jeans,Jeans
2022-08-07,60.0,distressed jeans,Jeans
2022-08-14,66.66666666666666,distressed jeans,Jeans
2022-08-21,60.0,distressed jeans,Jeans
2022-08-28,60.0,distressed jeans,Jeans
2022-09-04,60.0,distressed jeans,Jeans
2022-09-11,60.0,distressed jeans,Jeans
2022-09-18,66.66666666666666,distressed jeans,Jeans
2022-09-25,60.0,distressed jeans,Jeans
2022-10-02,60.0,distressed jeans,Jeans
2022-10-09,60.0,distressed jeans,Jeans
2022-10-16,60.0,distressed jeans,Jeans
2022-10-23,53.333333333333336,distressed jeans,Jeans
2022-10-30,46.666666666666664,distressed jeans,Jeans
2022-11-06,60.0,distressed jeans,Jeans
2022-11-13,60.0,distressed jeans,Jeans
2022-11-20,66.66666666666666,distressed jeans,Jeans
2022-11-27,60.0,distressed jeans,Jeans
2022-12-04,60.0,distressed jeans,Jeans
2022-12-11,53.333333333333336,distressed jeans,Jeans
2022-12-18,53.333333333333336,distressed jeans,Jeans
2022-12-25,60.0,distressed jeans,Jeans
2023-01-01,53.333333333333336,distressed jeans,Jeans
2023-01-08,46.666666666666664,distressed jeans,Jeans
2023-01-15,60.0,distressed jeans,Jeans
2023-01-22,46.666666666666664,distressed jeans,Jeans
2023-01-29,60.0,distressed jeans,Jeans
2023-02-05,53.333333333333336,distressed jeans,Jeans
2023-02-12,53.333333333333336,distressed jeans,Jeans
2023-02-19,66.66666666666666,distressed jeans,Jeans
2023-02-26,66.66666666666666,distressed jeans,Jeans
2023-03-05,60.0,distressed jeans,Jeans
2023-03-12,60.0,distressed jeans,Jeans
2023-03-19,53.333333333333336,distressed jeans,Jeans
2023-03-26,53.333333333333336,distressed jeans,Jeans
2023-04-02,53.333333333333336,distressed jeans,Jeans
2023-04-09,53.333333333333336,distressed jeans,Jeans
2023-04-16,53.333333333333336,distressed jeans,Jeans
2023-04-23,60.0,distressed jeans,Jeans
2023-04-30,60.0,distressed jeans,Jeans
2023-05-07,53.333333333333336,distressed jeans,Jeans
2023-05-14,53.333333333333336,distressed jeans,Jeans
2023-05-21,53.333333333333336,distressed jeans,Jeans
2023-05-28,40.0,distressed jeans,Jeans
2023-06-04,53.333333333333336,distressed jeans,Jeans
2023-06-11,53.333333333333336,distressed jeans,Jeans
2023-06-18,53.333333333333336,distressed jeans,Jeans
2023-06-25,53.333333333333336,distressed jeans,Jeans
2023-07-02,60.0,distressed jeans,Jeans
2023-07-09,53.333333333333336,distressed jeans,Jeans
2023-07-16,60.0,distressed jeans,Jeans
2023-07-23,60.0,distressed jeans,Jeans
2023-07-30,60.0,distressed jeans,Jeans
2023-08-06,66.66666666666666,distressed jeans,Jeans
2023-08-13,66.66666666666666,distressed jeans,Jeans
2023-08-20,66.66666666666666,distressed jeans,Jeans
2023-08-27,53.333333333333336,distressed jeans,Jeans
2023-09-03,53.333333333333336,distressed jeans,Jeans
2023-09-10,53.333333333333336,distressed jeans,Jeans
2023-09-17,60.0,distressed jeans,Jeans
2023-09-24,60.0,distressed jeans,Jeans
2023-10-01,60.0,distressed jeans,Jeans
2023-10-08,60.0,distressed jeans,Jeans
2023-10-15,53.333333333333336,distressed jeans,Jeans
2023-10-22,53.333333333333336,distressed jeans,Jeans
2023-10-29,53.333333333333336,distressed jeans,Jeans
2023-11-05,60.0,distressed jeans,Jeans
2023-11-12,60.0,distressed jeans,Jeans
2023-11-19,66.66666666666666,distressed jeans,Jeans
2023-11-26,53.333333333333336,distressed jeans,Jeans
2023-12-03,53.333333333333336,distressed jeans,Jeans
2023-12-10,53.333333333333336,distressed jeans,Jeans
2023-12-17,53.333333333333336,distressed jeans,Jeans
2023-12-24,46.666666666666664,distressed jeans,Jeans
2023-12-31,53.333333333333336,distressed jeans,Jeans
2024-01-07,46.666666666666664,distressed jeans,Jeans
2024-01-14,46.666666666666664,distressed jeans,Jeans
2024-01-21,46.666666666666664,distressed jeans,Jeans
2024-01-28,46.666666666666664,distressed jeans,Jeans
2024-02-04,53.333333333333336,distressed jeans,Jeans
2024-02-11,46.666666666666664,distressed jeans,Jeans
2024-02-18,53.333333333333336,distressed jeans,Jeans
2024-02-25,53.333333333333336,distressed jeans,Jeans
2024-03-03,53.333333333333336,distressed jeans,Jeans
2024-03-10,53.333333333333336,distressed jeans,Jeans
2024-03-17,60.0,distressed jeans,Jeans
2024-03-24,53.333333333333336,distressed jeans,Jeans
2024-03-31,53.333333333333336,distressed jeans,Jeans
2024-04-07,46.666666666666664,distressed jeans,Jeans
2024-04-14,53.333333333333336,distressed jeans,Jeans
2024-04-21,53.333333333333336,distressed jeans,Jeans
2024-04-28,53.333333333333336,distressed jeans,Jeans
2024-05-05,53.333333333333336,distressed jeans,Jeans
2024-05-12,46.666666666666664,distressed jeans,Jeans
2024-05-19,46.666666666666664,distressed jeans,Jeans
2024-05-26,53.333333333333336,distressed jeans,Jeans
2024-06-02,46.666666666666664,distressed jeans,Jeans
2024-06-09,46.666666666666664,distressed jeans,Jeans
2024-06-16,46.666666666666664,distressed jeans,Jeans
2024-06-23,46.666666666666664,distressed jeans,Jeans
2024-06-30,53.333333333333336,distressed jeans,Jeans
2024-07-07,53.333333333333336,distressed jeans,Jeans
2024-07-14,46.666666666666664,distressed jeans,Jeans
2024-07-21,46.666666666666664,distressed jeans,Jeans
2024-07-28,53.333333333333336,distressed jeans,Jeans
2024-08-04,46.666666666666664,distressed jeans,Jeans
2024-08-11,60.0,distressed jeans,Jeans
2024-08-18,60.0,distressed jeans,Jeans
2024-08-25,46.666666666666664,distressed jeans,Jeans
2024-09-01,60.0,distressed jeans,Jeans
2024-09-08,60.0,distressed jeans,Jeans
2024-09-15,53.333333333333336,distressed jeans,Jeans
2024-09-22,53.333333333333336,distressed jeans,Jeans
2024-09-29,53.333333333333336,distressed jeans,Jeans
2024-10-06,53.333333333333336,distressed jeans,Jeans
2024-10-13,53.333333333333336,distressed jeans,Jeans
2024-10-20,46.666666666666664,distressed jeans,Jeans
2024-10-27,53.333333333333336,distressed jeans,Jeans
2024-11-03,53.333333333333336,distressed jeans,Jeans
2024-11-10,53.333333333333336,distressed jeans,Jeans
2024-11-17,53.333333333333336,distressed jeans,Jeans
2024-11-24,60.0,distressed jeans,Jeans
2024-12-01,46.666666666666664,distressed jeans,Jeans
2024-12-08,53.333333333333336,distressed jeans,Jeans
2024-12-15,46.666666666666664,distressed jeans,Jeans
2024-12-22,40.0,distressed jeans,Jeans
2024-12-29,46.666666666666664,distressed jeans,Jeans
2025-01-05,46.666666666666664,distressed jeans,Jeans
2025-01-12,46.666666666666664,distressed jeans,Jeans
2025-01-19,46.666666666666664,distressed jeans,Jeans
2025-01-26,46.666666666666664,distressed jeans,Jeans
2025-02-02,40.0,distressed jeans,Jeans
2025-02-09,46.666666666666664,distressed jeans,Jeans
2025-02-16,46.666666666666664,distressed jeans,Jeans
2020-02-16,39.0,leather jacket,Outerwear
2020-02-23,37.0,leather jacket,Outerwear
2020-03-01,34.0,leather jacket,Outerwear
2020-03-08,28.000000000000004,leather jacket,Outerwear
2020-03-15,21.0,leather jacket,Outerwear
2020-03-22,21.0,leather jacket,Outerwear
2020-03-29,21.0,leather jacket,Outerwear
2020-04-05,20.0,leather jacket,Outerwear
2020-04-12,22.0,leather jacket,Outerwear
2020-04-19,21.0,leather jacket,Outerwear
2020-04-26,21.0,leather jacket,Outerwear
2020-05-03,22.0,leather jacket,Outerwear
2020-05-10,23.0,leather jacket,Outerwear
2020-05-17,21.0,leather jacket,Outerwear
2020-05-24,20.0,leather jacket,Outerwear
2020-05-31,16.0,leather jacket,Outerwear
2020-06-07,21.0,leather jacket,Outerwear
2020-06-14,20.0,leather jacket,Outerwear
2020-06-21,23.0,leather jacket,Outerwear
2020-06-28,21.0,leather jacket,Outerwear
2020-07-05,21.0,leather jacket,Outerwear
2020-07-12,21.0,leather jacket,Outerwear
2020-07-19,22.0,leather jacket,Outerwear
2020-07-26,22.0,leather jacket,Outerwear
2020-08-02,23.0,leather jacket,Outerwear
2020-08-09,23.0,leather jacket,Outerwear
2020-08-16,25.0,leather jacket,Outerwear
2020-08-23,24.0,leather jacket,Outerwear
2020-08-30,27.0,leather jacket,Outerwear
2020-09-06,31.0,leather jacket,Outerwear
2020-09-13,37.0,leather jacket,Outerwear
2020-09-20,44.0,leather jacket,Outerwear
2020-09-27,45.0,leather jacket,Outerwear
2020-10-04,48.0,leather jacket,Outerwear
2020-10-11,53.0,leather jacket,Outerwear
2020-10-18,52.0,leather jacket,Outerwear
2020-10-25,57.99999999999999,leather jacket,Outerwear
2020-11-01,38.0,leather jacket,Outerwear
2020-11-08,49.0,leather jacket,Outerwear
2020-11-15,50.0,leather jacket,Outerwear
2020-11-22,60.0,leather jacket,Outerwear
2020-11-29,61.0,leather jacket,Outerwear
2020-12-06,59.0,leather jacket,Outerwear
2020-12-13,52.0,leather jacket,Outerwear
2020-12-20,48.0,leather jacket,Outerwear
2020-12-27,49.0,leather jacket,Outerwear
2021-01-03,44.0,leather jacket,Outerwear
2021-01-10,37.0,leather jacket,Outerwear
2021-01-17,35.0,leather jacket,Outerwear
2021-01-24,38.0,leather jacket,Outerwear
2021-01-31,36.0,leather jacket,Outerwear
2021-02-07,34.0,leather jacket,Outerwear
2021-02-14,35.0,leather jacket,Outerwear
2021-02-21,32.0,leather jacket,Outerwear
2021-02-28,28.999999999999996,leather jacket,Outerwear
2021-03-07,31.0,leather jacket,Outerwear
2021-03-14,31.0,leather jacket,Outerwear
2021-03-21,30.0,leather jacket,Outerwear
2021-03-28,28.000000000000004,leather jacket,Outerwear
2021-04-04,26.0,leather jacket,Outerwear
2021-04-11,26.0,leather jacket,Outerwear
2021-04-18,28.000000000000004,leather jacket,Outerwear
2021-04-25,28.000000000000004,leather jacket,Outerwear
2021-05-02,23.0,leather jacket,Outerwear
2021-05-09,24.0,leather jacket,Outerwear
2021-05-16,21.0,leather jacket,Outerwear
2021-05-23,22.0,leather jacket,Outerwear
2021-05-30,23.0,leather jacket,Outerwear
2021-06-06,19.0,leather jacket,Outerwear
2021-06-13,19.0,leather jacket,Outerwear
2021-06-20,18.0,leather jacket,Outerwear
2021-06-27,19.0,leather jacket,Outerwear
2021-07-04,20.0,leather jacket,Outerwear
2021-07-11,23.0,leather jacket,Outerwear
2021-07-18,22.0,leather jacket,Outerwear
2021-07-25,25.0,leather jacket,Outerwear
2021-08-01,27.0,leather jacket,Outerwear
2021-08-08,24.0,leather jacket,Outerwear
2021-08-15,27.0,leather jacket,Outerwear
2021-08-22,27.0,leather jacket,Outerwear
2021-08-29,31.0,leather jacket,Outerwear
2021-09-05,31.0,leather jacket,Outerwear
2021-09-12,37.0,leather jacket,Outerwear
2021-09-19,41.0,leather jacket,Outerwear
2021-09-26,45.0,leather jacket,Outerwear
2021-10-03,48.0,leather jacket,Outerwear
2021-10-10,53.0,leather jacket,Outerwear
2021-10-17,64.0,leather jacket,Outerwear
2021-10-24,67.0,leather jacket,Outerwear
2021-10-31,63.0,leather jacket,Outerwear
2021-11-07,67.0,leather jacket,Outerwear
2021-11-14,65.0,leather jacket,Outerwear
2021-11-21,81.0,leather jacket,Outerwear
2021-11-28,72.0,leather jacket,Outerwear
2021-12-05,68.0,leather jacket,Outerwear
2021-12-12,60.0,leather jacket,Outerwear
2021-12-19,59.0,leather jacket,Outerwear
2021-12-26,54.0,leather jacket,Outerwear
2022-01-02,46.0,leather jacket,Outerwear
2022-01-09,43.0,leather jacket,Outerwear
2022-01-16,41.0,leather jacket,Outerwear
2022-01-23,45.0,leather jacket,Outerwear
2022-01-30,42.0,leather jacket,Outerwear
2022-02-06,41.0,leather jacket,Outerwear
2022-02-13,42.0,leather jacket,Outerwear
2022-02-20,47.0,leather jacket,Outerwear
2022-02-27,40.0,leather jacket,Outerwear
2022-03-06,40.0,leather jacket,Outerwear
2022-03-13,36.0,leather jacket,Outerwear
2022-03-20,36.0,leather jacket,Outerwear
2022-03-27,34.0,leather jacket,Outerwear
2022-04-03,31.0,leather jacket,Outerwear
2022-04-10,28.999999999999996,leather jacket,Outerwear
2022-04-17,30.0,leather jacket,Outerwear
2022-04-24,28.000000000000004,leather jacket,Outerwear
2022-05-01,27.0,leather jacket,Outerwear
2022-05-08,23.0,leather jacket,Outerwear
2022-05-15,24.0,leather jacket,Outerwear
2022-05-22,24.0,leather jacket,Outerwear
2022-05-29,23.0,leather jacket,Outerwear
2022-06-05,22.0,leather jacket,Outerwear
2022-06-12,22.0,leather jacket,Outerwear
2022-06-19,22.0,leather jacket,Outerwear
2022-06-26,24.0,leather jacket,Outerwear
2022-07-03,21.0,leather jacket,Outerwear
2022-07-10,23.0,leather jacket,Outerwear
2022-07-17,23.0,leather jacket,Outerwear
2022-07-24,23.0,leather jacket,Outerwear
2022-07-31,26.0,leather jacket,Outerwear
2022-08-07,28.000000000000004,leather jacket,Outerwear
2022-08-14,28.000000000000004,leather jacket,Outerwear
2022-08-21,31.0,leather jacket,Outerwear
2022-08-28,31.0,leather jacket,Outerwear
2022-09-04,34.0,leather jacket,Outerwear
2022-09-11,38.0,leather jacket,Outerwear
2022-09-18,44.0,leather jacket,Outerwear
2022-09-25,55.00000000000001,leather jacket,Outerwear
2022-10-02,61.0,leather jacket,Outerwear
2022-10-09,60.0,leather jacket,Outerwear
2022-10-16,67.0,leather jacket,Outerwear
2022-10-23,64.0,leather jacket,Outerwear
2022-10-30,57.99999999999999,leather jacket,Outerwear
2022-11-06,61.0,leather jacket,Outerwear
2022-11-13,71.0,leather jacket,Outerwear
2022-11-20,80.0,leather jacket,Outerwear
2022-11-27,71.0,leather jacket,Outerwear
2022-12-04,66.0,leather jacket,Outerwear
2022-12-11,65.0,leather jacket,Outerwear
2022-12-18,63.0,leather jacket,Outerwear
2022-12-25,65.0,leather jacket,Outerwear
2023-01-01,49.0,leather jacket,Outerwear
2023-01-08,49.0,leather jacket,Outerwear
2023-01-15,50.0,leather jacket,Outerwear
2023-01-22,47.0,leather jacket,Outerwear
2023-01-29,47.0,leather jacket,Outerwear
2023-02-05,44.0,leather jacket,Outerwear
2023-02-12,41.0,leather jacket,Outerwear
2023-02-19,44.0,leather jacket,Outerwear
2023-02-26,41.0,leather jacket,Outerwear
2023-03-05,40.0,leather jacket,Outerwear
2023-03-12,42.0,leather jacket,Outerwear
2023-03-19,43.0,leather jacket,Outerwear
2023-03-26,39.0,leather jacket,Outerwear
2023-04-02,33.0,leather jacket,Outerwear
2023-04-09,28.999999999999996,leather jacket,Outerwear
2023-04-16,28.000000000000004,leather jacket,Outerwear
2023-04-23,28.000000000000004,leather jacket,Outerwear
2023-04-30,28.000000000000004,leather jacket,Outerwear
2023-05-07,23.0,leather jacket,Outerwear
2023-05-14,24.0,leather jacket,Outerwear
2023-05-21,25.0,leather jacket,Outerwear
2023-05-28,24.0,leather jacket,Outerwear
2023-06-04,23.0,leather jacket,Outerwear
2023-06-11,22.0,leather jacket,Outerwear
2023-06-18,22.0,leather jacket,Outerwear
2023-06-25,23.0,leather jacket,Outerwear
2023-07-02,23.0,leather jacket,Outerwear
2023-07-09,22.0,leather jacket,Outerwear
2023-07-16,21.0,leather jacket,Outerwear
2023-07-23,24.0,leather jacket,Outerwear
2023-07-30,25.0,leather jacket,Outerwear
2023-08-06,26.0,leather jacket,Outerwear
2023-08-13,28.000000000000004,leather jacket,Outerwear
2023-08-20,32.0,leather jacket,Outerwear
2023-08-27,30.0,leather jacket,Outerwear
2023-09-03,36.0,leather jacket,Outerwear
2023-09-10,38.0,leather jacket,Outerwear
2023-09-17,51.0,leather jacket,Outerwear
2023-09-24,52.0,leather jacket,Outerwear
2023-10-01,54.0,leather jacket,Outerwear
2023-10-08,62.0,leather jacket,Outerwear
2023-10-15,65.0,leather jacket,Outerwear
2023-10-22,64.0,leather jacket,Outerwear
2023-10-29,64.0,leather jacket,Outerwear
2023-11-05,65.0,leather jacket,Outerwear
2023-11-12,67.0,leather jacket,Outerwear
2023-11-19,85.0,leather jacket,Outerwear
2023-11-26,75.0,leather jacket,Outerwear
2023-12-03,63.0,leather jacket,Outerwear
2023-12-10,67.0,leather jacket,Outerwear
2023-12-17,65.0,leather jacket,Outerwear
2023-12-24,65.0,leather jacket,Outerwear
2023-12-31,60.0,leather jacket,Outerwear
2024-01-07,53.0,leather jacket,Outerwear
2024-01-14,56.99999999999999,leather jacket,Outerwear
2024-01-21,54.0,leather jacket,Outerwear
2024-01-28,46.0,leather jacket,Outerwear
2024-02-04,48.0,leather jacket,Outerwear
2024-02-11,45.0,leather jacket,Outerwear
2024-02-18,50.0,leather jacket,Outerwear
2024-02-25,43.0,leather jacket,Outerwear
2024-03-03,39.0,leather jacket,Outerwear
2024-03-10,39.0,leather jacket,Outerwear
2024-03-17,38.0,leather jacket,Outerwear
2024-03-24,38.0,leather jacket,Outerwear
2024-03-31,33.0,leather jacket,Outerwear
2024-04-07,31.0,leather jacket,Outerwear
2024-04-14,31.0,leather jacket,Outerwear
2024-04-21,28.000000000000004,leather jacket,Outerwear
2024-04-28,27.0,leather jacket,Outerwear
2024-05-05,27.0,leather jacket,Outerwear
2024-05-12,26.0,leather jacket,Outerwear
2024-05-19,24.0,leather jacket,Outerwear
2024-05-26,23.0,leather jacket,Outerwear
2024-06-02,24.0,leather jacket,Outerwear
2024-06-09,22.0,leather jacket,Outerwear
2024-06-16,22.0,leather jacket,Outerwear
2024-06-23,21.0,leather jacket,Outerwear
2024-06-30,22.0,leather jacket,Outerwear
2024-07-07,22.0,leather jacket,Outerwear
2024-07-14,23.0,leather jacket,Outerwear
2024-07-21,25.0,leather jacket,Outerwear
2024-07-28,25.0,leather jacket,Outerwear
2024-08-04,28.000000000000004,leather jacket,Outerwear
2024-08-11,28.999999999999996,leather jacket,Outerwear
2024-08-18,33.0,leather jacket,Outerwear
2024-08-25,32.0,leather jacket,Outerwear
2024-09-01,39.0,leather jacket,Outerwear
2024-09-08,45.0,leather jacket,Outerwear
2024-09-15,47.0,leather jacket,Outerwear
2024-09-22,53.0,leather jacket,Outerwear
2024-09-29,56.99999999999999,leather jacket,Outerwear
2024-10-06,56.00000000000001,leather jacket,Outerwear
2024-10-13,73.0,leather jacket,Outerwear
2024-10-20,69.0,leather jacket,Outerwear
2024-10-27,65.0,leather jacket,Outerwear
2024-11-03,57.99999999999999,leather jacket,Outerwear
2024-11-10,70.0,leather jacket,Outerwear
2024-11-17,79.0,leather jacket,Outerwear
2024-11-24,100.0,leather jacket,Outerwear
2024-12-01,84.0,leather jacket,Outerwear
2024-12-08,77.0,leather jacket,Outerwear
2024-12-15,70.0,leather jacket,Outerwear
2024-12-22,74.0,leather jacket,Outerwear
2024-12-29,68.0,leather jacket,Outerwear
2025-01-05,59.0,leather jacket,Outerwear
2025-01-12,56.00000000000001,leather jacket,Outerwear
2025-01-19,57.99999999999999,leather jacket,Outerwear
2025-01-26,50.0,leather jacket,Outerwear
2025-02-02,46.0,leather jacket,Outerwear
2025-02-09,49.0,leather jacket,Outerwear
2025-02-16,53.0,leather jacket,Outerwear
2020-02-16,78.57142857142857,denim jacket,Outerwear
2020-02-23,82.14285714285714,denim jacket,Outerwear
2020-03-01,78.57142857142857,denim jacket,Outerwear
2020-03-08,71.42857142857143,denim jacket,Outerwear
2020-03-15,50.0,denim jacket,Outerwear
2020-03-22,46.42857142857143,denim jacket,Outerwear
2020-03-29,46.42857142857143,denim jacket,Outerwear
2020-04-05,46.42857142857143,denim jacket,Outerwear
2020-04-12,50.0,denim jacket,Outerwear
2020-04-19,53.57142857142857,denim jacket,Outerwear
2020-04-26,53.57142857142857,denim jacket,Outerwear
2020-05-03,53.57142857142857,denim jacket,Outerwear
2020-05-10,57.14285714285714,denim jacket,Outerwear
2020-05-17,53.57142857142857,denim jacket,Outerwear
2020-05-24,46.42857142857143,denim jacket,Outerwear
2020-05-31,42.857142857142854,denim jacket,Outerwear
2020-06-07,50.0,denim jacket,Outerwear
2020-06-14,50.0,denim jacket,Outerwear
2020-06-21,46.42857142857143,denim jacket,Outerwear
2020-06-28,50.0,denim jacket,Outerwear
2020-07-05,46.42857142857143,denim jacket,Outerwear
2020-07-12,50.0,denim jacket,Outerwear
2020-07-19,50.0,denim jacket,Outerwear
2020-07-26,50.0,denim jacket,Outerwear
2020-08-02,53.57142857142857,denim jacket,Outerwear
2020-08-09,53.57142857142857,denim jacket,Outerwear
2020-08-16,53.57142857142857,denim jacket,Outerwear
2020-08-23,53.57142857142857,denim jacket,Outerwear
2020-08-30,60.71428571428571,denim jacket,Outerwear
2020-09-06,75.0,denim jacket,Outerwear
2020-09-13,75.0,denim jacket,Outerwear
2020-09-20,78.57142857142857,denim jacket,Outerwear
2020-09-27,78.57142857142857,denim jacket,Outerwear
2020-10-04,78.57142857142857,denim jacket,Outerwear
2020-10-11,82.14285714285714,denim jacket,Outerwear
2020-10-18,82.14285714285714,denim jacket,Outerwear
2020-10-25,82.14285714285714,denim jacket,Outerwear
2020-11-01,57.14285714285714,denim jacket,Outerwear
2020-11-08,67.85714285714286,denim jacket,Outerwear
2020-11-15,78.57142857142857,denim jacket,Outerwear
2020-11-22,89.28571428571429,denim jacket,Outerwear
2020-11-29,82.14285714285714,denim jacket,Outerwear
2020-12-06,71.42857142857143,denim jacket,Outerwear
2020-12-13,71.42857142857143,denim jacket,Outerwear
2020-12-20,64.28571428571429,denim jacket,Outerwear
2020-12-27,71.42857142857143,denim jacket,Outerwear
2021-01-03,60.71428571428571,denim jacket,Outerwear
2021-01-10,60.71428571428571,denim jacket,Outerwear
2021-01-17,57.14285714285714,denim jacket,Outerwear
2021-01-24,60.71428571428571,denim jacket,Outerwear
2021-01-31,60.71428571428571,denim jacket,Outerwear
2021-02-07,57.14285714285714,denim jacket,Outerwear
2021-02-14,60.71428571428571,denim jacket,Outerwear
2021-02-21,57.14285714285714,denim jacket,Outerwear
2021-02-28,60.71428571428571,denim jacket,Outerwear
2021-03-07,67.85714285714286,denim jacket,Outerwear
2021-03-14,64.28571428571429,denim jacket,Outerwear
2021-03-21,67.85714285714286,denim jacket,Outerwear
2021-03-28,64.28571428571429,denim jacket,Outerwear
2021-04-04,64.28571428571429,denim jacket,Outerwear
2021-04-11,67.85714285714286,denim jacket,Outerwear
2021-04-18,67.85714285714286,denim jacket,Outerwear
2021-04-25,60.71428571428571,denim jacket,Outerwear
2021-05-02,60.71428571428571,denim jacket,Outerwear
2021-05-09,64.28571428571429,denim jacket,Outerwear
2021-05-16,57.14285714285714,denim jacket,Outerwear
2021-05-23,53.57142857142857,denim jacket,Outerwear
2021-05-30,53.57142857142857,denim jacket,Outerwear
2021-06-06,46.42857142857143,denim jacket,Outerwear
2021-06-13,46.42857142857143,denim jacket,Outerwear
2021-06-20,46.42857142857143,denim jacket,Outerwear
2021-06-27,46.42857142857143,denim jacket,Outerwear
2021-07-04,46.42857142857143,denim jacket,Outerwear
2021-07-11,50.0,denim jacket,Outerwear
2021-07-18,46.42857142857143,denim jacket,Outerwear
2021-07-25,53.57142857142857,denim jacket,Outerwear
2021-08-01,53.57142857142857,denim jacket,Outerwear
2021-08-08,50.0,denim jacket,Outerwear
2021-08-15,57.14285714285714,denim jacket,Outerwear
2021-08-22,57.14285714285714,denim jacket,Outerwear
2021-08-29,57.14285714285714,denim jacket,Outerwear
2021-09-05,64.28571428571429,denim jacket,Outerwear
2021-09-12,67.85714285714286,denim jacket,Outerwear
2021-09-19,75.0,denim jacket,Outerwear
2021-09-26,78.57142857142857,denim jacket,Outerwear
2021-10-03,75.0,denim jacket,Outerwear
2021-10-10,78.57142857142857,denim jacket,Outerwear
2021-10-17,78.57142857142857,denim jacket,Outerwear
2021-10-24,85.71428571428571,denim jacket,Outerwear
2021-10-31,82.14285714285714,denim jacket,Outerwear
2021-11-07,75.0,denim jacket,Outerwear
2021-11-14,75.0,denim jacket,Outerwear
2021-11-21,96.42857142857143,denim jacket,Outerwear
2021-11-28,89.28571428571429,denim jacket,Outerwear
2021-12-05,75.0,denim jacket,Outerwear
2021-12-12,71.42857142857143,denim jacket,Outerwear
2021-12-19,67.85714285714286,denim jacket,Outerwear
2021-12-26,64.28571428571429,denim jacket,Outerwear
2022-01-02,60.71428571428571,denim jacket,Outerwear
2022-01-09,60.71428571428571,denim jacket,Outerwear
2022-01-16,53.57142857142857,denim jacket,Outerwear
2022-01-23,64.28571428571429,denim jacket,Outerwear
2022-01-30,67.85714285714286,denim jacket,Outerwear
2022-02-06,64.28571428571429,denim jacket,Outerwear
2022-02-13,67.85714285714286,denim jacket,Outerwear
2022-02-20,71.42857142857143,denim jacket,Outerwear
2022-02-27,64.28571428571429,denim jacket,Outerwear
2022-03-06,67.85714285714286,denim jacket,Outerwear
2022-03-13,64.28571428571429,denim jacket,Outerwear
2022-03-20,71.42857142857143,denim jacket,Outerwear
2022-03-27,64.28571428571429,denim jacket,Outerwear
2022-04-03,71.42857142857143,denim jacket,Outerwear
2022-04-10,64.28571428571429,denim jacket,Outerwear
2022-04-17,71.42857142857143,denim jacket,Outerwear
2022-04-24,71.42857142857143,denim jacket,Outerwear
2022-05-01,64.28571428571429,denim jacket,Outerwear
2022-05-08,60.71428571428571,denim jacket,Outerwear
2022-05-15,57.14285714285714,denim jacket,Outerwear
2022-05-22,53.57142857142857,denim jacket,Outerwear
2022-05-29,53.57142857142857,denim jacket,Outerwear
2022-06-05,53.57142857142857,denim jacket,Outerwear
2022-06-12,50.0,denim jacket,Outerwear
2022-06-19,50.0,denim jacket,Outerwear
2022-06-26,46.42857142857143,denim jacket,Outerwear
2022-07-03,50.0,denim jacket,Outerwear
2022-07-10,53.57142857142857,denim jacket,Outerwear
2022-07-17,53.57142857142857,denim jacket,Outerwear
2022-07-24,50.0,denim jacket,Outerwear
2022-07-31,50.0,denim jacket,Outerwear
2022-08-07,57.14285714285714,denim jacket,Outerwear
2022-08-14,60.71428571428571,denim jacket,Outerwear
2022-08-21,60.71428571428571,denim jacket,Outerwear
2022-08-28,60.71428571428571,denim jacket,Outerwear
2022-09-04,64.28571428571429,denim jacket,Outerwear
2022-09-11,64.28571428571429,denim jacket,Outerwear
2022-09-18,71.42857142857143,denim jacket,Outerwear
2022-09-25,75.0,denim jacket,Outerwear
2022-10-02,78.57142857142857,denim jacket,Outerwear
2022-10-09,71.42857142857143,denim jacket,Outerwear
2022-10-16,71.42857142857143,denim jacket,Outerwear
2022-10-23,75.0,denim jacket,Outerwear
2022-10-30,67.85714285714286,denim jacket,Outerwear
2022-11-06,67.85714285714286,denim jacket,Outerwear
2022-11-13,78.57142857142857,denim jacket,Outerwear
2022-11-20,78.57142857142857,denim jacket,Outerwear
2022-11-27,71.42857142857143,denim jacket,Outerwear
2022-12-04,60.71428571428571,denim jacket,Outerwear
2022-12-11,64.28571428571429,denim jacket,Outerwear
2022-12-18,64.28571428571429,denim jacket,Outerwear
2022-12-25,71.42857142857143,denim jacket,Outerwear
2023-01-01,57.14285714285714,denim jacket,Outerwear
2023-01-08,57.14285714285714,denim jacket,Outerwear
2023-01-15,64.28571428571429,denim jacket,Outerwear
2023-01-22,75.0,denim jacket,Outerwear
2023-01-29,64.28571428571429,denim jacket,Outerwear
2023-02-05,64.28571428571429,denim jacket,Outerwear
2023-02-12,64.28571428571429,denim jacket,Outerwear
2023-02-19,64.28571428571429,denim jacket,Outerwear
2023-02-26,67.85714285714286,denim jacket,Outerwear
2023-03-05,67.85714285714286,denim jacket,Outerwear
2023-03-12,67.85714285714286,denim jacket,Outerwear
2023-03-19,78.57142857142857,denim jacket,Outerwear
2023-03-26,75.0,denim jacket,Outerwear
2023-04-02,75.0,denim jacket,Outerwear
2023-04-09,67.85714285714286,denim jacket,Outerwear
2023-04-16,71.42857142857143,denim jacket,Outerwear
2023-04-23,71.42857142857143,denim jacket,Outerwear
2023-04-30,71.42857142857143,denim jacket,Outerwear
2023-05-07,64.28571428571429,denim jacket,Outerwear
2023-05-14,60.71428571428571,denim jacket,Outerwear
2023-05-21,64.28571428571429,denim jacket,Outerwear
2023-05-28,64.28571428571429,denim jacket,Outerwear
2023-06-04,60.71428571428571,denim jacket,Outerwear
2023-06-11,53.57142857142857,denim jacket,Outerwear
2023-06-18,57.14285714285714,denim jacket,Outerwear
2023-06-25,53.57142857142857,denim jacket,Outerwear
2023-07-02,53.57142857142857,denim jacket,Outerwear
2023-07-09,53.57142857142857,denim jacket,Outerwear
2023-07-16,53.57142857142857,denim jacket,Outerwear
2023-07-23,53.57142857142857,denim jacket,Outerwear
2023-07-30,57.14285714285714,denim jacket,Outerwear
2023-08-06,60.71428571428571,denim jacket,Outerwear
2023-08-13,60.71428571428571,denim jacket,Outerwear
2023-08-20,60.71428571428571,denim jacket,Outerwear
2023-08-27,60.71428571428571,denim jacket,Outerwear
2023-09-03,64.28571428571429,denim jacket,Outerwear
2023-09-10,64.28571428571429,denim jacket,Outerwear
2023-09-17,78.57142857142857,denim jacket,Outerwear
2023-09-24,78.57142857142857,denim jacket,Outerwear
2023-10-01,75.0,denim jacket,Outerwear
2023-10-08,82.14285714285714,denim jacket,Outerwear
2023-10-15,82.14285714285714,denim jacket,Outerwear
2023-10-22,75.0,denim jacket,Outerwear
2023-10-29,75.0,denim jacket,Outerwear
2023-11-05,67.85714285714286,denim jacket,Outerwear
2023-11-12,75.0,denim jacket,Outerwear
2023-11-19,85.71428571428571,denim jacket,Outerwear
2023-11-26,67.85714285714286,denim jacket,Outerwear
2023-12-03,71.42857142857143,denim jacket,Outerwear
2023-12-10,67.85714285714286,denim jacket,Outerwear
2023-12-17,67.85714285714286,denim jacket,Outerwear
2023-12-24,71.42857142857143,denim jacket,Outerwear
2023-12-31,67.85714285714286,denim jacket,Outerwear
2024-01-07,67.85714285714286,denim jacket,Outerwear
2024-01-14,67.85714285714286,denim jacket,Outerwear
2024-01-21,67.85714285714286,denim jacket,Outerwear
2024-01-28,64.28571428571429,denim jacket,Outerwear
2024-02-04,67.85714285714286,denim jacket,Outerwear
2024-02-11,67.85714285714286,denim jacket,Outerwear
2024-02-18,71.42857142857143,denim jacket,Outerwear
2024-02-25,67.85714285714286,denim jacket,Outerwear
2024-03-03,71.42857142857143,denim jacket,Outerwear
2024-03-10,82.14285714285714,denim jacket,Outerwear
2024-03-17,75.0,denim jacket,Outerwear
2024-03-24,71.42857142857143,denim jacket,Outerwear
2024-03-31,75.0,denim jacket,Outerwear
2024-04-07,75.0,denim jacket,Outerwear
2024-04-14,75.0,denim jacket,Outerwear
2024-04-21,78.57142857142857,denim jacket,Outerwear
2024-04-28,71.42857142857143,denim jacket,Outerwear
2024-05-05,67.85714285714286,denim jacket,Outerwear
2024-05-12,64.28571428571429,denim jacket,Outerwear
2024-05-19,60.71428571428571,denim jacket,Outerwear
2024-05-26,60.71428571428571,denim jacket,Outerwear
2024-06-02,57.14285714285714,denim jacket,Outerwear
2024-06-09,53.57142857142857,denim jacket,Outerwear
2024-06-16,50.0,denim jacket,Outerwear
2024-06-23,50.0,denim jacket,Outerwear
2024-06-30,50.0,denim jacket,Outerwear
2024-07-07,50.0,denim jacket,Outerwear
2024-07-14,46.42857142857143,denim jacket,Outerwear
2024-07-21,53.57142857142857,denim jacket,Outerwear
2024-07-28,53.57142857142857,denim jacket,Outerwear
2024-08-04,60.71428571428571,denim jacket,Outerwear
2024-08-11,64.28571428571429,denim jacket,Outerwear
2024-08-18,71.42857142857143,denim jacket,Outerwear
2024-08-25,71.42857142857143,denim jacket,Outerwear
2024-09-01,78.57142857142857,denim jacket,Outerwear
2024-09-08,78.57142857142857,denim jacket,Outerwear
2024-09-15,82.14285714285714,denim jacket,Outerwear
2024-09-22,75.0,denim jacket,Outerwear
2024-09-29,92.85714285714286,denim jacket,Outerwear
2024-10-06,92.85714285714286,denim jacket,Outerwear
2024-10-13,92.85714285714286,denim jacket,Outerwear
2024-10-20,92.85714285714286,denim jacket,Outerwear
2024-10-27,89.28571428571429,denim jacket,Outerwear
2024-11-03,71.42857142857143,denim jacket,Outerwear
2024-11-10,85.71428571428571,denim jacket,Outerwear
2024-11-17,96.42857142857143,denim jacket,Outerwear
2024-11-24,100.0,denim jacket,Outerwear
2024-12-01,89.28571428571429,denim jacket,Outerwear
2024-12-08,89.28571428571429,denim jacket,Outerwear
2024-12-15,78.57142857142857,denim jacket,Outerwear
2024-12-22,82.14285714285714,denim jacket,Outerwear
2024-12-29,85.71428571428571,denim jacket,Outerwear
2025-01-05,75.0,denim jacket,Outerwear
2025-01-12,67.85714285714286,denim jacket,Outerwear
2025-01-19,75.0,denim jacket,Outerwear
2025-01-26,71.42857142857143,denim jacket,Outerwear
2025-02-02,75.0,denim jacket,Outerwear
2025-02-09,75.0,denim jacket,Outerwear
2025-02-16,82.14285714285714,denim jacket,Outerwear
2020-02-16,40.476190476190474,bomber jacket,Outerwear
2020-02-23,40.476190476190474,bomber jacket,Outerwear
2020-03-01,35.714285714285715,bomber jacket,Outerwear
2020-03-08,33.33333333333333,bomber jacket,Outerwear
2020-03-15,23.809523809523807,bomber jacket,Outerwear
2020-03-22,23.809523809523807,bomber jacket,Outerwear
2020-03-29,23.809523809523807,bomber jacket,Outerwear
2020-04-05,23.809523809523807,bomber jacket,Outerwear
2020-04-12,26.190476190476193,bomber jacket,Outerwear
2020-04-19,23.809523809523807,bomber jacket,Outerwear
2020-04-26,21.428571428571427,bomber jacket,Outerwear
2020-05-03,23.809523809523807,bomber jacket,Outerwear
2020-05-10,23.809523809523807,bomber jacket,Outerwear
2020-05-17,23.809523809523807,bomber jacket,Outerwear
2020-05-24,21.428571428571427,bomber jacket,Outerwear
2020-05-31,21.428571428571427,bomber jacket,Outerwear
2020-06-07,21.428571428571427,bomber jacket,Outerwear
2020-06-14,21.428571428571427,bomber jacket,Outerwear
2020-06-21,21.428571428571427,bomber jacket,Outerwear
2020-06-28,21.428571428571427,bomber jacket,Outerwear
2020-07-05,21.428571428571427,bomber jacket,Outerwear
2020-07-12,23.809523809523807,bomber jacket,Outerwear
2020-07-19,23.809523809523807,bomber jacket,Outerwear
2020-07-26,23.809523809523807,bomber jacket,Outerwear
2020-08-02,26.190476190476193,bomber jacket,Outerwear
2020-08-09,26.190476190476193,bomber jacket,Outerwear
2020-08-16,28.57142857142857,bomber jacket,Outerwear
2020-08-23,26.190476190476193,bomber jacket,Outerwear
2020-08-30,28.57142857142857,bomber jacket,Outerwear
2020-09-06,33.33333333333333,bomber jacket,Outerwear
2020-09-13,35.714285714285715,bomber jacket,Outerwear
2020-09-20,42.857142857142854,bomber jacket,Outerwear
2020-09-27,42.857142857142854,bomber jacket,Outerwear
2020-10-04,47.61904761904761,bomber jacket,Outerwear
2020-10-11,50.0,bomber jacket,Outerwear
2020-10-18,47.61904761904761,bomber jacket,Outerwear
2020-10-25,57.14285714285714,bomber jacket,Outerwear
2020-11-01,42.857142857142854,bomber jacket,Outerwear
2020-11-08,50.0,bomber jacket,Outerwear
2020-11-15,50.0,bomber jacket,Outerwear
2020-11-22,64.28571428571429,bomber jacket,Outerwear
2020-11-29,61.904761904761905,bomber jacket,Outerwear
2020-12-06,59.523809523809526,bomber jacket,Outerwear
2020-12-13,59.523809523809526,bomber jacket,Outerwear
2020-12-20,50.0,bomber jacket,Outerwear
2020-12-27,52.38095238095239,bomber jacket,Outerwear
2021-01-03,42.857142857142854,bomber jacket,Outerwear
2021-01-10,40.476190476190474,bomber jacket,Outerwear
2021-01-17,40.476190476190474,bomber jacket,Outerwear
2021-01-24,42.857142857142854,bomber jacket,Outerwear
2021-01-31,40.476190476190474,bomber jacket,Outerwear
2021-02-07,38.095238095238095,bomber jacket,Outerwear
2021-02-14,40.476190476190474,bomber jacket,Outerwear
2021-02-21,35.714285714285715,bomber jacket,Outerwear
2021-02-28,35.714285714285715,bomber jacket,Outerwear
2021-03-07,33.33333333333333,bomber jacket,Outerwear
2021-03-14,33.33333333333333,bomber jacket,Outerwear
2021-03-21,30.952380952380953,bomber jacket,Outerwear
2021-03-28,28.57142857142857,bomber jacket,Outerwear
2021-04-04,26.190476190476193,bomber jacket,Outerwear
2021-04-11,26.190476190476193,bomber jacket,Outerwear
2021-04-18,28.57142857142857,bomber jacket,Outerwear
2021-04-25,26.190476190476193,bomber jacket,Outerwear
2021-05-02,26.190476190476193,bomber jacket,Outerwear
2021-05-09,26.190476190476193,bomber jacket,Outerwear
2021-05-16,21.428571428571427,bomber jacket,Outerwear
2021-05-23,23.809523809523807,bomber jacket,Outerwear
2021-05-30,21.428571428571427,bomber jacket,Outerwear
2021-06-06,19.047619047619047,bomber jacket,Outerwear
2021-06-13,19.047619047619047,bomber jacket,Outerwear
2021-06-20,19.047619047619047,bomber jacket,Outerwear
2021-06-27,19.047619047619047,bomber jacket,Outerwear
2021-07-04,21.428571428571427,bomber jacket,Outerwear
2021-07-11,21.428571428571427,bomber jacket,Outerwear
2021-07-18,21.428571428571427,bomber jacket,Outerwear
2021-07-25,26.190476190476193,bomber jacket,Outerwear
2021-08-01,23.809523809523807,bomber jacket,Outerwear
2021-08-08,26.190476190476193,bomber jacket,Outerwear
2021-08-15,28.57142857142857,bomber jacket,Outerwear
2021-08-22,28.57142857142857,bomber jacket,Outerwear
2021-08-29,28.57142857142857,bomber jacket,Outerwear
2021-09-05,35.714285714285715,bomber jacket,Outerwear
2021-09-12,38.095238095238095,bomber jacket,Outerwear
2021-09-19,40.476190476190474,bomber jacket,Outerwear
2021-09-26,50.0,bomber jacket,Outerwear
2021-10-03,47.61904761904761,bomber jacket,Outerwear
2021-10-10,50.0,bomber jacket,Outerwear
2021-10-17,59.523809523809526,bomber jacket,Outerwear
2021-10-24,59.523809523809526,bomber jacket,Outerwear
2021-10-31,61.904761904761905,bomber jacket,Outerwear
2021-11-07,66.66666666666666,bomber jacket,Outerwear
2021-11-14,64.28571428571429,bomber jacket,Outerwear
2021-11-21,80.95238095238095,bomber jacket,Outerwear
2021-11-28,73.80952380952381,bomber jacket,Outerwear
2021-12-05,73.80952380952381,bomber jacket,Outerwear
2021-12-12,59.523809523809526,bomber jacket,Outerwear
2021-12-19,64.28571428571429,bomber jacket,Outerwear
2021-12-26,57.14285714285714,bomber jacket,Outerwear
2022-01-02,54.761904761904766,bomber jacket,Outerwear
2022-01-09,52.38095238095239,bomber jacket,Outerwear
2022-01-16,50.0,bomber jacket,Outerwear
2022-01-23,47.61904761904761,bomber jacket,Outerwear
2022-01-30,47.61904761904761,bomber jacket,Outerwear
2022-02-06,45.23809523809524,bomber jacket,Outerwear
2022-02-13,47.61904761904761,bomber jacket,Outerwear
2022-02-20,42.857142857142854,bomber jacket,Outerwear
2022-02-27,45.23809523809524,bomber jacket,Outerwear
2022-03-06,45.23809523809524,bomber jacket,Outerwear
2022-03-13,42.857142857142854,bomber jacket,Outerwear
2022-03-20,40.476190476190474,bomber jacket,Outerwear
2022-03-27,38.095238095238095,bomber jacket,Outerwear
2022-04-03,35.714285714285715,bomber jacket,Outerwear
2022-04-10,35.714285714285715,bomber jacket,Outerwear
2022-04-17,35.714285714285715,bomber jacket,Outerwear
2022-04-24,30.952380952380953,bomber jacket,Outerwear
2022-05-01,30.952380952380953,bomber jacket,Outerwear
2022-05-08,28.57142857142857,bomber jacket,Outerwear
2022-05-15,23.809523809523807,bomber jacket,Outerwear
2022-05-22,26.190476190476193,bomber jacket,Outerwear
2022-05-29,26.190476190476193,bomber jacket,Outerwear
2022-06-05,23.809523809523807,bomber jacket,Outerwear
2022-06-12,21.428571428571427,bomber jacket,Outerwear
2022-06-19,21.428571428571427,bomber jacket,Outerwear
2022-06-26,21.428571428571427,bomber jacket,Outerwear
2022-07-03,21.428571428571427,bomber jacket,Outerwear
2022-07-10,23.809523809523807,bomber jacket,Outerwear
2022-07-17,28.57142857142857,bomber jacket,Outerwear
2022-07-24,28.57142857142857,bomber jacket,Outerwear
2022-07-31,28.57142857142857,bomber jacket,Outerwear
2022-08-07,30.952380952380953,bomber jacket,Outerwear
2022-08-14,33.33333333333333,bomber jacket,Outerwear
2022-08-21,33.33333333333333,bomber jacket,Outerwear
2022-08-28,35.714285714285715,bomber jacket,Outerwear
2022-09-04,40.476190476190474,bomber jacket,Outerwear
2022-09-11,40.476190476190474,bomber jacket,Outerwear
2022-09-18,45.23809523809524,bomber jacket,Outerwear
2022-09-25,57.14285714285714,bomber jacket,Outerwear
2022-10-02,61.904761904761905,bomber jacket,Outerwear
2022-10-09,61.904761904761905,bomber jacket,Outerwear
2022-10-16,69.04761904761905,bomber jacket,Outerwear
2022-10-23,69.04761904761905,bomber jacket,Outerwear
2022-10-30,57.14285714285714,bomber jacket,Outerwear
2022-11-06,57.14285714285714,bomber jacket,Outerwear
2022-11-13,66.66666666666666,bomber jacket,Outerwear
2022-11-20,83.33333333333334,bomber jacket,Outerwear
2022-11-27,69.04761904761905,bomber jacket,Outerwear
2022-12-04,64.28571428571429,bomber jacket,Outerwear
2022-12-11,71.42857142857143,bomber jacket,Outerwear
2022-12-18,71.42857142857143,bomber jacket,Outerwear
2022-12-25,61.904761904761905,bomber jacket,Outerwear
2023-01-01,50.0,bomber jacket,Outerwear
2023-01-08,50.0,bomber jacket,Outerwear
2023-01-15,52.38095238095239,bomber jacket,Outerwear
2023-01-22,50.0,bomber jacket,Outerwear
2023-01-29,54.761904761904766,bomber jacket,Outerwear
2023-02-05,50.0,bomber jacket,Outerwear
2023-02-12,50.0,bomber jacket,Outerwear
2023-02-19,47.61904761904761,bomber jacket,Outerwear
2023-02-26,50.0,bomber jacket,Outerwear
2023-03-05,45.23809523809524,bomber jacket,Outerwear
2023-03-12,47.61904761904761,bomber jacket,Outerwear
2023-03-19,47.61904761904761,bomber jacket,Outerwear
2023-03-26,42.857142857142854,bomber jacket,Outerwear
2023-04-02,42.857142857142854,bomber jacket,Outerwear
2023-04-09,38.095238095238095,bomber jacket,Outerwear
2023-04-16,35.714285714285715,bomber jacket,Outerwear
2023-04-23,38.095238095238095,bomber jacket,Outerwear
2023-04-30,35.714285714285715,bomber jacket,Outerwear
2023-05-07,28.57142857142857,bomber jacket,Outerwear
2023-05-14,28.57142857142857,bomber jacket,Outerwear
2023-05-21,28.57142857142857,bomber jacket,Outerwear
2023-05-28,26.190476190476193,bomber jacket,Outerwear
2023-06-04,26.190476190476193,bomber jacket,Outerwear
2023-06-11,26.190476190476193,bomber jacket,Outerwear
2023-06-18,23.809523809523807,bomber jacket,Outerwear
2023-06-25,23.809523809523807,bomber jacket,Outerwear
2023-07-02,23.809523809523807,bomber jacket,Outerwear
2023-07-09,23.809523809523807,bomber jacket,Outerwear
2023-07-16,23.809523809523807,bomber jacket,Outerwear
2023-07-23,28.57142857142857,bomber jacket,Outerwear
2023-07-30,28.57142857142857,bomber jacket,Outerwear
2023-08-06,28.57142857142857,bomber jacket,Outerwear
2023-08-13,30.952380952380953,bomber jacket,Outerwear
2023-08-20,30.952380952380953,bomber jacket,Outerwear
2023-08-27,35.714285714285715,bomber jacket,Outerwear
2023-09-03,40.476190476190474,bomber jacket,Outerwear
2023-09-10,45.23809523809524,bomber jacket,Outerwear
2023-09-17,47.61904761904761,bomber jacket,Outerwear
2023-09-24,54.761904761904766,bomber jacket,Outerwear
2023-10-01,52.38095238095239,bomber jacket,Outerwear
2023-10-08,64.28571428571429,bomber jacket,Outerwear
2023-10-15,64.28571428571429,bomber jacket,Outerwear
2023-10-22,59.523809523809526,bomber jacket,Outerwear
2023-10-29,66.66666666666666,bomber jacket,Outerwear
2023-11-05,64.28571428571429,bomber jacket,Outerwear
2023-11-12,66.66666666666666,bomber jacket,Outerwear
2023-11-19,88.09523809523809,bomber jacket,Outerwear
2023-11-26,78.57142857142857,bomber jacket,Outerwear
2023-12-03,66.66666666666666,bomber jacket,Outerwear
2023-12-10,69.04761904761905,bomber jacket,Outerwear
2023-12-17,64.28571428571429,bomber jacket,Outerwear
2023-12-24,66.66666666666666,bomber jacket,Outerwear
2023-12-31,54.761904761904766,bomber jacket,Outerwear
2024-01-07,61.904761904761905,bomber jacket,Outerwear
2024-01-14,57.14285714285714,bomber jacket,Outerwear
2024-01-21,57.14285714285714,bomber jacket,Outerwear
2024-01-28,52.38095238095239,bomber jacket,Outerwear
2024-02-04,52.38095238095239,bomber jacket,Outerwear
2024-02-11,50.0,bomber jacket,Outerwear
2024-02-18,50.0,bomber jacket,Outerwear
2024-02-25,52.38095238095239,bomber jacket,Outerwear
2024-03-03,45.23809523809524,bomber jacket,Outerwear
2024-03-10,45.23809523809524,bomber jacket,Outerwear
2024-03-17,42.857142857142854,bomber jacket,Outerwear
2024-03-24,42.857142857142854,bomber jacket,Outerwear
2024-03-31,45.23809523809524,bomber jacket,Outerwear
2024-04-07,40.476190476190474,bomber jacket,Outerwear
2024-04-14,35.714285714285715,bomber jacket,Outerwear
2024-04-21,38.095238095238095,bomber jacket,Outerwear
2024-04-28,30.952380952380953,bomber jacket,Outerwear
2024-05-05,30.952380952380953,bomber jacket,Outerwear
2024-05-12,28.57142857142857,bomber jacket,Outerwear
2024-05-19,23.809523809523807,bomber jacket,Outerwear
2024-05-26,26.190476190476193,bomber jacket,Outerwear
2024-06-02,21.428571428571427,bomber jacket,Outerwear
2024-06-09,23.809523809523807,bomber jacket,Outerwear
2024-06-16,21.428571428571427,bomber jacket,Outerwear
2024-06-23,21.428571428571427,bomber jacket,Outerwear
2024-06-30,21.428571428571427,bomber jacket,Outerwear
2024-07-07,23.809523809523807,bomber jacket,Outerwear
2024-07-14,21.428571428571427,bomber jacket,Outerwear
2024-07-21,26.190476190476193,bomber jacket,Outerwear
2024-07-28,26.190476190476193,bomber jacket,Outerwear
2024-08-04,30.952380952380953,bomber jacket,Outerwear
2024-08-11,35.714285714285715,bomber jacket,Outerwear
2024-08-18,38.095238095238095,bomber jacket,Outerwear
2024-08-25,38.095238095238095,bomber jacket,Outerwear
2024-09-01,45.23809523809524,bomber jacket,Outerwear
2024-09-08,47.61904761904761,bomber jacket,Outerwear
2024-09-15,47.61904761904761,bomber jacket,Outerwear
2024-09-22,54.761904761904766,bomber jacket,Outerwear
2024-09-29,59.523809523809526,bomber jacket,Outerwear
2024-10-06,61.904761904761905,bomber jacket,Outerwear
2024-10-13,73.80952380952381,bomber jacket,Outerwear
2024-10-20,69.04761904761905,bomber jacket,Outerwear
2024-10-27,66.66666666666666,bomber jacket,Outerwear
2024-11-03,59.523809523809526,bomber jacket,Outerwear
2024-11-10,69.04761904761905,bomber jacket,Outerwear
2024-11-17,80.95238095238095,bomber jacket,Outerwear
2024-11-24,100.0,bomber jacket,Outerwear
2024-12-01,88.09523809523809,bomber jacket,Outerwear
2024-12-08,83.33333333333334,bomber jacket,Outerwear
2024-12-15,69.04761904761905,bomber jacket,Outerwear
2024-12-22,66.66666666666666,bomber jacket,Outerwear
2024-12-29,66.66666666666666,bomber jacket,Outerwear
2025-01-05,66.66666666666666,bomber jacket,Outerwear
2025-01-12,69.04761904761905,bomber jacket,Outerwear
2025-01-19,61.904761904761905,bomber jacket,Outerwear
2025-01-26,54.761904761904766,bomber jacket,Outerwear
2025-02-02,50.0,bomber jacket,Outerwear
2025-02-09,52.38095238095239,bomber jacket,Outerwear
2025-02-16,52.38095238095239,bomber jacket,Outerwear
2020-02-16,30.0,pea coat,Outerwear
2020-02-23,30.0,pea coat,Outerwear
2020-03-01,20.0,pea coat,Outerwear
2020-03-08,20.0,pea coat,Outerwear
2020-03-15,10.0,pea coat,Outerwear
2020-03-22,10.0,pea coat,Outerwear
2020-03-29,10.0,pea coat,Outerwear
2020-04-05,10.0,pea coat,Outerwear
2020-04-12,10.0,pea coat,Outerwear
2020-04-19,10.0,pea coat,Outerwear
2020-04-26,10.0,pea coat,Outerwear
2020-05-03,10.0,pea coat,Outerwear
2020-05-10,10.0,pea coat,Outerwear
2020-05-17,10.0,pea coat,Outerwear
2020-05-24,10.0,pea coat,Outerwear
2020-05-31,10.0,pea coat,Outerwear
2020-06-07,10.0,pea coat,Outerwear
2020-06-14,10.0,pea coat,Outerwear
2020-06-21,10.0,pea coat,Outerwear
2020-06-28,10.0,pea coat,Outerwear
2020-07-05,10.0,pea coat,Outerwear
2020-07-12,10.0,pea coat,Outerwear
2020-07-19,10.0,pea coat,Outerwear
2020-07-26,10.0,pea coat,Outerwear
2020-08-02,20.0,pea coat,Outerwear
2020-08-09,20.0,pea coat,Outerwear
2020-08-16,20.0,pea coat,Outerwear
2020-08-23,10.0,pea coat,Outerwear
2020-08-30,20.0,pea coat,Outerwear
2020-09-06,20.0,pea coat,Outerwear
2020-09-13,30.0,pea coat,Outerwear
2020-09-20,30.0,pea coat,Outerwear
2020-09-27,30.0,pea coat,Outerwear
2020-10-04,40.0,pea coat,Outerwear
2020-10-11,40.0,pea coat,Outerwear
2020-10-18,50.0,pea coat,Outerwear
2020-10-25,50.0,pea coat,Outerwear
2020-11-01,40.0,pea coat,Outerwear
2020-11-08,50.0,pea coat,Outerwear
2020-11-15,60.0,pea coat,Outerwear
2020-11-22,70.0,pea coat,Outerwear
2020-11-29,70.0,pea coat,Outerwear
2020-12-06,70.0,pea coat,Outerwear
2020-12-13,70.0,pea coat,Outerwear
2020-12-20,60.0,pea coat,Outerwear
2020-12-27,50.0,pea coat,Outerwear
2021-01-03,40.0,pea coat,Outerwear
2021-01-10,40.0,pea coat,Outerwear
2021-01-17,40.0,pea coat,Outerwear
2021-01-24,40.0,pea coat,Outerwear
2021-01-31,40.0,pea coat,Outerwear
2021-02-07,40.0,pea coat,Outerwear
2021-02-14,30.0,pea coat,Outerwear
2021-02-21,20.0,pea coat,Outerwear
2021-02-28,20.0,pea coat,Outerwear
2021-03-07,20.0,pea coat,Outerwear
2021-03-14,20.0,pea coat,Outerwear
2021-03-21,10.0,pea coat,Outerwear
2021-03-28,10.0,pea coat,Outerwear
2021-04-04,10.0,pea coat,Outerwear
2021-04-11,10.0,pea coat,Outerwear
2021-04-18,10.0,pea coat,Outerwear
2021-04-25,10.0,pea coat,Outerwear
2021-05-02,10.0,pea coat,Outerwear
2021-05-09,10.0,pea coat,Outerwear
2021-05-16,10.0,pea coat,Outerwear
2021-05-23,10.0,pea coat,Outerwear
2021-05-30,10.0,pea coat,Outerwear
2021-06-06,10.0,pea coat,Outerwear
2021-06-13,10.0,pea coat,Outerwear
2021-06-20,10.0,pea coat,Outerwear
2021-06-27,10.0,pea coat,Outerwear
2021-07-04,10.0,pea coat,Outerwear
2021-07-11,10.0,pea coat,Outerwear
2021-07-18,10.0,pea coat,Outerwear
2021-07-25,10.0,pea coat,Outerwear
2021-08-01,10.0,pea coat,Outerwear
2021-08-08,10.0,pea coat,Outerwear
2021-08-15,20.0,pea coat,Outerwear
2021-08-22,20.0,pea coat,Outerwear
2021-08-29,20.0,pea coat,Outerwear
2021-09-05,20.0,pea coat,Outerwear
2021-09-12,20.0,pea coat,Outerwear
2021-09-19,30.0,pea coat,Outerwear
2021-09-26,30.0,pea coat,Outerwear
2021-10-03,40.0,pea coat,Outerwear
2021-10-10,30.0,pea coat,Outerwear
2021-10-17,50.0,pea coat,Outerwear
2021-10-24,50.0,pea coat,Outerwear
2021-10-31,60.0,pea coat,Outerwear
2021-11-07,70.0,pea coat,Outerwear
2021-11-14,80.0,pea coat,Outerwear
2021-11-21,100.0,pea coat,Outerwear
2021-11-28,100.0,pea coat,Outerwear
2021-12-05,90.0,pea coat,Outerwear
2021-12-12,80.0,pea coat,Outerwear
2021-12-19,70.0,pea coat,Outerwear
2021-12-26,50.0,pea coat,Outerwear
2022-01-02,50.0,pea coat,Outerwear
2022-01-09,40.0,pea coat,Outerwear
2022-01-16,40.0,pea coat,Outerwear
2022-01-23,40.0,pea coat,Outerwear
2022-01-30,40.0,pea coat,Outerwear
2022-02-06,30.0,pea coat,Outerwear
2022-02-13,30.0,pea coat,Outerwear
2022-02-20,20.0,pea coat,Outerwear
2022-02-27,20.0,pea coat,Outerwear
2022-03-06,20.0,pea coat,Outerwear
2022-03-13,20.0,pea coat,Outerwear
2022-03-20,20.0,pea coat,Outerwear
2022-03-27,20.0,pea coat,Outerwear
2022-04-03,10.0,pea coat,Outerwear
2022-04-10,10.0,pea coat,Outerwear
2022-04-17,10.0,pea coat,Outerwear
2022-04-24,10.0,pea coat,Outerwear
2022-05-01,10.0,pea coat,Outerwear
2022-05-08,10.0,pea coat,Outerwear
2022-05-15,10.0,pea coat,Outerwear
2022-05-22,10.0,pea coat,Outerwear
2022-05-29,10.0,pea coat,Outerwear
2022-06-05,10.0,pea coat,Outerwear
2022-06-12,10.0,pea coat,Outerwear
2022-06-19,10.0,pea coat,Outerwear
2022-06-26,10.0,pea coat,Outerwear
2022-07-03,10.0,pea coat,Outerwear
2022-07-10,10.0,pea coat,Outerwear
2022-07-17,10.0,pea coat,Outerwear
2022-07-24,10.0,pea coat,Outerwear
2022-07-31,10.0,pea coat,Outerwear
2022-08-07,10.0,pea coat,Outerwear
2022-08-14,20.0,pea coat,Outerwear
2022-08-21,20.0,pea coat,Outerwear
2022-08-28,20.0,pea coat,Outerwear
2022-09-04,20.0,pea coat,Outerwear
2022-09-11,20.0,pea coat,Outerwear
2022-09-18,30.0,pea coat,Outerwear
2022-09-25,30.0,pea coat,Outerwear
2022-10-02,40.0,pea coat,Outerwear
2022-10-09,40.0,pea coat,Outerwear
2022-10-16,50.0,pea coat,Outerwear
2022-10-23,40.0,pea coat,Outerwear
2022-10-30,40.0,pea coat,Outerwear
2022-11-06,50.0,pea coat,Outerwear
2022-11-13,100.0,pea coat,Outerwear
2022-11-20,90.0,pea coat,Outerwear
2022-11-27,80.0,pea coat,Outerwear
2022-12-04,70.0,pea coat,Outerwear
2022-12-11,80.0,pea coat,Outerwear
2022-12-18,80.0,pea coat,Outerwear
2022-12-25,60.0,pea coat,Outerwear
2023-01-01,40.0,pea coat,Outerwear
2023-01-08,40.0,pea coat,Outerwear
2023-01-15,30.0,pea coat,Outerwear
2023-01-22,40.0,pea coat,Outerwear
2023-01-29,40.0,pea coat,Outerwear
2023-02-05,30.0,pea coat,Outerwear
2023-02-12,30.0,pea coat,Outerwear
2023-02-19,20.0,pea coat,Outerwear
2023-02-26,20.0,pea coat,Outerwear
2023-03-05,20.0,pea coat,Outerwear
2023-03-12,20.0,pea coat,Outerwear
2023-03-19,20.0,pea coat,Outerwear
2023-03-26,20.0,pea coat,Outerwear
2023-04-02,10.0,pea coat,Outerwear
2023-04-09,10.0,pea coat,Outerwear
2023-04-16,10.0,pea coat,Outerwear
2023-04-23,10.0,pea coat,Outerwear
2023-04-30,10.0,pea coat,Outerwear
2023-05-07,10.0,pea coat,Outerwear
2023-05-14,10.0,pea coat,Outerwear
2023-05-21,10.0,pea coat,Outerwear
2023-05-28,10.0,pea coat,Outerwear
2023-06-04,10.0,pea coat,Outerwear
2023-06-11,10.0,pea coat,Outerwear
2023-06-18,10.0,pea coat,Outerwear
2023-06-25,10.0,pea coat,Outerwear
2023-07-02,10.0,pea coat,Outerwear
2023-07-09,10.0,pea coat,Outerwear
2023-07-16,10.0,pea coat,Outerwear
2023-07-23,10.0,pea coat,Outerwear
2023-07-30,10.0,pea coat,Outerwear
2023-08-06,10.0,pea coat,Outerwear
2023-08-13,10.0,pea coat,Outerwear
2023-08-20,20.0,pea coat,Outerwear
2023-08-27,20.0,pea coat,Outerwear
2023-09-03,20.0,pea coat,Outerwear
2023-09-10,20.0,pea coat,Outerwear
2023-09-17,20.0,pea coat,Outerwear
2023-09-24,30.0,pea coat,Outerwear
2023-10-01,30.0,pea coat,Outerwear
2023-10-08,40.0,pea coat,Outerwear
2023-10-15,40.0,pea coat,Outerwear
2023-10-22,40.0,pea coat,Outerwear
2023-10-29,60.0,pea coat,Outerwear
2023-11-05,50.0,pea coat,Outerwear
2023-11-12,60.0,pea coat,Outerwear
2023-11-19,80.0,pea coat,Outerwear
2023-11-26,80.0,pea coat,Outerwear
2023-12-03,70.0,pea coat,Outerwear
2023-12-10,80.0,pea coat,Outerwear
2023-12-17,70.0,pea coat,Outerwear
2023-12-24,60.0,pea coat,Outerwear
2023-12-31,50.0,pea coat,Outerwear
2024-01-07,60.0,pea coat,Outerwear
2024-01-14,80.0,pea coat,Outerwear
2024-01-21,40.0,pea coat,Outerwear
2024-01-28,30.0,pea coat,Outerwear
2024-02-04,30.0,pea coat,Outerwear
2024-02-11,30.0,pea coat,Outerwear
2024-02-18,30.0,pea coat,Outerwear
2024-02-25,20.0,pea coat,Outerwear
2024-03-03,20.0,pea coat,Outerwear
2024-03-10,20.0,pea coat,Outerwear
2024-03-17,20.0,pea coat,Outerwear
2024-03-24,10.0,pea coat,Outerwear
2024-03-31,20.0,pea coat,Outerwear
2024-04-07,10.0,pea coat,Outerwear
2024-04-14,10.0,pea coat,Outerwear
2024-04-21,10.0,pea coat,Outerwear
2024-04-28,10.0,pea coat,Outerwear
2024-05-05,10.0,pea coat,Outerwear
2024-05-12,10.0,pea coat,Outerwear
2024-05-19,10.0,pea coat,Outerwear
2024-05-26,10.0,pea coat,Outerwear
2024-06-02,10.0,pea coat,Outerwear
2024-06-09,10.0,pea coat,Outerwear
2024-06-16,10.0,pea coat,Outerwear
2024-06-23,10.0,pea coat,Outerwear
2024-06-30,10.0,pea coat,Outerwear
2024-07-07,10.0,pea coat,Outerwear
2024-07-14,10.0,pea coat,Outerwear
2024-07-21,10.0,pea coat,Outerwear
2024-07-28,10.0,pea coat,Outerwear
2024-08-04,10.0,pea coat,Outerwear
2024-08-11,20.0,pea coat,Outerwear
2024-08-18,20.0,pea coat,Outerwear
2024-08-25,20.0,pea coat,Outerwear
2024-09-01,20.0,pea coat,Outerwear
2024-09-08,20.0,pea coat,Outerwear
2024-09-15,20.0,pea coat,Outerwear
2024-09-22,30.0,pea coat,Outerwear
2024-09-29,30.0,pea coat,Outerwear
2024-10-06,30.0,pea coat,Outerwear
2024-10-13,40.0,pea coat,Outerwear
2024-10-20,40.0,pea coat,Outerwear
2024-10-27,40.0,pea coat,Outerwear
2024-11-03,40.0,pea coat,Outerwear
2024-11-10,60.0,pea coat,Outerwear
2024-11-17,80.0,pea coat,Outerwear
2024-11-24,90.0,pea coat,Outerwear
2024-12-01,100.0,pea coat,Outerwear
2024-12-08,100.0,pea coat,Outerwear
2024-12-15,80.0,pea coat,Outerwear
2024-12-22,70.0,pea coat,Outerwear
2024-12-29,60.0,pea coat,Outerwear
2025-01-05,60.0,pea coat,Outerwear
2025-01-12,50.0,pea coat,Outerwear
2025-01-19,50.0,pea coat,Outerwear
2025-01-26,30.0,pea coat,Outerwear
2025-02-02,30.0,pea coat,Outerwear
2025-02-09,30.0,pea coat,Outerwear
2025-02-16,30.0,pea coat,Outerwear
2020-02-16,33.33333333333333,parka,Outerwear
2020-02-23,26.08695652173913,parka,Outerwear
2020-03-01,20.28985507246377,parka,Outerwear
2020-03-08,17.391304347826086,parka,Outerwear
2020-03-15,13.043478260869565,parka,Outerwear
2020-03-22,14.492753623188406,parka,Outerwear
2020-03-29,13.043478260869565,parka,Outerwear
2020-04-05,13.043478260869565,parka,Outerwear
2020-04-12,13.043478260869565,parka,Outerwear
2020-04-19,13.043478260869565,parka,Outerwear
2020-04-26,13.043478260869565,parka,Outerwear
2020-05-03,11.594202898550725,parka,Outerwear
2020-05-10,13.043478260869565,parka,Outerwear
2020-05-17,13.043478260869565,parka,Outerwear
2020-05-24,11.594202898550725,parka,Outerwear
2020-05-31,11.594202898550725,parka,Outerwear
2020-06-07,11.594202898550725,parka,Outerwear
2020-06-14,11.594202898550725,parka,Outerwear
2020-06-21,11.594202898550725,parka,Outerwear
2020-06-28,11.594202898550725,parka,Outerwear
2020-07-05,13.043478260869565,parka,Outerwear
2020-07-12,14.492753623188406,parka,Outerwear
2020-07-19,14.492753623188406,parka,Outerwear
2020-07-26,15.942028985507244,parka,Outerwear
2020-08-02,17.391304347826086,parka,Outerwear
2020-08-09,17.391304347826086,parka,Outerwear
2020-08-16,17.391304347826086,parka,Outerwear
2020-08-23,17.391304347826086,parka,Outerwear
2020-08-30,18.84057971014493,parka,Outerwear
2020-09-06,23.18840579710145,parka,Outerwear
2020-09-13,27.536231884057973,parka,Outerwear
2020-09-20,28.985507246376812,parka,Outerwear
2020-09-27,30.434782608695656,parka,Outerwear
2020-10-04,28.985507246376812,parka,Outerwear
2020-10-11,34.78260869565217,parka,Outerwear
2020-10-18,39.130434782608695,parka,Outerwear
2020-10-25,46.3768115942029,parka,Outerwear
2020-11-01,37.68115942028986,parka,Outerwear
2020-11-08,39.130434782608695,parka,Outerwear
2020-11-15,47.82608695652174,parka,Outerwear
2020-11-22,63.76811594202898,parka,Outerwear
2020-11-29,65.21739130434783,parka,Outerwear
2020-12-06,56.52173913043478,parka,Outerwear
2020-12-13,56.52173913043478,parka,Outerwear
2020-12-20,50.72463768115942,parka,Outerwear
2020-12-27,55.072463768115945,parka,Outerwear
2021-01-03,39.130434782608695,parka,Outerwear
2021-01-10,34.78260869565217,parka,Outerwear
2021-01-17,34.78260869565217,parka,Outerwear
2021-01-24,37.68115942028986,parka,Outerwear
2021-01-31,36.231884057971016,parka,Outerwear
2021-02-07,39.130434782608695,parka,Outerwear
2021-02-14,39.130434782608695,parka,Outerwear
2021-02-21,26.08695652173913,parka,Outerwear
2021-02-28,21.73913043478261,parka,Outerwear
2021-03-07,18.84057971014493,parka,Outerwear
2021-03-14,17.391304347826086,parka,Outerwear
2021-03-21,15.942028985507244,parka,Outerwear
2021-03-28,14.492753623188406,parka,Outerwear
2021-04-04,14.492753623188406,parka,Outerwear
2021-04-11,14.492753623188406,parka,Outerwear
2021-04-18,14.492753623188406,parka,Outerwear
2021-04-25,13.043478260869565,parka,Outerwear
2021-05-02,14.492753623188406,parka,Outerwear
2021-05-09,13.043478260869565,parka,Outerwear
2021-05-16,13.043478260869565,parka,Outerwear
2021-05-23,15.942028985507244,parka,Outerwear
2021-05-30,14.492753623188406,parka,Outerwear
2021-06-06,13.043478260869565,parka,Outerwear
2021-06-13,14.492753623188406,parka,Outerwear
2021-06-20,13.043478260869565,parka,Outerwear
2021-06-27,14.492753623188406,parka,Outerwear
2021-07-04,14.492753623188406,parka,Outerwear
2021-07-11,14.492753623188406,parka,Outerwear
2021-07-18,14.492753623188406,parka,Outerwear
2021-07-25,17.391304347826086,parka,Outerwear
2021-08-01,15.942028985507244,parka,Outerwear
2021-08-08,17.391304347826086,parka,Outerwear
2021-08-15,20.28985507246377,parka,Outerwear
2021-08-22,18.84057971014493,parka,Outerwear
2021-08-29,20.28985507246377,parka,Outerwear
2021-09-05,21.73913043478261,parka,Outerwear
2021-09-12,24.637681159420293,parka,Outerwear
2021-09-19,27.536231884057973,parka,Outerwear
2021-09-26,28.985507246376812,parka,Outerwear
2021-10-03,27.536231884057973,parka,Outerwear
2021-10-10,31.88405797101449,parka,Outerwear
2021-10-17,37.68115942028986,parka,Outerwear
2021-10-24,42.028985507246375,parka,Outerwear
2021-10-31,50.72463768115942,parka,Outerwear
2021-11-07,50.72463768115942,parka,Outerwear
2021-11-14,55.072463768115945,parka,Outerwear
2021-11-21,81.15942028985508,parka,Outerwear
2021-11-28,79.71014492753623,parka,Outerwear
2021-12-05,62.31884057971014,parka,Outerwear
2021-12-12,47.82608695652174,parka,Outerwear
2021-12-19,50.72463768115942,parka,Outerwear
2021-12-26,44.927536231884055,parka,Outerwear
2022-01-02,53.62318840579711,parka,Outerwear
2022-01-09,44.927536231884055,parka,Outerwear
2022-01-16,43.47826086956522,parka,Outerwear
2022-01-23,43.47826086956522,parka,Outerwear
2022-01-30,39.130434782608695,parka,Outerwear
2022-02-06,31.88405797101449,parka,Outerwear
2022-02-13,27.536231884057973,parka,Outerwear
2022-02-20,28.985507246376812,parka,Outerwear
2022-02-27,21.73913043478261,parka,Outerwear
2022-03-06,21.73913043478261,parka,Outerwear
2022-03-13,18.84057971014493,parka,Outerwear
2022-03-20,17.391304347826086,parka,Outerwear
2022-03-27,15.942028985507244,parka,Outerwear
2022-04-03,14.492753623188406,parka,Outerwear
2022-04-10,14.492753623188406,parka,Outerwear
2022-04-17,14.492753623188406,parka,Outerwear
2022-04-24,13.043478260869565,parka,Outerwear
2022-05-01,13.043478260869565,parka,Outerwear
2022-05-08,11.594202898550725,parka,Outerwear
2022-05-15,11.594202898550725,parka,Outerwear
2022-05-22,10.144927536231885,parka,Outerwear
2022-05-29,11.594202898550725,parka,Outerwear
2022-06-05,10.144927536231885,parka,Outerwear
2022-06-12,11.594202898550725,parka,Outerwear
2022-06-19,11.594202898550725,parka,Outerwear
2022-06-26,11.594202898550725,parka,Outerwear
2022-07-03,11.594202898550725,parka,Outerwear
2022-07-10,13.043478260869565,parka,Outerwear
2022-07-17,11.594202898550725,parka,Outerwear
2022-07-24,13.043478260869565,parka,Outerwear
2022-07-31,14.492753623188406,parka,Outerwear
2022-08-07,15.942028985507244,parka,Outerwear
2022-08-14,15.942028985507244,parka,Outerwear
2022-08-21,17.391304347826086,parka,Outerwear
2022-08-28,17.391304347826086,parka,Outerwear
2022-09-04,20.28985507246377,parka,Outerwear
2022-09-11,20.28985507246377,parka,Outerwear
2022-09-18,23.18840579710145,parka,Outerwear
2022-09-25,30.434782608695656,parka,Outerwear
2022-10-02,30.434782608695656,parka,Outerwear
2022-10-09,33.33333333333333,parka,Outerwear
2022-10-16,42.028985507246375,parka,Outerwear
2022-10-23,34.78260869565217,parka,Outerwear
2022-10-30,33.33333333333333,parka,Outerwear
2022-11-06,39.130434782608695,parka,Outerwear
2022-11-13,75.36231884057972,parka,Outerwear
2022-11-20,91.30434782608695,parka,Outerwear
2022-11-27,66.66666666666666,parka,Outerwear
2022-12-04,53.62318840579711,parka,Outerwear
2022-12-11,66.66666666666666,parka,Outerwear
2022-12-18,78.26086956521739,parka,Outerwear
2022-12-25,69.56521739130434,parka,Outerwear
2023-01-01,37.68115942028986,parka,Outerwear
2023-01-08,34.78260869565217,parka,Outerwear
2023-01-15,36.231884057971016,parka,Outerwear
2023-01-22,33.33333333333333,parka,Outerwear
2023-01-29,37.68115942028986,parka,Outerwear
2023-02-05,27.536231884057973,parka,Outerwear
2023-02-12,23.18840579710145,parka,Outerwear
2023-02-19,26.08695652173913,parka,Outerwear
2023-02-26,24.637681159420293,parka,Outerwear
2023-03-05,20.28985507246377,parka,Outerwear
2023-03-12,20.28985507246377,parka,Outerwear
2023-03-19,18.84057971014493,parka,Outerwear
2023-03-26,17.391304347826086,parka,Outerwear
2023-04-02,15.942028985507244,parka,Outerwear
2023-04-09,13.043478260869565,parka,Outerwear
2023-04-16,13.043478260869565,parka,Outerwear
2023-04-23,11.594202898550725,parka,Outerwear
2023-04-30,13.043478260869565,parka,Outerwear
2023-05-07,10.144927536231885,parka,Outerwear
2023-05-14,10.144927536231885,parka,Outerwear
2023-05-21,11.594202898550725,parka,Outerwear
2023-05-28,11.594202898550725,parka,Outerwear
2023-06-04,11.594202898550725,parka,Outerwear
2023-06-11,10.144927536231885,parka,Outerwear
2023-06-18,10.144927536231885,parka,Outerwear
2023-06-25,10.144927536231885,parka,Outerwear
2023-07-02,11.594202898550725,parka,Outerwear
2023-07-09,10.144927536231885,parka,Outerwear
2023-07-16,11.594202898550725,parka,Outerwear
2023-07-23,13.043478260869565,parka,Outerwear
2023-07-30,13.043478260869565,parka,Outerwear
2023-08-06,14.492753623188406,parka,Outerwear
2023-08-13,14.492753623188406,parka,Outerwear
2023-08-20,15.942028985507244,parka,Outerwear
2023-08-27,17.391304347826086,parka,Outerwear
2023-09-03,18.84057971014493,parka,Outerwear
2023-09-10,20.28985507246377,parka,Outerwear
2023-09-17,23.18840579710145,parka,Outerwear
2023-09-24,24.637681159420293,parka,Outerwear
2023-10-01,23.18840579710145,parka,Outerwear
2023-10-08,33.33333333333333,parka,Outerwear
2023-10-15,31.88405797101449,parka,Outerwear
2023-10-22,37.68115942028986,parka,Outerwear
2023-10-29,52.17391304347826,parka,Outerwear
2023-11-05,40.57971014492754,parka,Outerwear
2023-11-12,43.47826086956522,parka,Outerwear
2023-11-19,69.56521739130434,parka,Outerwear
2023-11-26,79.71014492753623,parka,Outerwear
2023-12-03,50.72463768115942,parka,Outerwear
2023-12-10,46.3768115942029,parka,Outerwear
2023-12-17,42.028985507246375,parka,Outerwear
2023-12-24,42.028985507246375,parka,Outerwear
2023-12-31,40.57971014492754,parka,Outerwear
2024-01-07,49.275362318840585,parka,Outerwear
2024-01-14,66.66666666666666,parka,Outerwear
2024-01-21,37.68115942028986,parka,Outerwear
2024-01-28,28.985507246376812,parka,Outerwear
2024-02-04,27.536231884057973,parka,Outerwear
2024-02-11,24.637681159420293,parka,Outerwear
2024-02-18,24.637681159420293,parka,Outerwear
2024-02-25,18.84057971014493,parka,Outerwear
2024-03-03,20.28985507246377,parka,Outerwear
2024-03-10,17.391304347826086,parka,Outerwear
2024-03-17,15.942028985507244,parka,Outerwear
2024-03-24,17.391304347826086,parka,Outerwear
2024-03-31,15.942028985507244,parka,Outerwear
2024-04-07,14.492753623188406,parka,Outerwear
2024-04-14,13.043478260869565,parka,Outerwear
2024-04-21,13.043478260869565,parka,Outerwear
2024-04-28,11.594202898550725,parka,Outerwear
2024-05-05,11.594202898550725,parka,Outerwear
2024-05-12,11.594202898550725,parka,Outerwear
2024-05-19,11.594202898550725,parka,Outerwear
2024-05-26,11.594202898550725,parka,Outerwear
2024-06-02,11.594202898550725,parka,Outerwear
2024-06-09,10.144927536231885,parka,Outerwear
2024-06-16,10.144927536231885,parka,Outerwear
2024-06-23,13.043478260869565,parka,Outerwear
2024-06-30,13.043478260869565,parka,Outerwear
2024-07-07,11.594202898550725,parka,Outerwear
2024-07-14,13.043478260869565,parka,Outerwear
2024-07-21,13.043478260869565,parka,Outerwear
2024-07-28,14.492753623188406,parka,Outerwear
2024-08-04,15.942028985507244,parka,Outerwear
2024-08-11,15.942028985507244,parka,Outerwear
2024-08-18,18.84057971014493,parka,Outerwear
2024-08-25,17.391304347826086,parka,Outerwear
2024-09-01,20.28985507246377,parka,Outerwear
2024-09-08,20.28985507246377,parka,Outerwear
2024-09-15,21.73913043478261,parka,Outerwear
2024-09-22,23.18840579710145,parka,Outerwear
2024-09-29,21.73913043478261,parka,Outerwear
2024-10-06,26.08695652173913,parka,Outerwear
2024-10-13,37.68115942028986,parka,Outerwear
2024-10-20,30.434782608695656,parka,Outerwear
2024-10-27,34.78260869565217,parka,Outerwear
2024-11-03,31.88405797101449,parka,Outerwear
2024-11-10,46.3768115942029,parka,Outerwear
2024-11-17,53.62318840579711,parka,Outerwear
2024-11-24,84.05797101449275,parka,Outerwear
2024-12-01,100.0,parka,Outerwear
2024-12-08,69.56521739130434,parka,Outerwear
2024-12-15,53.62318840579711,parka,Outerwear
2024-12-22,53.62318840579711,parka,Outerwear
2024-12-29,44.927536231884055,parka,Outerwear
2025-01-05,60.86956521739131,parka,Outerwear
2025-01-12,57.971014492753625,parka,Outerwear
2025-01-19,55.072463768115945,parka,Outerwear
2025-01-26,34.78260869565217,parka,Outerwear
2025-02-02,33.33333333333333,parka,Outerwear
2025-02-09,34.78260869565217,parka,Outerwear
2025-02-16,39.130434782608695,parka,Outerwear
2020-02-16,64.0,running shoes,Sneakers
2020-02-23,66.0,running shoes,Sneakers
2020-03-01,73.0,running shoes,Sneakers
2020-03-08,57.99999999999999,running shoes,Sneakers
2020-03-15,43.0,running shoes,Sneakers
2020-03-22,53.0,running shoes,Sneakers
2020-03-29,61.0,running shoes,Sneakers
2020-04-05,72.0,running shoes,Sneakers
2020-04-12,79.0,running shoes,Sneakers
2020-04-19,86.0,running shoes,Sneakers
2020-04-26,90.0,running shoes,Sneakers
2020-05-03,96.0,running shoes,Sneakers
2020-05-10,94.0,running shoes,Sneakers
2020-05-17,99.0,running shoes,Sneakers
2020-05-24,87.0,running shoes,Sneakers
2020-05-31,85.0,running shoes,Sneakers
2020-06-07,79.0,running shoes,Sneakers
2020-06-14,83.0,running shoes,Sneakers
2020-06-21,78.0,running shoes,Sneakers
2020-06-28,81.0,running shoes,Sneakers
2020-07-05,77.0,running shoes,Sneakers
2020-07-12,75.0,running shoes,Sneakers
2020-07-19,72.0,running shoes,Sneakers
2020-07-26,75.0,running shoes,Sneakers
2020-08-02,78.0,running shoes,Sneakers
2020-08-09,72.0,running shoes,Sneakers
2020-08-16,71.0,running shoes,Sneakers
2020-08-23,63.0,running shoes,Sneakers
2020-08-30,68.0,running shoes,Sneakers
2020-09-06,68.0,running shoes,Sneakers
2020-09-13,61.0,running shoes,Sneakers
2020-09-20,66.0,running shoes,Sneakers
2020-09-27,59.0,running shoes,Sneakers
2020-10-04,64.0,running shoes,Sneakers
2020-10-11,62.0,running shoes,Sneakers
2020-10-18,60.0,running shoes,Sneakers
2020-10-25,54.0,running shoes,Sneakers
2020-11-01,48.0,running shoes,Sneakers
2020-11-08,61.0,running shoes,Sneakers
2020-11-15,64.0,running shoes,Sneakers
2020-11-22,85.0,running shoes,Sneakers
2020-11-29,75.0,running shoes,Sneakers
2020-12-06,72.0,running shoes,Sneakers
2020-12-13,68.0,running shoes,Sneakers
2020-12-20,60.0,running shoes,Sneakers
2020-12-27,76.0,running shoes,Sneakers
2021-01-03,72.0,running shoes,Sneakers
2021-01-10,66.0,running shoes,Sneakers
2021-01-17,68.0,running shoes,Sneakers
2021-01-24,61.0,running shoes,Sneakers
2021-01-31,63.0,running shoes,Sneakers
2021-02-07,61.0,running shoes,Sneakers
2021-02-14,61.0,running shoes,Sneakers
2021-02-21,71.0,running shoes,Sneakers
2021-02-28,81.0,running shoes,Sneakers
2021-03-07,81.0,running shoes,Sneakers
2021-03-14,78.0,running shoes,Sneakers
2021-03-21,80.0,running shoes,Sneakers
2021-03-28,81.0,running shoes,Sneakers
2021-04-04,85.0,running shoes,Sneakers
2021-04-11,79.0,running shoes,Sneakers
2021-04-18,76.0,running shoes,Sneakers
2021-04-25,77.0,running shoes,Sneakers
2021-05-02,76.0,running shoes,Sneakers
2021-05-09,73.0,running shoes,Sneakers
2021-05-16,74.0,running shoes,Sneakers
2021-05-23,77.0,running shoes,Sneakers
2021-05-30,76.0,running shoes,Sneakers
2021-06-06,75.0,running shoes,Sneakers
2021-06-13,78.0,running shoes,Sneakers
2021-06-20,79.0,running shoes,Sneakers
2021-06-27,76.0,running shoes,Sneakers
2021-07-04,75.0,running shoes,Sneakers
2021-07-11,77.0,running shoes,Sneakers
2021-07-18,78.0,running shoes,Sneakers
2021-07-25,84.0,running shoes,Sneakers
2021-08-01,80.0,running shoes,Sneakers
2021-08-08,79.0,running shoes,Sneakers
2021-08-15,75.0,running shoes,Sneakers
2021-08-22,76.0,running shoes,Sneakers
2021-08-29,72.0,running shoes,Sneakers
2021-09-05,72.0,running shoes,Sneakers
2021-09-12,73.0,running shoes,Sneakers
2021-09-19,68.0,running shoes,Sneakers
2021-09-26,65.0,running shoes,Sneakers
2021-10-03,69.0,running shoes,Sneakers
2021-10-10,61.0,running shoes,Sneakers
2021-10-17,65.0,running shoes,Sneakers
2021-10-24,57.99999999999999,running shoes,Sneakers
2021-10-31,60.0,running shoes,Sneakers
2021-11-07,67.0,running shoes,Sneakers
2021-11-14,68.0,running shoes,Sneakers
2021-11-21,88.0,running shoes,Sneakers
2021-11-28,83.0,running shoes,Sneakers
2021-12-05,73.0,running shoes,Sneakers
2021-12-12,62.0,running shoes,Sneakers
2021-12-19,68.0,running shoes,Sneakers
2021-12-26,77.0,running shoes,Sneakers
2022-01-02,69.0,running shoes,Sneakers
2022-01-09,66.0,running shoes,Sneakers
2022-01-16,60.0,running shoes,Sneakers
2022-01-23,60.0,running shoes,Sneakers
2022-01-30,60.0,running shoes,Sneakers
2022-02-06,70.0,running shoes,Sneakers
2022-02-13,70.0,running shoes,Sneakers
2022-02-20,76.0,running shoes,Sneakers
2022-02-27,79.0,running shoes,Sneakers
2022-03-06,81.0,running shoes,Sneakers
2022-03-13,83.0,running shoes,Sneakers
2022-03-20,89.0,running shoes,Sneakers
2022-03-27,82.0,running shoes,Sneakers
2022-04-03,76.0,running shoes,Sneakers
2022-04-10,75.0,running shoes,Sneakers
2022-04-17,73.0,running shoes,Sneakers
2022-04-24,78.0,running shoes,Sneakers
2022-05-01,73.0,running shoes,Sneakers
2022-05-08,75.0,running shoes,Sneakers
2022-05-15,67.0,running shoes,Sneakers
2022-05-22,70.0,running shoes,Sneakers
2022-05-29,69.0,running shoes,Sneakers
2022-06-05,71.0,running shoes,Sneakers
2022-06-12,67.0,running shoes,Sneakers
2022-06-19,68.0,running shoes,Sneakers
2022-06-26,67.0,running shoes,Sneakers
2022-07-03,67.0,running shoes,Sneakers
2022-07-10,73.0,running shoes,Sneakers
2022-07-17,70.0,running shoes,Sneakers
2022-07-24,70.0,running shoes,Sneakers
2022-07-31,78.0,running shoes,Sneakers
2022-08-07,76.0,running shoes,Sneakers
2022-08-14,78.0,running shoes,Sneakers
2022-08-21,68.0,running shoes,Sneakers
2022-08-28,68.0,running shoes,Sneakers
2022-09-04,68.0,running shoes,Sneakers
2022-09-11,63.0,running shoes,Sneakers
2022-09-18,61.0,running shoes,Sneakers
2022-09-25,57.99999999999999,running shoes,Sneakers
2022-10-02,60.0,running shoes,Sneakers
2022-10-09,62.0,running shoes,Sneakers
2022-10-16,56.99999999999999,running shoes,Sneakers
2022-10-23,54.0,running shoes,Sneakers
2022-10-30,56.00000000000001,running shoes,Sneakers
2022-11-06,61.0,running shoes,Sneakers
2022-11-13,57.99999999999999,running shoes,Sneakers
2022-11-20,81.0,running shoes,Sneakers
2022-11-27,68.0,running shoes,Sneakers
2022-12-04,63.0,running shoes,Sneakers
2022-12-11,62.0,running shoes,Sneakers
2022-12-18,55.00000000000001,running shoes,Sneakers
2022-12-25,67.0,running shoes,Sneakers
2023-01-01,67.0,running shoes,Sneakers
2023-01-08,67.0,running shoes,Sneakers
2023-01-15,65.0,running shoes,Sneakers
2023-01-22,62.0,running shoes,Sneakers
2023-01-29,62.0,running shoes,Sneakers
2023-02-05,65.0,running shoes,Sneakers
2023-02-12,67.0,running shoes,Sneakers
2023-02-19,72.0,running shoes,Sneakers
2023-02-26,71.0,running shoes,Sneakers
2023-03-05,74.0,running shoes,Sneakers
2023-03-12,71.0,running shoes,Sneakers
2023-03-19,76.0,running shoes,Sneakers
2023-03-26,70.0,running shoes,Sneakers
2023-04-02,72.0,running shoes,Sneakers
2023-04-09,73.0,running shoes,Sneakers
2023-04-16,70.0,running shoes,Sneakers
2023-04-23,70.0,running shoes,Sneakers
2023-04-30,68.0,running shoes,Sneakers
2023-05-07,67.0,running shoes,Sneakers
2023-05-14,72.0,running shoes,Sneakers
2023-05-21,71.0,running shoes,Sneakers
2023-05-28,72.0,running shoes,Sneakers
2023-06-04,69.0,running shoes,Sneakers
2023-06-11,75.0,running shoes,Sneakers
2023-06-18,69.0,running shoes,Sneakers
2023-06-25,68.0,running shoes,Sneakers
2023-07-02,72.0,running shoes,Sneakers
2023-07-09,73.0,running shoes,Sneakers
2023-07-16,69.0,running shoes,Sneakers
2023-07-23,72.0,running shoes,Sneakers
2023-07-30,76.0,running shoes,Sneakers
2023-08-06,76.0,running shoes,Sneakers
2023-08-13,72.0,running shoes,Sneakers
2023-08-20,72.0,running shoes,Sneakers
2023-08-27,68.0,running shoes,Sneakers
2023-09-03,70.0,running shoes,Sneakers
2023-09-10,61.0,running shoes,Sneakers
2023-09-17,64.0,running shoes,Sneakers
2023-09-24,60.0,running shoes,Sneakers
2023-10-01,61.0,running shoes,Sneakers
2023-10-08,61.0,running shoes,Sneakers
2023-10-15,56.99999999999999,running shoes,Sneakers
2023-10-22,57.99999999999999,running shoes,Sneakers
2023-10-29,55.00000000000001,running shoes,Sneakers
2023-11-05,64.0,running shoes,Sneakers
2023-11-12,65.0,running shoes,Sneakers
2023-11-19,87.0,running shoes,Sneakers
2023-11-26,76.0,running shoes,Sneakers
2023-12-03,62.0,running shoes,Sneakers
2023-12-10,66.0,running shoes,Sneakers
2023-12-17,66.0,running shoes,Sneakers
2023-12-24,72.0,running shoes,Sneakers
2023-12-31,70.0,running shoes,Sneakers
2024-01-07,65.0,running shoes,Sneakers
2024-01-14,57.99999999999999,running shoes,Sneakers
2024-01-21,60.0,running shoes,Sneakers
2024-01-28,67.0,running shoes,Sneakers
2024-02-04,68.0,running shoes,Sneakers
2024-02-11,67.0,running shoes,Sneakers
2024-02-18,75.0,running shoes,Sneakers
2024-02-25,79.0,running shoes,Sneakers
2024-03-03,81.0,running shoes,Sneakers
2024-03-10,82.0,running shoes,Sneakers
2024-03-17,78.0,running shoes,Sneakers
2024-03-24,77.0,running shoes,Sneakers
2024-03-31,77.0,running shoes,Sneakers
2024-04-07,75.0,running shoes,Sneakers
2024-04-14,79.0,running shoes,Sneakers
2024-04-21,80.0,running shoes,Sneakers
2024-04-28,82.0,running shoes,Sneakers
2024-05-05,76.0,running shoes,Sneakers
2024-05-12,75.0,running shoes,Sneakers
2024-05-19,76.0,running shoes,Sneakers
2024-05-26,81.0,running shoes,Sneakers
2024-06-02,81.0,running shoes,Sneakers
2024-06-09,78.0,running shoes,Sneakers
2024-06-16,78.0,running shoes,Sneakers
2024-06-23,73.0,running shoes,Sneakers
2024-06-30,77.0,running shoes,Sneakers
2024-07-07,77.0,running shoes,Sneakers
2024-07-14,74.0,running shoes,Sneakers
2024-07-21,74.0,running shoes,Sneakers
2024-07-28,83.0,running shoes,Sneakers
2024-08-04,86.0,running shoes,Sneakers
2024-08-11,88.0,running shoes,Sneakers
2024-08-18,85.0,running shoes,Sneakers
2024-08-25,78.0,running shoes,Sneakers
2024-09-01,78.0,running shoes,Sneakers
2024-09-08,70.0,running shoes,Sneakers
2024-09-15,69.0,running shoes,Sneakers
2024-09-22,65.0,running shoes,Sneakers
2024-09-29,62.0,running shoes,Sneakers
2024-10-06,62.0,running shoes,Sneakers
2024-10-13,62.0,running shoes,Sneakers
2024-10-20,62.0,running shoes,Sneakers
2024-10-27,60.0,running shoes,Sneakers
2024-11-03,60.0,running shoes,Sneakers
2024-11-10,65.0,running shoes,Sneakers
2024-11-17,67.0,running shoes,Sneakers
2024-11-24,100.0,running shoes,Sneakers
2024-12-01,77.0,running shoes,Sneakers
2024-12-08,65.0,running shoes,Sneakers
2024-12-15,63.0,running shoes,Sneakers
2024-12-22,70.0,running shoes,Sneakers
2024-12-29,74.0,running shoes,Sneakers
2025-01-05,59.0,running shoes,Sneakers
2025-01-12,64.0,running shoes,Sneakers
2025-01-19,62.0,running shoes,Sneakers
2025-01-26,60.0,running shoes,Sneakers
2025-02-02,69.0,running shoes,Sneakers
2025-02-09,61.0,running shoes,Sneakers
2025-02-16,68.0,running shoes,Sneakers
2020-02-16,66.66666666666666,basketball sneakers,Sneakers
2020-02-23,33.33333333333333,basketball sneakers,Sneakers
2020-03-01,66.66666666666666,basketball sneakers,Sneakers
2020-03-08,33.33333333333333,basketball sneakers,Sneakers
2020-03-15,33.33333333333333,basketball sneakers,Sneakers
2020-03-22,33.33333333333333,basketball sneakers,Sneakers
2020-03-29,33.33333333333333,basketball sneakers,Sneakers
2020-04-05,33.33333333333333,basketball sneakers,Sneakers
2020-04-12,33.33333333333333,basketball sneakers,Sneakers
2020-04-19,33.33333333333333,basketball sneakers,Sneakers
2020-04-26,33.33333333333333,basketball sneakers,Sneakers
2020-05-03,33.33333333333333,basketball sneakers,Sneakers
2020-05-10,33.33333333333333,basketball sneakers,Sneakers
2020-05-17,33.33333333333333,basketball sneakers,Sneakers
2020-05-24,33.33333333333333,basketball sneakers,Sneakers
2020-05-31,33.33333333333333,basketball sneakers,Sneakers
2020-06-07,33.33333333333333,basketball sneakers,Sneakers
2020-06-14,33.33333333333333,basketball sneakers,Sneakers
2020-06-21,33.33333333333333,basketball sneakers,Sneakers
2020-06-28,33.33333333333333,basketball sneakers,Sneakers
2020-07-05,33.33333333333333,basketball sneakers,Sneakers
2020-07-12,33.33333333333333,basketball sneakers,Sneakers
2020-07-19,33.33333333333333,basketball sneakers,Sneakers
2020-07-26,33.33333333333333,basketball sneakers,Sneakers
2020-08-02,33.33333333333333,basketball sneakers,Sneakers
2020-08-09,33.33333333333333,basketball sneakers,Sneakers
2020-08-16,33.33333333333333,basketball sneakers,Sneakers
2020-08-23,33.33333333333333,basketball sneakers,Sneakers
2020-08-30,33.33333333333333,basketball sneakers,Sneakers
2020-09-06,33.33333333333333,basketball sneakers,Sneakers
2020-09-13,33.33333333333333,basketball sneakers,Sneakers
2020-09-20,33.33333333333333,basketball sneakers,Sneakers
2020-09-27,33.33333333333333,basketball sneakers,Sneakers
2020-10-04,33.33333333333333,basketball sneakers,Sneakers
2020-10-11,33.33333333333333,basketball sneakers,Sneakers
2020-10-18,33.33333333333333,basketball sneakers,Sneakers
2020-10-25,33.33333333333333,basketball sneakers,Sneakers
2020-11-01,33.33333333333333,basketball sneakers,Sneakers
2020-11-08,33.33333333333333,basketball sneakers,Sneakers
2020-11-15,33.33333333333333,basketball sneakers,Sneakers
2020-11-22,33.33333333333333,basketball sneakers,Sneakers
2020-11-29,33.33333333333333,basketball sneakers,Sneakers
2020-12-06,33.33333333333333,basketball sneakers,Sneakers
2020-12-13,33.33333333333333,basketball sneakers,Sneakers
2020-12-20,33.33333333333333,basketball sneakers,Sneakers
2020-12-27,33.33333333333333,basketball sneakers,Sneakers
2021-01-03,33.33333333333333,basketball sneakers,Sneakers
2021-01-10,33.33333333333333,basketball sneakers,Sneakers
2021-01-17,33.33333333333333,basketball sneakers,Sneakers
2021-01-24,33.33333333333333,basketball sneakers,Sneakers
2021-01-31,33.33333333333333,basketball sneakers,Sneakers
2021-02-07,33.33333333333333,basketball sneakers,Sneakers
2021-02-14,33.33333333333333,basketball sneakers,Sneakers
2021-02-21,33.33333333333333,basketball sneakers,Sneakers
2021-02-28,33.33333333333333,basketball sneakers,Sneakers
2021-03-07,66.66666666666666,basketball sneakers,Sneakers
2021-03-14,33.33333333333333,basketball sneakers,Sneakers
2021-03-21,33.33333333333333,basketball sneakers,Sneakers
2021-03-28,66.66666666666666,basketball sneakers,Sneakers
2021-04-04,33.33333333333333,basketball sneakers,Sneakers
2021-04-11,33.33333333333333,basketball sneakers,Sneakers
2021-04-18,33.33333333333333,basketball sneakers,Sneakers
2021-04-25,33.33333333333333,basketball sneakers,Sneakers
2021-05-02,33.33333333333333,basketball sneakers,Sneakers
2021-05-09,33.33333333333333,basketball sneakers,Sneakers
2021-05-16,33.33333333333333,basketball sneakers,Sneakers
2021-05-23,33.33333333333333,basketball sneakers,Sneakers
2021-05-30,33.33333333333333,basketball sneakers,Sneakers
2021-06-06,33.33333333333333,basketball sneakers,Sneakers
2021-06-13,33.33333333333333,basketball sneakers,Sneakers
2021-06-20,33.33333333333333,basketball sneakers,Sneakers
2021-06-27,33.33333333333333,basketball sneakers,Sneakers
2021-07-04,33.33333333333333,basketball sneakers,Sneakers
2021-07-11,33.33333333333333,basketball sneakers,Sneakers
2021-07-18,33.33333333333333,basketball sneakers,Sneakers
2021-07-25,33.33333333333333,basketball sneakers,Sneakers
2021-08-01,33.33333333333333,basketball sneakers,Sneakers
2021-08-08,33.33333333333333,basketball sneakers,Sneakers
2021-08-15,33.33333333333333,basketball sneakers,Sneakers
2021-08-22,33.33333333333333,basketball sneakers,Sneakers
2021-08-29,33.33333333333333,basketball sneakers,Sneakers
2021-09-05,33.33333333333333,basketball sneakers,Sneakers
2021-09-12,33.33333333333333,basketball sneakers,Sneakers
2021-09-19,33.33333333333333,basketball sneakers,Sneakers
2021-09-26,33.33333333333333,basketball sneakers,Sneakers
2021-10-03,33.33333333333333,basketball sneakers,Sneakers
2021-10-10,33.33333333333333,basketball sneakers,Sneakers
2021-10-17,33.33333333333333,basketball sneakers,Sneakers
2021-10-24,33.33333333333333,basketball sneakers,Sneakers
2021-10-31,66.66666666666666,basketball sneakers,Sneakers
2021-11-07,66.66666666666666,basketball sneakers,Sneakers
2021-11-14,66.66666666666666,basketball sneakers,Sneakers
2021-11-21,100.0,basketball sneakers,Sneakers
2021-11-28,100.0,basketball sneakers,Sneakers
2021-12-05,66.66666666666666,basketball sneakers,Sneakers
2021-12-12,66.66666666666666,basketball sneakers,Sneakers
2021-12-19,66.66666666666666,basketball sneakers,Sneakers
2021-12-26,66.66666666666666,basketball sneakers,Sneakers
2022-01-02,66.66666666666666,basketball sneakers,Sneakers
2022-01-09,66.66666666666666,basketball sneakers,Sneakers
2022-01-16,66.66666666666666,basketball sneakers,Sneakers
2022-01-23,66.66666666666666,basketball sneakers,Sneakers
2022-01-30,66.66666666666666,basketball sneakers,Sneakers
2022-02-06,66.66666666666666,basketball sneakers,Sneakers
2022-02-13,66.66666666666666,basketball sneakers,Sneakers
2022-02-20,66.66666666666666,basketball sneakers,Sneakers
2022-02-27,66.66666666666666,basketball sneakers,Sneakers
2022-03-06,66.66666666666666,basketball sneakers,Sneakers
2022-03-13,66.66666666666666,basketball sneakers,Sneakers
2022-03-20,66.66666666666666,basketball sneakers,Sneakers
2022-03-27,66.66666666666666,basketball sneakers,Sneakers
2022-04-03,66.66666666666666,basketball sneakers,Sneakers
2022-04-10,33.33333333333333,basketball sneakers,Sneakers
2022-04-17,33.33333333333333,basketball sneakers,Sneakers
2022-04-24,33.33333333333333,basketball sneakers,Sneakers
2022-05-01,33.33333333333333,basketball sneakers,Sneakers
2022-05-08,33.33333333333333,basketball sneakers,Sneakers
2022-05-15,33.33333333333333,basketball sneakers,Sneakers
2022-05-22,33.33333333333333,basketball sneakers,Sneakers
2022-05-29,33.33333333333333,basketball sneakers,Sneakers
2022-06-05,33.33333333333333,basketball sneakers,Sneakers
2022-06-12,33.33333333333333,basketball sneakers,Sneakers
2022-06-19,33.33333333333333,basketball sneakers,Sneakers
2022-06-26,33.33333333333333,basketball sneakers,Sneakers
2022-07-03,33.33333333333333,basketball sneakers,Sneakers
2022-07-10,33.33333333333333,basketball sneakers,Sneakers
2022-07-17,33.33333333333333,basketball sneakers,Sneakers
2022-07-24,33.33333333333333,basketball sneakers,Sneakers
2022-07-31,33.33333333333333,basketball sneakers,Sneakers
2022-08-07,33.33333333333333,basketball sneakers,Sneakers
2022-08-14,33.33333333333333,basketball sneakers,Sneakers
2022-08-21,33.33333333333333,basketball sneakers,Sneakers
2022-08-28,33.33333333333333,basketball sneakers,Sneakers
2022-09-04,33.33333333333333,basketball sneakers,Sneakers
2022-09-11,33.33333333333333,basketball sneakers,Sneakers
2022-09-18,33.33333333333333,basketball sneakers,Sneakers
2022-09-25,33.33333333333333,basketball sneakers,Sneakers
2022-10-02,33.33333333333333,basketball sneakers,Sneakers
2022-10-09,33.33333333333333,basketball sneakers,Sneakers
2022-10-16,33.33333333333333,basketball sneakers,Sneakers
2022-10-23,66.66666666666666,basketball sneakers,Sneakers
2022-10-30,66.66666666666666,basketball sneakers,Sneakers
2022-11-06,66.66666666666666,basketball sneakers,Sneakers
2022-11-13,66.66666666666666,basketball sneakers,Sneakers
2022-11-20,100.0,basketball sneakers,Sneakers
2022-11-27,100.0,basketball sneakers,Sneakers
2022-12-04,100.0,basketball sneakers,Sneakers
2022-12-11,100.0,basketball sneakers,Sneakers
2022-12-18,66.66666666666666,basketball sneakers,Sneakers
2022-12-25,66.66666666666666,basketball sneakers,Sneakers
2023-01-01,66.66666666666666,basketball sneakers,Sneakers
2023-01-08,66.66666666666666,basketball sneakers,Sneakers
2023-01-15,66.66666666666666,basketball sneakers,Sneakers
2023-01-22,66.66666666666666,basketball sneakers,Sneakers
2023-01-29,66.66666666666666,basketball sneakers,Sneakers
2023-02-05,66.66666666666666,basketball sneakers,Sneakers
2023-02-12,33.33333333333333,basketball sneakers,Sneakers
2023-02-19,66.66666666666666,basketball sneakers,Sneakers
2023-02-26,66.66666666666666,basketball sneakers,Sneakers
2023-03-05,66.66666666666666,basketball sneakers,Sneakers
2023-03-12,66.66666666666666,basketball sneakers,Sneakers
2023-03-19,66.66666666666666,basketball sneakers,Sneakers
2023-03-26,66.66666666666666,basketball sneakers,Sneakers
2023-04-02,33.33333333333333,basketball sneakers,Sneakers
2023-04-09,33.33333333333333,basketball sneakers,Sneakers
2023-04-16,33.33333333333333,basketball sneakers,Sneakers
2023-04-23,33.33333333333333,basketball sneakers,Sneakers
2023-04-30,33.33333333333333,basketball sneakers,Sneakers
2023-05-07,33.33333333333333,basketball sneakers,Sneakers
2023-05-14,33.33333333333333,basketball sneakers,Sneakers
2023-05-21,33.33333333333333,basketball sneakers,Sneakers
2023-05-28,33.33333333333333,basketball sneakers,Sneakers
2023-06-04,33.33333333333333,basketball sneakers,Sneakers
2023-06-11,33.33333333333333,basketball sneakers,Sneakers
2023-06-18,33.33333333333333,basketball sneakers,Sneakers
2023-06-25,33.33333333333333,basketball sneakers,Sneakers
2023-07-02,33.33333333333333,basketball sneakers,Sneakers
2023-07-09,33.33333333333333,basketball sneakers,Sneakers
2023-07-16,33.33333333333333,basketball sneakers,Sneakers
2023-07-23,33.33333333333333,basketball sneakers,Sneakers
2023-07-30,33.33333333333333,basketball sneakers,Sneakers
2023-08-06,33.33333333333333,basketball sneakers,Sneakers
2023-08-13,33.33333333333333,basketball sneakers,Sneakers
2023-08-20,33.33333333333333,basketball sneakers,Sneakers
2023-08-27,33.33333333333333,basketball sneakers,Sneakers
2023-09-03,33.33333333333333,basketball sneakers,Sneakers
2023-09-10,33.33333333333333,basketball sneakers,Sneakers
2023-09-17,33.33333333333333,basketball sneakers,Sneakers
2023-09-24,33.33333333333333,basketball sneakers,Sneakers
2023-10-01,33.33333333333333,basketball sneakers,Sneakers
2023-10-08,33.33333333333333,basketball sneakers,Sneakers
2023-10-15,33.33333333333333,basketball sneakers,Sneakers
2023-10-22,33.33333333333333,basketball sneakers,Sneakers
2023-10-29,66.66666666666666,basketball sneakers,Sneakers
2023-11-05,66.66666666666666,basketball sneakers,Sneakers
2023-11-12,66.66666666666666,basketball sneakers,Sneakers
2023-11-19,100.0,basketball sneakers,Sneakers
2023-11-26,100.0,basketball sneakers,Sneakers
2023-12-03,66.66666666666666,basketball sneakers,Sneakers
2023-12-10,100.0,basketball sneakers,Sneakers
2023-12-17,66.66666666666666,basketball sneakers,Sneakers
2023-12-24,66.66666666666666,basketball sneakers,Sneakers
2023-12-31,66.66666666666666,basketball sneakers,Sneakers
2024-01-07,66.66666666666666,basketball sneakers,Sneakers
2024-01-14,33.33333333333333,basketball sneakers,Sneakers
2024-01-21,66.66666666666666,basketball sneakers,Sneakers
2024-01-28,66.66666666666666,basketball sneakers,Sneakers
2024-02-04,66.66666666666666,basketball sneakers,Sneakers
2024-02-11,33.33333333333333,basketball sneakers,Sneakers
2024-02-18,66.66666666666666,basketball sneakers,Sneakers
2024-02-25,66.66666666666666,basketball sneakers,Sneakers
2024-03-03,33.33333333333333,basketball sneakers,Sneakers
2024-03-10,66.66666666666666,basketball sneakers,Sneakers
2024-03-17,66.66666666666666,basketball sneakers,Sneakers
2024-03-24,66.66666666666666,basketball sneakers,Sneakers
2024-03-31,66.66666666666666,basketball sneakers,Sneakers
2024-04-07,66.66666666666666,basketball sneakers,Sneakers
2024-04-14,33.33333333333333,basketball sneakers,Sneakers
2024-04-21,33.33333333333333,basketball sneakers,Sneakers
2024-04-28,33.33333333333333,basketball sneakers,Sneakers
2024-05-05,33.33333333333333,basketball sneakers,Sneakers
2024-05-12,33.33333333333333,basketball sneakers,Sneakers
2024-05-19,33.33333333333333,basketball sneakers,Sneakers
2024-05-26,33.33333333333333,basketball sneakers,Sneakers
2024-06-02,33.33333333333333,basketball sneakers,Sneakers
2024-06-09,33.33333333333333,basketball sneakers,Sneakers
2024-06-16,33.33333333333333,basketball sneakers,Sneakers
2024-06-23,33.33333333333333,basketball sneakers,Sneakers
2024-06-30,33.33333333333333,basketball sneakers,Sneakers
2024-07-07,33.33333333333333,basketball sneakers,Sneakers
2024-07-14,33.33333333333333,basketball sneakers,Sneakers
2024-07-21,33.33333333333333,basketball sneakers,Sneakers
2024-07-28,66.66666666666666,basketball sneakers,Sneakers
2024-08-04,66.66666666666666,basketball sneakers,Sneakers
2024-08-11,33.33333333333333,basketball sneakers,Sneakers
2024-08-18,33.33333333333333,basketball sneakers,Sneakers
2024-08-25,66.66666666666666,basketball sneakers,Sneakers
2024-09-01,33.33333333333333,basketball sneakers,Sneakers
2024-09-08,33.33333333333333,basketball sneakers,Sneakers
2024-09-15,33.33333333333333,basketball sneakers,Sneakers
2024-09-22,33.33333333333333,basketball sneakers,Sneakers
2024-09-29,33.33333333333333,basketball sneakers,Sneakers
2024-10-06,33.33333333333333,basketball sneakers,Sneakers
2024-10-13,33.33333333333333,basketball sneakers,Sneakers
2024-10-20,66.66666666666666,basketball sneakers,Sneakers
2024-10-27,66.66666666666666,basketball sneakers,Sneakers
2024-11-03,66.66666666666666,basketball sneakers,Sneakers
2024-11-10,100.0,basketball sneakers,Sneakers
2024-11-17,100.0,basketball sneakers,Sneakers
2024-11-24,100.0,basketball sneakers,Sneakers
2024-12-01,100.0,basketball sneakers,Sneakers
2024-12-08,100.0,basketball sneakers,Sneakers
2024-12-15,66.66666666666666,basketball sneakers,Sneakers
2024-12-22,66.66666666666666,basketball sneakers,Sneakers
2024-12-29,66.66666666666666,basketball sneakers,Sneakers
2025-01-05,66.66666666666666,basketball sneakers,Sneakers
2025-01-12,66.66666666666666,basketball sneakers,Sneakers
2025-01-19,66.66666666666666,basketball sneakers,Sneakers
2025-01-26,66.66666666666666,basketball sneakers,Sneakers
2025-02-02,66.66666666666666,basketball sneakers,Sneakers
2025-02-09,66.66666666666666,basketball sneakers,Sneakers
2025-02-16,66.66666666666666,basketball sneakers,Sneakers
2020-02-16,50.0,retro sneakers,Sneakers
2020-02-23,50.0,retro sneakers,Sneakers
2020-03-01,50.0,retro sneakers,Sneakers
2020-03-08,50.0,retro sneakers,Sneakers
2020-03-15,50.0,retro sneakers,Sneakers
2020-03-22,50.0,retro sneakers,Sneakers
2020-03-29,50.0,retro sneakers,Sneakers
2020-04-05,50.0,retro sneakers,Sneakers
2020-04-12,50.0,retro sneakers,Sneakers
2020-04-19,50.0,retro sneakers,Sneakers
2020-04-26,50.0,retro sneakers,Sneakers
2020-05-03,50.0,retro sneakers,Sneakers
2020-05-10,50.0,retro sneakers,Sneakers
2020-05-17,50.0,retro sneakers,Sneakers
2020-05-24,50.0,retro sneakers,Sneakers
2020-05-31,50.0,retro sneakers,Sneakers
2020-06-07,50.0,retro sneakers,Sneakers
2020-06-14,50.0,retro sneakers,Sneakers
2020-06-21,50.0,retro sneakers,Sneakers
2020-06-28,50.0,retro sneakers,Sneakers
2020-07-05,50.0,retro sneakers,Sneakers
2020-07-12,50.0,retro sneakers,Sneakers
2020-07-19,50.0,retro sneakers,Sneakers
2020-07-26,50.0,retro sneakers,Sneakers
2020-08-02,50.0,retro sneakers,Sneakers
2020-08-09,50.0,retro sneakers,Sneakers
2020-08-16,50.0,retro sneakers,Sneakers
2020-08-23,50.0,retro sneakers,Sneakers
2020-08-30,50.0,retro sneakers,Sneakers
2020-09-06,50.0,retro sneakers,Sneakers
2020-09-13,50.0,retro sneakers,Sneakers
2020-09-20,50.0,retro sneakers,Sneakers
2020-09-27,50.0,retro sneakers,Sneakers
2020-10-04,50.0,retro sneakers,Sneakers
2020-10-11,50.0,retro sneakers,Sneakers
2020-10-18,50.0,retro sneakers,Sneakers
2020-10-25,50.0,retro sneakers,Sneakers
2020-11-01,50.0,retro sneakers,Sneakers
2020-11-08,50.0,retro sneakers,Sneakers
2020-11-15,50.0,retro sneakers,Sneakers
2020-11-22,100.0,retro sneakers,Sneakers
2020-11-29,50.0,retro sneakers,Sneakers
2020-12-06,100.0,retro sneakers,Sneakers
2020-12-13,50.0,retro sneakers,Sneakers
2020-12-20,50.0,retro sneakers,Sneakers
2020-12-27,50.0,retro sneakers,Sneakers
2021-01-03,50.0,retro sneakers,Sneakers
2021-01-10,50.0,retro sneakers,Sneakers
2021-01-17,50.0,retro sneakers,Sneakers
2021-01-24,50.0,retro sneakers,Sneakers
2021-01-31,50.0,retro sneakers,Sneakers
2021-02-07,50.0,retro sneakers,Sneakers
2021-02-14,50.0,retro sneakers,Sneakers
2021-02-21,50.0,retro sneakers,Sneakers
2021-02-28,50.0,retro sneakers,Sneakers
2021-03-07,50.0,retro sneakers,Sneakers
2021-03-14,50.0,retro sneakers,Sneakers
2021-03-21,50.0,retro sneakers,Sneakers
2021-03-28,50.0,retro sneakers,Sneakers
2021-04-04,50.0,retro sneakers,Sneakers
2021-04-11,50.0,retro sneakers,Sneakers
2021-04-18,50.0,retro sneakers,Sneakers
2021-04-25,50.0,retro sneakers,Sneakers
2021-05-02,50.0,retro sneakers,Sneakers
2021-05-09,50.0,retro sneakers,Sneakers
2021-05-16,50.0,retro sneakers,Sneakers
2021-05-23,50.0,retro sneakers,Sneakers
2021-05-30,50.0,retro sneakers,Sneakers
2021-06-06,50.0,retro sneakers,Sneakers
2021-06-13,50.0,retro sneakers,Sneakers
2021-06-20,50.0,retro sneakers,Sneakers
2021-06-27,50.0,retro sneakers,Sneakers
2021-07-04,50.0,retro sneakers,Sneakers
2021-07-11,50.0,retro sneakers,Sneakers
2021-07-18,50.0,retro sneakers,Sneakers
2021-07-25,50.0,retro sneakers,Sneakers
2021-08-01,50.0,retro sneakers,Sneakers
2021-08-08,50.0,retro sneakers,Sneakers
2021-08-15,50.0,retro sneakers,Sneakers
2021-08-22,50.0,retro sneakers,Sneakers
2021-08-29,50.0,retro sneakers,Sneakers
2021-09-05,50.0,retro sneakers,Sneakers
2021-09-12,50.0,retro sneakers,Sneakers
2021-09-19,50.0,retro sneakers,Sneakers
2021-09-26,50.0,retro sneakers,Sneakers
2021-10-03,50.0,retro sneakers,Sneakers
2021-10-10,50.0,retro sneakers,Sneakers
2021-10-17,50.0,retro sneakers,Sneakers
2021-10-24,50.0,retro sneakers,Sneakers
2021-10-31,50.0,retro sneakers,Sneakers
2021-11-07,50.0,retro sneakers,Sneakers
2021-11-14,50.0,retro sneakers,Sneakers
2021-11-21,100.0,retro sneakers,Sneakers
2021-11-28,100.0,retro sneakers,Sneakers
2021-12-05,100.0,retro sneakers,Sneakers
2021-12-12,100.0,retro sneakers,Sneakers
2021-12-19,50.0,retro sneakers,Sneakers
2021-12-26,100.0,retro sneakers,Sneakers
2022-01-02,50.0,retro sneakers,Sneakers
2022-01-09,50.0,retro sneakers,Sneakers
2022-01-16,50.0,retro sneakers,Sneakers
2022-01-23,50.0,retro sneakers,Sneakers
2022-01-30,50.0,retro sneakers,Sneakers
2022-02-06,50.0,retro sneakers,Sneakers
2022-02-13,50.0,retro sneakers,Sneakers
2022-02-20,100.0,retro sneakers,Sneakers
2022-02-27,50.0,retro sneakers,Sneakers
2022-03-06,100.0,retro sneakers,Sneakers
2022-03-13,50.0,retro sneakers,Sneakers
2022-03-20,100.0,retro sneakers,Sneakers
2022-03-27,50.0,retro sneakers,Sneakers
2022-04-03,50.0,retro sneakers,Sneakers
2022-04-10,50.0,retro sneakers,Sneakers
2022-04-17,50.0,retro sneakers,Sneakers
2022-04-24,50.0,retro sneakers,Sneakers
2022-05-01,50.0,retro sneakers,Sneakers
2022-05-08,50.0,retro sneakers,Sneakers
2022-05-15,50.0,retro sneakers,Sneakers
2022-05-22,50.0,retro sneakers,Sneakers
2022-05-29,50.0,retro sneakers,Sneakers
2022-06-05,50.0,retro sneakers,Sneakers
2022-06-12,50.0,retro sneakers,Sneakers
2022-06-19,50.0,retro sneakers,Sneakers
2022-06-26,50.0,retro sneakers,Sneakers
2022-07-03,50.0,retro sneakers,Sneakers
2022-07-10,50.0,retro sneakers,Sneakers
2022-07-17,100.0,retro sneakers,Sneakers
2022-07-24,50.0,retro sneakers,Sneakers
2022-07-31,50.0,retro sneakers,Sneakers
2022-08-07,100.0,retro sneakers,Sneakers
2022-08-14,50.0,retro sneakers,Sneakers
2022-08-21,50.0,retro sneakers,Sneakers
2022-08-28,50.0,retro sneakers,Sneakers
2022-09-04,50.0,retro sneakers,Sneakers
2022-09-11,50.0,retro sneakers,Sneakers
2022-09-18,50.0,retro sneakers,Sneakers
2022-09-25,50.0,retro sneakers,Sneakers
2022-10-02,50.0,retro sneakers,Sneakers
2022-10-09,100.0,retro sneakers,Sneakers
2022-10-16,50.0,retro sneakers,Sneakers
2022-10-23,50.0,retro sneakers,Sneakers
2022-10-30,50.0,retro sneakers,Sneakers
2022-11-06,100.0,retro sneakers,Sneakers
2022-11-13,100.0,retro sneakers,Sneakers
2022-11-20,100.0,retro sneakers,Sneakers
2022-11-27,100.0,retro sneakers,Sneakers
2022-12-04,100.0,retro sneakers,Sneakers
2022-12-11,100.0,retro sneakers,Sneakers
2022-12-18,100.0,retro sneakers,Sneakers
2022-12-25,100.0,retro sneakers,Sneakers
2023-01-01,50.0,retro sneakers,Sneakers
2023-01-08,50.0,retro sneakers,Sneakers
2023-01-15,50.0,retro sneakers,Sneakers
2023-01-22,50.0,retro sneakers,Sneakers
2023-01-29,100.0,retro sneakers,Sneakers
2023-02-05,50.0,retro sneakers,Sneakers
2023-02-12,50.0,retro sneakers,Sneakers
2023-02-19,100.0,retro sneakers,Sneakers
2023-02-26,100.0,retro sneakers,Sneakers
2023-03-05,100.0,retro sneakers,Sneakers
2023-03-12,50.0,retro sneakers,Sneakers
2023-03-19,50.0,retro sneakers,Sneakers
2023-03-26,50.0,retro sneakers,Sneakers
2023-04-02,50.0,retro sneakers,Sneakers
2023-04-09,50.0,retro sneakers,Sneakers
2023-04-16,50.0,retro sneakers,Sneakers
2023-04-23,50.0,retro sneakers,Sneakers
2023-04-30,50.0,retro sneakers,Sneakers
2023-05-07,50.0,retro sneakers,Sneakers
2023-05-14,50.0,retro sneakers,Sneakers
2023-05-21,50.0,retro sneakers,Sneakers
2023-05-28,50.0,retro sneakers,Sneakers
2023-06-04,50.0,retro sneakers,Sneakers
2023-06-11,50.0,retro sneakers,Sneakers
2023-06-18,50.0,retro sneakers,Sneakers
2023-06-25,50.0,retro sneakers,Sneakers
2023-07-02,50.0,retro sneakers,Sneakers
2023-07-09,50.0,retro sneakers,Sneakers
2023-07-16,50.0,retro sneakers,Sneakers
2023-07-23,50.0,retro sneakers,Sneakers
2023-07-30,50.0,retro sneakers,Sneakers
2023-08-06,100.0,retro sneakers,Sneakers
2023-08-13,100.0,retro sneakers,Sneakers
2023-08-20,100.0,retro sneakers,Sneakers
2023-08-27,100.0,retro sneakers,Sneakers
2023-09-03,50.0,retro sneakers,Sneakers
2023-09-10,50.0,retro sneakers,Sneakers
2023-09-17,50.0,retro sneakers,Sneakers
2023-09-24,50.0,retro sneakers,Sneakers
2023-10-01,50.0,retro sneakers,Sneakers
2023-10-08,50.0,retro sneakers,Sneakers
2023-10-15,50.0,retro sneakers,Sneakers
2023-10-22,50.0,retro sneakers,Sneakers
2023-10-29,50.0,retro sneakers,Sneakers
2023-11-05,100.0,retro sneakers,Sneakers
2023-11-12,50.0,retro sneakers,Sneakers
2023-11-19,100.0,retro sneakers,Sneakers
2023-11-26,100.0,retro sneakers,Sneakers
2023-12-03,100.0,retro sneakers,Sneakers
2023-12-10,100.0,retro sneakers,Sneakers
2023-12-17,100.0,retro sneakers,Sneakers
2023-12-24,50.0,retro sneakers,Sneakers
2023-12-31,50.0,retro sneakers,Sneakers
2024-01-07,50.0,retro sneakers,Sneakers
2024-01-14,50.0,retro sneakers,Sneakers
2024-01-21,50.0,retro sneakers,Sneakers
2024-01-28,50.0,retro sneakers,Sneakers
2024-02-04,50.0,retro sneakers,Sneakers
2024-02-11,50.0,retro sneakers,Sneakers
2024-02-18,50.0,retro sneakers,Sneakers
2024-02-25,50.0,retro sneakers,Sneakers
2024-03-03,50.0,retro sneakers,Sneakers
2024-03-10,50.0,retro sneakers,Sneakers
2024-03-17,50.0,retro sneakers,Sneakers
2024-03-24,50.0,retro sneakers,Sneakers
2024-03-31,50.0,retro sneakers,Sneakers
2024-04-07,50.0,retro sneakers,Sneakers
2024-04-14,50.0,retro sneakers,Sneakers
2024-04-21,50.0,retro sneakers,Sneakers
2024-04-28,50.0,retro sneakers,Sneakers
2024-05-05,50.0,retro sneakers,Sneakers
2024-05-12,50.0,retro sneakers,Sneakers
2024-05-19,50.0,retro sneakers,Sneakers
2024-05-26,50.0,retro sneakers,Sneakers
2024-06-02,50.0,retro sneakers,Sneakers
2024-06-09,50.0,retro sneakers,Sneakers
2024-06-16,50.0,retro sneakers,Sneakers
2024-06-23,50.0,retro sneakers,Sneakers
2024-06-30,50.0,retro sneakers,Sneakers
2024-07-07,50.0,retro sneakers,Sneakers
2024-07-14,100.0,retro sneakers,Sneakers
2024-07-21,50.0,retro sneakers,Sneakers
2024-07-28,50.0,retro sneakers,Sneakers
2024-08-04,100.0,retro sneakers,Sneakers
2024-08-11,100.0,retro sneakers,Sneakers
2024-08-18,100.0,retro sneakers,Sneakers
2024-08-25,50.0,retro sneakers,Sneakers
2024-09-01,100.0,retro sneakers,Sneakers
2024-09-08,100.0,retro sneakers,Sneakers
2024-09-15,50.0,retro sneakers,Sneakers
2024-09-22,50.0,retro sneakers,Sneakers
2024-09-29,50.0,retro sneakers,Sneakers
2024-10-06,50.0,retro sneakers,Sneakers
2024-10-13,50.0,retro sneakers,Sneakers
2024-10-20,100.0,retro sneakers,Sneakers
2024-10-27,50.0,retro sneakers,Sneakers
2024-11-03,50.0,retro sneakers,Sneakers
2024-11-10,50.0,retro sneakers,Sneakers
2024-11-17,100.0,retro sneakers,Sneakers
2024-11-24,100.0,retro sneakers,Sneakers
2024-12-01,100.0,retro sneakers,Sneakers
2024-12-08,100.0,retro sneakers,Sneakers
2024-12-15,100.0,retro sneakers,Sneakers
2024-12-22,100.0,retro sneakers,Sneakers
2024-12-29,100.0,retro sneakers,Sneakers
2025-01-05,50.0,retro sneakers,Sneakers
2025-01-12,50.0,retro sneakers,Sneakers
2025-01-19,50.0,retro sneakers,Sneakers
2025-01-26,100.0,retro sneakers,Sneakers
2025-02-02,100.0,retro sneakers,Sneakers
2025-02-09,100.0,retro sneakers,Sneakers
2025-02-16,100.0,retro sneakers,Sneakers
2020-02-16,50.0,chunky sneakers,Sneakers
2020-02-23,100.0,chunky sneakers,Sneakers
2020-03-01,50.0,chunky sneakers,Sneakers
2020-03-08,50.0,chunky sneakers,Sneakers
2020-03-15,50.0,chunky sneakers,Sneakers
2020-03-22,50.0,chunky sneakers,Sneakers
2020-03-29,50.0,chunky sneakers,Sneakers
2020-04-05,50.0,chunky sneakers,Sneakers
2020-04-12,50.0,chunky sneakers,Sneakers
2020-04-19,50.0,chunky sneakers,Sneakers
2020-04-26,50.0,chunky sneakers,Sneakers
2020-05-03,50.0,chunky sneakers,Sneakers
2020-05-10,50.0,chunky sneakers,Sneakers
2020-05-17,100.0,chunky sneakers,Sneakers
2020-05-24,100.0,chunky sneakers,Sneakers
2020-05-31,50.0,chunky sneakers,Sneakers
2020-06-07,50.0,chunky sneakers,Sneakers
2020-06-14,50.0,chunky sneakers,Sneakers
2020-06-21,100.0,chunky sneakers,Sneakers
2020-06-28,100.0,chunky sneakers,Sneakers
2020-07-05,100.0,chunky sneakers,Sneakers
2020-07-12,50.0,chunky sneakers,Sneakers
2020-07-19,100.0,chunky sneakers,Sneakers
2020-07-26,100.0,chunky sneakers,Sneakers
2020-08-02,100.0,chunky sneakers,Sneakers
2020-08-09,50.0,chunky sneakers,Sneakers
2020-08-16,50.0,chunky sneakers,Sneakers
2020-08-23,50.0,chunky sneakers,Sneakers
2020-08-30,50.0,chunky sneakers,Sneakers
2020-09-06,50.0,chunky sneakers,Sneakers
2020-09-13,50.0,chunky sneakers,Sneakers
2020-09-20,50.0,chunky sneakers,Sneakers
2020-09-27,50.0,chunky sneakers,Sneakers
2020-10-04,50.0,chunky sneakers,Sneakers
2020-10-11,50.0,chunky sneakers,Sneakers
2020-10-18,50.0,chunky sneakers,Sneakers
2020-10-25,50.0,chunky sneakers,Sneakers
2020-11-01,50.0,chunky sneakers,Sneakers
2020-11-08,50.0,chunky sneakers,Sneakers
2020-11-15,100.0,chunky sneakers,Sneakers
2020-11-22,100.0,chunky sneakers,Sneakers
2020-11-29,100.0,chunky sneakers,Sneakers
2020-12-06,50.0,chunky sneakers,Sneakers
2020-12-13,50.0,chunky sneakers,Sneakers
2020-12-20,50.0,chunky sneakers,Sneakers
2020-12-27,100.0,chunky sneakers,Sneakers
2021-01-03,100.0,chunky sneakers,Sneakers
2021-01-10,50.0,chunky sneakers,Sneakers
2021-01-17,50.0,chunky sneakers,Sneakers
2021-01-24,50.0,chunky sneakers,Sneakers
2021-01-31,50.0,chunky sneakers,Sneakers
2021-02-07,50.0,chunky sneakers,Sneakers
2021-02-14,50.0,chunky sneakers,Sneakers
2021-02-21,50.0,chunky sneakers,Sneakers
2021-02-28,50.0,chunky sneakers,Sneakers
2021-03-07,50.0,chunky sneakers,Sneakers
2021-03-14,100.0,chunky sneakers,Sneakers
2021-03-21,100.0,chunky sneakers,Sneakers
2021-03-28,100.0,chunky sneakers,Sneakers
2021-04-04,100.0,chunky sneakers,Sneakers
2021-04-11,50.0,chunky sneakers,Sneakers
2021-04-18,50.0,chunky sneakers,Sneakers
2021-04-25,100.0,chunky sneakers,Sneakers
2021-05-02,50.0,chunky sneakers,Sneakers
2021-05-09,50.0,chunky sneakers,Sneakers
2021-05-16,50.0,chunky sneakers,Sneakers
2021-05-23,50.0,chunky sneakers,Sneakers
2021-05-30,50.0,chunky sneakers,Sneakers
2021-06-06,50.0,chunky sneakers,Sneakers
2021-06-13,50.0,chunky sneakers,Sneakers
2021-06-20,50.0,chunky sneakers,Sneakers
2021-06-27,50.0,chunky sneakers,Sneakers
2021-07-04,50.0,chunky sneakers,Sneakers
2021-07-11,50.0,chunky sneakers,Sneakers
2021-07-18,50.0,chunky sneakers,Sneakers
2021-07-25,100.0,chunky sneakers,Sneakers
2021-08-01,100.0,chunky sneakers,Sneakers
2021-08-08,100.0,chunky sneakers,Sneakers
2021-08-15,100.0,chunky sneakers,Sneakers
2021-08-22,50.0,chunky sneakers,Sneakers
2021-08-29,100.0,chunky sneakers,Sneakers
2021-09-05,100.0,chunky sneakers,Sneakers
2021-09-12,100.0,chunky sneakers,Sneakers
2021-09-19,100.0,chunky sneakers,Sneakers
2021-09-26,100.0,chunky sneakers,Sneakers
2021-10-03,50.0,chunky sneakers,Sneakers
2021-10-10,50.0,chunky sneakers,Sneakers
2021-10-17,50.0,chunky sneakers,Sneakers
2021-10-24,100.0,chunky sneakers,Sneakers
2021-10-31,50.0,chunky sneakers,Sneakers
2021-11-07,100.0,chunky sneakers,Sneakers
2021-11-14,50.0,chunky sneakers,Sneakers
2021-11-21,100.0,chunky sneakers,Sneakers
2021-11-28,100.0,chunky sneakers,Sneakers
2021-12-05,100.0,chunky sneakers,Sneakers
2021-12-12,100.0,chunky sneakers,Sneakers
2021-12-19,50.0,chunky sneakers,Sneakers
2021-12-26,100.0,chunky sneakers,Sneakers
2022-01-02,100.0,chunky sneakers,Sneakers
2022-01-09,50.0,chunky sneakers,Sneakers
2022-01-16,50.0,chunky sneakers,Sneakers
2022-01-23,100.0,chunky sneakers,Sneakers
2022-01-30,50.0,chunky sneakers,Sneakers
2022-02-06,100.0,chunky sneakers,Sneakers
2022-02-13,100.0,chunky sneakers,Sneakers
2022-02-20,100.0,chunky sneakers,Sneakers
2022-02-27,100.0,chunky sneakers,Sneakers
2022-03-06,100.0,chunky sneakers,Sneakers
2022-03-13,100.0,chunky sneakers,Sneakers
2022-03-20,100.0,chunky sneakers,Sneakers
2022-03-27,100.0,chunky sneakers,Sneakers
2022-04-03,100.0,chunky sneakers,Sneakers
2022-04-10,100.0,chunky sneakers,Sneakers
2022-04-17,100.0,chunky sneakers,Sneakers
2022-04-24,100.0,chunky sneakers,Sneakers
2022-05-01,100.0,chunky sneakers,Sneakers
2022-05-08,100.0,chunky sneakers,Sneakers
2022-05-15,100.0,chunky sneakers,Sneakers
2022-05-22,50.0,chunky sneakers,Sneakers
2022-05-29,100.0,chunky sneakers,Sneakers
2022-06-05,50.0,chunky sneakers,Sneakers
2022-06-12,50.0,chunky sneakers,Sneakers
2022-06-19,100.0,chunky sneakers,Sneakers
2022-06-26,100.0,chunky sneakers,Sneakers
2022-07-03,50.0,chunky sneakers,Sneakers
2022-07-10,100.0,chunky sneakers,Sneakers
2022-07-17,100.0,chunky sneakers,Sneakers
2022-07-24,100.0,chunky sneakers,Sneakers
2022-07-31,100.0,chunky sneakers,Sneakers
2022-08-07,100.0,chunky sneakers,Sneakers
2022-08-14,100.0,chunky sneakers,Sneakers
2022-08-21,100.0,chunky sneakers,Sneakers
2022-08-28,100.0,chunky sneakers,Sneakers
2022-09-04,100.0,chunky sneakers,Sneakers
2022-09-11,100.0,chunky sneakers,Sneakers
2022-09-18,100.0,chunky sneakers,Sneakers
2022-09-25,100.0,chunky sneakers,Sneakers
2022-10-02,100.0,chunky sneakers,Sneakers
2022-10-09,100.0,chunky sneakers,Sneakers
2022-10-16,50.0,chunky sneakers,Sneakers
2022-10-23,50.0,chunky sneakers,Sneakers
2022-10-30,50.0,chunky sneakers,Sneakers
2022-11-06,50.0,chunky sneakers,Sneakers
2022-11-13,50.0,chunky sneakers,Sneakers
2022-11-20,100.0,chunky sneakers,Sneakers
2022-11-27,100.0,chunky sneakers,Sneakers
2022-12-04,50.0,chunky sneakers,Sneakers
2022-12-11,100.0,chunky sneakers,Sneakers
2022-12-18,100.0,chunky sneakers,Sneakers
2022-12-25,100.0,chunky sneakers,Sneakers
2023-01-01,50.0,chunky sneakers,Sneakers
2023-01-08,50.0,chunky sneakers,Sneakers
2023-01-15,100.0,chunky sneakers,Sneakers
2023-01-22,50.0,chunky sneakers,Sneakers
2023-01-29,50.0,chunky sneakers,Sneakers
2023-02-05,100.0,chunky sneakers,Sneakers
2023-02-12,50.0,chunky sneakers,Sneakers
2023-02-19,100.0,chunky sneakers,Sneakers
2023-02-26,100.0,chunky sneakers,Sneakers
2023-03-05,100.0,chunky sneakers,Sneakers
2023-03-12,100.0,chunky sneakers,Sneakers
2023-03-19,100.0,chunky sneakers,Sneakers
2023-03-26,100.0,chunky sneakers,Sneakers
2023-04-02,100.0,chunky sneakers,Sneakers
2023-04-09,100.0,chunky sneakers,Sneakers
2023-04-16,100.0,chunky sneakers,Sneakers
2023-04-23,100.0,chunky sneakers,Sneakers
2023-04-30,100.0,chunky sneakers,Sneakers
2023-05-07,100.0,chunky sneakers,Sneakers
2023-05-14,100.0,chunky sneakers,Sneakers
2023-05-21,100.0,chunky sneakers,Sneakers
2023-05-28,100.0,chunky sneakers,Sneakers
2023-06-04,100.0,chunky sneakers,Sneakers
2023-06-11,50.0,chunky sneakers,Sneakers
2023-06-18,50.0,chunky sneakers,Sneakers
2023-06-25,50.0,chunky sneakers,Sneakers
2023-07-02,50.0,chunky sneakers,Sneakers
2023-07-09,50.0,chunky sneakers,Sneakers
2023-07-16,50.0,chunky sneakers,Sneakers
2023-07-23,100.0,chunky sneakers,Sneakers
2023-07-30,100.0,chunky sneakers,Sneakers
2023-08-06,100.0,chunky sneakers,Sneakers
2023-08-13,100.0,chunky sneakers,Sneakers
2023-08-20,100.0,chunky sneakers,Sneakers
2023-08-27,50.0,chunky sneakers,Sneakers
2023-09-03,50.0,chunky sneakers,Sneakers
2023-09-10,100.0,chunky sneakers,Sneakers
2023-09-17,100.0,chunky sneakers,Sneakers
2023-09-24,100.0,chunky sneakers,Sneakers
2023-10-01,50.0,chunky sneakers,Sneakers
2023-10-08,50.0,chunky sneakers,Sneakers
2023-10-15,100.0,chunky sneakers,Sneakers
2023-10-22,50.0,chunky sneakers,Sneakers
2023-10-29,50.0,chunky sneakers,Sneakers
2023-11-05,100.0,chunky sneakers,Sneakers
2023-11-12,100.0,chunky sneakers,Sneakers
2023-11-19,100.0,chunky sneakers,Sneakers
2023-11-26,100.0,chunky sneakers,Sneakers
2023-12-03,100.0,chunky sneakers,Sneakers
2023-12-10,100.0,chunky sneakers,Sneakers
2023-12-17,50.0,chunky sneakers,Sneakers
2023-12-24,100.0,chunky sneakers,Sneakers
2023-12-31,50.0,chunky sneakers,Sneakers
2024-01-07,50.0,chunky sneakers,Sneakers
2024-01-14,50.0,chunky sneakers,Sneakers
2024-01-21,50.0,chunky sneakers,Sneakers
2024-01-28,100.0,chunky sneakers,Sneakers
2024-02-04,50.0,chunky sneakers,Sneakers
2024-02-11,50.0,chunky sneakers,Sneakers
2024-02-18,50.0,chunky sneakers,Sneakers
2024-02-25,100.0,chunky sneakers,Sneakers
2024-03-03,50.0,chunky sneakers,Sneakers
2024-03-10,100.0,chunky sneakers,Sneakers
2024-03-17,50.0,chunky sneakers,Sneakers
2024-03-24,50.0,chunky sneakers,Sneakers
2024-03-31,50.0,chunky sneakers,Sneakers
2024-04-07,100.0,chunky sneakers,Sneakers
2024-04-14,50.0,chunky sneakers,Sneakers
2024-04-21,100.0,chunky sneakers,Sneakers
2024-04-28,50.0,chunky sneakers,Sneakers
2024-05-05,50.0,chunky sneakers,Sneakers
2024-05-12,100.0,chunky sneakers,Sneakers
2024-05-19,100.0,chunky sneakers,Sneakers
2024-05-26,100.0,chunky sneakers,Sneakers
2024-06-02,50.0,chunky sneakers,Sneakers
2024-06-09,50.0,chunky sneakers,Sneakers
2024-06-16,50.0,chunky sneakers,Sneakers
2024-06-23,100.0,chunky sneakers,Sneakers
2024-06-30,50.0,chunky sneakers,Sneakers
2024-07-07,50.0,chunky sneakers,Sneakers
2024-07-14,50.0,chunky sneakers,Sneakers
2024-07-21,100.0,chunky sneakers,Sneakers
2024-07-28,100.0,chunky sneakers,Sneakers
2024-08-04,100.0,chunky sneakers,Sneakers
2024-08-11,100.0,chunky sneakers,Sneakers
2024-08-18,100.0,chunky sneakers,Sneakers
2024-08-25,100.0,chunky sneakers,Sneakers
2024-09-01,100.0,chunky sneakers,Sneakers
2024-09-08,100.0,chunky sneakers,Sneakers
2024-09-15,50.0,chunky sneakers,Sneakers
2024-09-22,50.0,chunky sneakers,Sneakers
2024-09-29,50.0,chunky sneakers,Sneakers
2024-10-06,50.0,chunky sneakers,Sneakers
2024-10-13,100.0,chunky sneakers,Sneakers
2024-10-20,50.0,chunky sneakers,Sneakers
2024-10-27,50.0,chunky sneakers,Sneakers
2024-11-03,50.0,chunky sneakers,Sneakers
2024-11-10,100.0,chunky sneakers,Sneakers
2024-11-17,100.0,chunky sneakers,Sneakers
2024-11-24,100.0,chunky sneakers,Sneakers
2024-12-01,100.0,chunky sneakers,Sneakers
2024-12-08,100.0,chunky sneakers,Sneakers
2024-12-15,50.0,chunky sneakers,Sneakers
2024-12-22,100.0,chunky sneakers,Sneakers
2024-12-29,100.0,chunky sneakers,Sneakers
2025-01-05,50.0,chunky sneakers,Sneakers
2025-01-12,50.0,chunky sneakers,Sneakers
2025-01-19,50.0,chunky sneakers,Sneakers
2025-01-26,50.0,chunky sneakers,Sneakers
2025-02-02,50.0,chunky sneakers,Sneakers
2025-02-09,50.0,chunky sneakers,Sneakers
2025-02-16,50.0,chunky sneakers,Sneakers
2020-02-16,50.0,canvas sneakers,Sneakers
2020-02-23,50.0,canvas sneakers,Sneakers
2020-03-01,50.0,canvas sneakers,Sneakers
2020-03-08,50.0,canvas sneakers,Sneakers
2020-03-15,50.0,canvas sneakers,Sneakers
2020-03-22,50.0,canvas sneakers,Sneakers
2020-03-29,50.0,canvas sneakers,Sneakers
2020-04-05,50.0,canvas sneakers,Sneakers
2020-04-12,50.0,canvas sneakers,Sneakers
2020-04-19,50.0,canvas sneakers,Sneakers
2020-04-26,50.0,canvas sneakers,Sneakers
2020-05-03,50.0,canvas sneakers,Sneakers
2020-05-10,100.0,canvas sneakers,Sneakers
2020-05-17,100.0,canvas sneakers,Sneakers
2020-05-24,100.0,canvas sneakers,Sneakers
2020-05-31,50.0,canvas sneakers,Sneakers
2020-06-07,100.0,canvas sneakers,Sneakers
2020-06-14,100.0,canvas sneakers,Sneakers
2020-06-21,100.0,canvas sneakers,Sneakers
2020-06-28,100.0,canvas sneakers,Sneakers
2020-07-05,50.0,canvas sneakers,Sneakers
2020-07-12,50.0,canvas sneakers,Sneakers
2020-07-19,50.0,canvas sneakers,Sneakers
2020-07-26,50.0,canvas sneakers,Sneakers
2020-08-02,50.0,canvas sneakers,Sneakers
2020-08-09,50.0,canvas sneakers,Sneakers
2020-08-16,50.0,canvas sneakers,Sneakers
2020-08-23,50.0,canvas sneakers,Sneakers
2020-08-30,50.0,canvas sneakers,Sneakers
2020-09-06,50.0,canvas sneakers,Sneakers
2020-09-13,50.0,canvas sneakers,Sneakers
2020-09-20,50.0,canvas sneakers,Sneakers
2020-09-27,50.0,canvas sneakers,Sneakers
2020-10-04,50.0,canvas sneakers,Sneakers
2020-10-11,50.0,canvas sneakers,Sneakers
2020-10-18,50.0,canvas sneakers,Sneakers
2020-10-25,50.0,canvas sneakers,Sneakers
2020-11-01,50.0,canvas sneakers,Sneakers
2020-11-08,50.0,canvas sneakers,Sneakers
2020-11-15,50.0,canvas sneakers,Sneakers
2020-11-22,50.0,canvas sneakers,Sneakers
2020-11-29,50.0,canvas sneakers,Sneakers
2020-12-06,50.0,canvas sneakers,Sneakers
2020-12-13,50.0,canvas sneakers,Sneakers
2020-12-20,50.0,canvas sneakers,Sneakers
2020-12-27,50.0,canvas sneakers,Sneakers
2021-01-03,50.0,canvas sneakers,Sneakers
2021-01-10,50.0,canvas sneakers,Sneakers
2021-01-17,50.0,canvas sneakers,Sneakers
2021-01-24,50.0,canvas sneakers,Sneakers
2021-01-31,50.0,canvas sneakers,Sneakers
2021-02-07,50.0,canvas sneakers,Sneakers
2021-02-14,50.0,canvas sneakers,Sneakers
2021-02-21,50.0,canvas sneakers,Sneakers
2021-02-28,50.0,canvas sneakers,Sneakers
2021-03-07,100.0,canvas sneakers,Sneakers
2021-03-14,100.0,canvas sneakers,Sneakers
2021-03-21,100.0,canvas sneakers,Sneakers
2021-03-28,100.0,canvas sneakers,Sneakers
2021-04-04,100.0,canvas sneakers,Sneakers
2021-04-11,100.0,canvas sneakers,Sneakers
2021-04-18,100.0,canvas sneakers,Sneakers
2021-04-25,100.0,canvas sneakers,Sneakers
2021-05-02,50.0,canvas sneakers,Sneakers
2021-05-09,100.0,canvas sneakers,Sneakers
2021-05-16,100.0,canvas sneakers,Sneakers
2021-05-23,100.0,canvas sneakers,Sneakers
2021-05-30,100.0,canvas sneakers,Sneakers
2021-06-06,100.0,canvas sneakers,Sneakers
2021-06-13,100.0,canvas sneakers,Sneakers
2021-06-20,50.0,canvas sneakers,Sneakers
2021-06-27,100.0,canvas sneakers,Sneakers
2021-07-04,100.0,canvas sneakers,Sneakers
2021-07-11,100.0,canvas sneakers,Sneakers
2021-07-18,50.0,canvas sneakers,Sneakers
2021-07-25,100.0,canvas sneakers,Sneakers
2021-08-01,100.0,canvas sneakers,Sneakers
2021-08-08,50.0,canvas sneakers,Sneakers
2021-08-15,50.0,canvas sneakers,Sneakers
2021-08-22,100.0,canvas sneakers,Sneakers
2021-08-29,50.0,canvas sneakers,Sneakers
2021-09-05,50.0,canvas sneakers,Sneakers
2021-09-12,50.0,canvas sneakers,Sneakers
2021-09-19,50.0,canvas sneakers,Sneakers
2021-09-26,50.0,canvas sneakers,Sneakers
2021-10-03,50.0,canvas sneakers,Sneakers
2021-10-10,50.0,canvas sneakers,Sneakers
2021-10-17,50.0,canvas sneakers,Sneakers
2021-10-24,50.0,canvas sneakers,Sneakers
2021-10-31,50.0,canvas sneakers,Sneakers
2021-11-07,50.0,canvas sneakers,Sneakers
2021-11-14,50.0,canvas sneakers,Sneakers
2021-11-21,100.0,canvas sneakers,Sneakers
2021-11-28,100.0,canvas sneakers,Sneakers
2021-12-05,50.0,canvas sneakers,Sneakers
2021-12-12,50.0,canvas sneakers,Sneakers
2021-12-19,50.0,canvas sneakers,Sneakers
2021-12-26,50.0,canvas sneakers,Sneakers
2022-01-02,50.0,canvas sneakers,Sneakers
2022-01-09,50.0,canvas sneakers,Sneakers
2022-01-16,50.0,canvas sneakers,Sneakers
2022-01-23,50.0,canvas sneakers,Sneakers
2022-01-30,50.0,canvas sneakers,Sneakers
2022-02-06,100.0,canvas sneakers,Sneakers
2022-02-13,100.0,canvas sneakers,Sneakers
2022-02-20,100.0,canvas sneakers,Sneakers
2022-02-27,100.0,canvas sneakers,Sneakers
2022-03-06,100.0,canvas sneakers,Sneakers
2022-03-13,100.0,canvas sneakers,Sneakers
2022-03-20,100.0,canvas sneakers,Sneakers
2022-03-27,100.0,canvas sneakers,Sneakers
2022-04-03,100.0,canvas sneakers,Sneakers
2022-04-10,100.0,canvas sneakers,Sneakers
2022-04-17,100.0,canvas sneakers,Sneakers
2022-04-24,100.0,canvas sneakers,Sneakers
2022-05-01,100.0,canvas sneakers,Sneakers
2022-05-08,100.0,canvas sneakers,Sneakers
2022-05-15,100.0,canvas sneakers,Sneakers
2022-05-22,100.0,canvas sneakers,Sneakers
2022-05-29,100.0,canvas sneakers,Sneakers
2022-06-05,100.0,canvas sneakers,Sneakers
2022-06-12,100.0,canvas sneakers,Sneakers
2022-06-19,100.0,canvas sneakers,Sneakers
2022-06-26,100.0,canvas sneakers,Sneakers
2022-07-03,100.0,canvas sneakers,Sneakers
2022-07-10,100.0,canvas sneakers,Sneakers
2022-07-17,100.0,canvas sneakers,Sneakers
2022-07-24,100.0,canvas sneakers,Sneakers
2022-07-31,100.0,canvas sneakers,Sneakers
2022-08-07,100.0,canvas sneakers,Sneakers
2022-08-14,100.0,canvas sneakers,Sneakers
2022-08-21,100.0,canvas sneakers,Sneakers
2022-08-28,100.0,canvas sneakers,Sneakers
2022-09-04,100.0,canvas sneakers,Sneakers
2022-09-11,50.0,canvas sneakers,Sneakers
2022-09-18,100.0,canvas sneakers,Sneakers
2022-09-25,50.0,canvas sneakers,Sneakers
2022-10-02,100.0,canvas sneakers,Sneakers
2022-10-09,50.0,canvas sneakers,Sneakers
2022-10-16,50.0,canvas sneakers,Sneakers
2022-10-23,50.0,canvas sneakers,Sneakers
2022-10-30,50.0,canvas sneakers,Sneakers
2022-11-06,50.0,canvas sneakers,Sneakers
2022-11-13,50.0,canvas sneakers,Sneakers
2022-11-20,100.0,canvas sneakers,Sneakers
2022-11-27,50.0,canvas sneakers,Sneakers
2022-12-04,50.0,canvas sneakers,Sneakers
2022-12-11,50.0,canvas sneakers,Sneakers
2022-12-18,50.0,canvas sneakers,Sneakers
2022-12-25,50.0,canvas sneakers,Sneakers
2023-01-01,50.0,canvas sneakers,Sneakers
2023-01-08,50.0,canvas sneakers,Sneakers
2023-01-15,50.0,canvas sneakers,Sneakers
2023-01-22,50.0,canvas sneakers,Sneakers
2023-01-29,50.0,canvas sneakers,Sneakers
2023-02-05,50.0,canvas sneakers,Sneakers
2023-02-12,50.0,canvas sneakers,Sneakers
2023-02-19,100.0,canvas sneakers,Sneakers
2023-02-26,50.0,canvas sneakers,Sneakers
2023-03-05,100.0,canvas sneakers,Sneakers
2023-03-12,100.0,canvas sneakers,Sneakers
2023-03-19,100.0,canvas sneakers,Sneakers
2023-03-26,100.0,canvas sneakers,Sneakers
2023-04-02,100.0,canvas sneakers,Sneakers
2023-04-09,100.0,canvas sneakers,Sneakers
2023-04-16,100.0,canvas sneakers,Sneakers
2023-04-23,100.0,canvas sneakers,Sneakers
2023-04-30,100.0,canvas sneakers,Sneakers
2023-05-07,100.0,canvas sneakers,Sneakers
2023-05-14,100.0,canvas sneakers,Sneakers
2023-05-21,100.0,canvas sneakers,Sneakers
2023-05-28,100.0,canvas sneakers,Sneakers
2023-06-04,100.0,canvas sneakers,Sneakers
2023-06-11,100.0,canvas sneakers,Sneakers
2023-06-18,100.0,canvas sneakers,Sneakers
2023-06-25,100.0,canvas sneakers,Sneakers
2023-07-02,100.0,canvas sneakers,Sneakers
2023-07-09,100.0,canvas sneakers,Sneakers
2023-07-16,100.0,canvas sneakers,Sneakers
2023-07-23,100.0,canvas sneakers,Sneakers
2023-07-30,100.0,canvas sneakers,Sneakers
2023-08-06,50.0,canvas sneakers,Sneakers
2023-08-13,50.0,canvas sneakers,Sneakers
2023-08-20,100.0,canvas sneakers,Sneakers
2023-08-27,100.0,canvas sneakers,Sneakers
2023-09-03,100.0,canvas sneakers,Sneakers
2023-09-10,50.0,canvas sneakers,Sneakers
2023-09-17,50.0,canvas sneakers,Sneakers
2023-09-24,50.0,canvas sneakers,Sneakers
2023-10-01,50.0,canvas sneakers,Sneakers
2023-10-08,50.0,canvas sneakers,Sneakers
2023-10-15,50.0,canvas sneakers,Sneakers
2023-10-22,50.0,canvas sneakers,Sneakers
2023-10-29,50.0,canvas sneakers,Sneakers
2023-11-05,50.0,canvas sneakers,Sneakers
2023-11-12,50.0,canvas sneakers,Sneakers
2023-11-19,100.0,canvas sneakers,Sneakers
2023-11-26,50.0,canvas sneakers,Sneakers
2023-12-03,50.0,canvas sneakers,Sneakers
2023-12-10,50.0,canvas sneakers,Sneakers
2023-12-17,50.0,canvas sneakers,Sneakers
2023-12-24,50.0,canvas sneakers,Sneakers
2023-12-31,50.0,canvas sneakers,Sneakers
2024-01-07,50.0,canvas sneakers,Sneakers
2024-01-14,50.0,canvas sneakers,Sneakers
2024-01-21,50.0,canvas sneakers,Sneakers
2024-01-28,50.0,canvas sneakers,Sneakers
2024-02-04,50.0,canvas sneakers,Sneakers
2024-02-11,50.0,canvas sneakers,Sneakers
2024-02-18,50.0,canvas sneakers,Sneakers
2024-02-25,50.0,canvas sneakers,Sneakers
2024-03-03,100.0,canvas sneakers,Sneakers
2024-03-10,100.0,canvas sneakers,Sneakers
2024-03-17,100.0,canvas sneakers,Sneakers
2024-03-24,50.0,canvas sneakers,Sneakers
2024-03-31,100.0,canvas sneakers,Sneakers
2024-04-07,100.0,canvas sneakers,Sneakers
2024-04-14,100.0,canvas sneakers,Sneakers
2024-04-21,100.0,canvas sneakers,Sneakers
2024-04-28,100.0,canvas sneakers,Sneakers
2024-05-05,100.0,canvas sneakers,Sneakers
2024-05-12,100.0,canvas sneakers,Sneakers
2024-05-19,100.0,canvas sneakers,Sneakers
2024-05-26,50.0,canvas sneakers,Sneakers
2024-06-02,100.0,canvas sneakers,Sneakers
2024-06-09,100.0,canvas sneakers,Sneakers
2024-06-16,100.0,canvas sneakers,Sneakers
2024-06-23,50.0,canvas sneakers,Sneakers
2024-06-30,100.0,canvas sneakers,Sneakers
2024-07-07,50.0,canvas sneakers,Sneakers
2024-07-14,50.0,canvas sneakers,Sneakers
2024-07-21,50.0,canvas sneakers,Sneakers
2024-07-28,100.0,canvas sneakers,Sneakers
2024-08-04,100.0,canvas sneakers,Sneakers
2024-08-11,50.0,canvas sneakers,Sneakers
2024-08-18,100.0,canvas sneakers,Sneakers
2024-08-25,50.0,canvas sneakers,Sneakers
2024-09-01,100.0,canvas sneakers,Sneakers
2024-09-08,50.0,canvas sneakers,Sneakers
2024-09-15,50.0,canvas sneakers,Sneakers
2024-09-22,50.0,canvas sneakers,Sneakers
2024-09-29,50.0,canvas sneakers,Sneakers
2024-10-06,50.0,canvas sneakers,Sneakers
2024-10-13,50.0,canvas sneakers,Sneakers
2024-10-20,50.0,canvas sneakers,Sneakers
2024-10-27,50.0,canvas sneakers,Sneakers
2024-11-03,50.0,canvas sneakers,Sneakers
2024-11-10,50.0,canvas sneakers,Sneakers
2024-11-17,50.0,canvas sneakers,Sneakers
2024-11-24,50.0,canvas sneakers,Sneakers
2024-12-01,50.0,canvas sneakers,Sneakers
2024-12-08,50.0,canvas sneakers,Sneakers
2024-12-15,50.0,canvas sneakers,Sneakers
2024-12-22,50.0,canvas sneakers,Sneakers
2024-12-29,50.0,canvas sneakers,Sneakers
2025-01-05,50.0,canvas sneakers,Sneakers
2025-01-12,50.0,canvas sneakers,Sneakers
2025-01-19,50.0,canvas sneakers,Sneakers
2025-01-26,50.0,canvas sneakers,Sneakers
2025-02-02,50.0,canvas sneakers,Sneakers
2025-02-09,50.0,canvas sneakers,Sneakers
2025-02-16,50.0,canvas sneakers,Sneakers
2020-02-16,23.0,Doc Martens,Boots
2020-02-23,24.0,Doc Martens,Boots
2020-03-01,21.0,Doc Martens,Boots
2020-03-08,21.0,Doc Martens,Boots
2020-03-15,14.000000000000002,Doc Martens,Boots
2020-03-22,15.0,Doc Martens,Boots
2020-03-29,14.000000000000002,Doc Martens,Boots
2020-04-05,15.0,Doc Martens,Boots
2020-04-12,17.0,Doc Martens,Boots
2020-04-19,16.0,Doc Martens,Boots
2020-04-26,15.0,Doc Martens,Boots
2020-05-03,15.0,Doc Martens,Boots
2020-05-10,17.0,Doc Martens,Boots
2020-05-17,16.0,Doc Martens,Boots
2020-05-24,15.0,Doc Martens,Boots
2020-05-31,16.0,Doc Martens,Boots
2020-06-07,15.0,Doc Martens,Boots
2020-06-14,17.0,Doc Martens,Boots
2020-06-21,18.0,Doc Martens,Boots
2020-06-28,16.0,Doc Martens,Boots
2020-07-05,18.0,Doc Martens,Boots
2020-07-12,18.0,Doc Martens,Boots
2020-07-19,19.0,Doc Martens,Boots
2020-07-26,21.0,Doc Martens,Boots
2020-08-02,21.0,Doc Martens,Boots
2020-08-09,22.0,Doc Martens,Boots
2020-08-16,20.0,Doc Martens,Boots
2020-08-23,21.0,Doc Martens,Boots
2020-08-30,24.0,Doc Martens,Boots
2020-09-06,26.0,Doc Martens,Boots
2020-09-13,31.0,Doc Martens,Boots
2020-09-20,34.0,Doc Martens,Boots
2020-09-27,39.0,Doc Martens,Boots
2020-10-04,43.0,Doc Martens,Boots
2020-10-11,44.0,Doc Martens,Boots
2020-10-18,43.0,Doc Martens,Boots
2020-10-25,45.0,Doc Martens,Boots
2020-11-01,38.0,Doc Martens,Boots
2020-11-08,50.0,Doc Martens,Boots
2020-11-15,61.0,Doc Martens,Boots
2020-11-22,89.0,Doc Martens,Boots
2020-11-29,72.0,Doc Martens,Boots
2020-12-06,62.0,Doc Martens,Boots
2020-12-13,61.0,Doc Martens,Boots
2020-12-20,74.0,Doc Martens,Boots
2020-12-27,65.0,Doc Martens,Boots
2021-01-03,45.0,Doc Martens,Boots
2021-01-10,38.0,Doc Martens,Boots
2021-01-17,35.0,Doc Martens,Boots
2021-01-24,28.000000000000004,Doc Martens,Boots
2021-01-31,28.000000000000004,Doc Martens,Boots
2021-02-07,26.0,Doc Martens,Boots
2021-02-14,26.0,Doc Martens,Boots
2021-02-21,26.0,Doc Martens,Boots
2021-02-28,23.0,Doc Martens,Boots
2021-03-07,23.0,Doc Martens,Boots
2021-03-14,25.0,Doc Martens,Boots
2021-03-21,23.0,Doc Martens,Boots
2021-03-28,24.0,Doc Martens,Boots
2021-04-04,20.0,Doc Martens,Boots
2021-04-11,21.0,Doc Martens,Boots
2021-04-18,19.0,Doc Martens,Boots
2021-04-25,20.0,Doc Martens,Boots
2021-05-02,18.0,Doc Martens,Boots
2021-05-09,18.0,Doc Martens,Boots
2021-05-16,19.0,Doc Martens,Boots
2021-05-23,17.0,Doc Martens,Boots
2021-05-30,21.0,Doc Martens,Boots
2021-06-06,19.0,Doc Martens,Boots
2021-06-13,20.0,Doc Martens,Boots
2021-06-20,19.0,Doc Martens,Boots
2021-06-27,20.0,Doc Martens,Boots
2021-07-04,20.0,Doc Martens,Boots
2021-07-11,22.0,Doc Martens,Boots
2021-07-18,24.0,Doc Martens,Boots
2021-07-25,27.0,Doc Martens,Boots
2021-08-01,26.0,Doc Martens,Boots
2021-08-08,28.000000000000004,Doc Martens,Boots
2021-08-15,33.0,Doc Martens,Boots
2021-08-22,32.0,Doc Martens,Boots
2021-08-29,33.0,Doc Martens,Boots
2021-09-05,32.0,Doc Martens,Boots
2021-09-12,30.0,Doc Martens,Boots
2021-09-19,39.0,Doc Martens,Boots
2021-09-26,40.0,Doc Martens,Boots
2021-10-03,46.0,Doc Martens,Boots
2021-10-10,47.0,Doc Martens,Boots
2021-10-17,53.0,Doc Martens,Boots
2021-10-24,50.0,Doc Martens,Boots
2021-10-31,54.0,Doc Martens,Boots
2021-11-07,61.0,Doc Martens,Boots
2021-11-14,59.0,Doc Martens,Boots
2021-11-21,100.0,Doc Martens,Boots
2021-11-28,70.0,Doc Martens,Boots
2021-12-05,66.0,Doc Martens,Boots
2021-12-12,62.0,Doc Martens,Boots
2021-12-19,76.0,Doc Martens,Boots
2021-12-26,67.0,Doc Martens,Boots
2022-01-02,55.00000000000001,Doc Martens,Boots
2022-01-09,41.0,Doc Martens,Boots
2022-01-16,35.0,Doc Martens,Boots
2022-01-23,36.0,Doc Martens,Boots
2022-01-30,32.0,Doc Martens,Boots
2022-02-06,31.0,Doc Martens,Boots
2022-02-13,28.000000000000004,Doc Martens,Boots
2022-02-20,33.0,Doc Martens,Boots
2022-02-27,28.000000000000004,Doc Martens,Boots
2022-03-06,28.000000000000004,Doc Martens,Boots
2022-03-13,26.0,Doc Martens,Boots
2022-03-20,26.0,Doc Martens,Boots
2022-03-27,23.0,Doc Martens,Boots
2022-04-03,24.0,Doc Martens,Boots
2022-04-10,23.0,Doc Martens,Boots
2022-04-17,21.0,Doc Martens,Boots
2022-04-24,20.0,Doc Martens,Boots
2022-05-01,20.0,Doc Martens,Boots
2022-05-08,19.0,Doc Martens,Boots
2022-05-15,20.0,Doc Martens,Boots
2022-05-22,22.0,Doc Martens,Boots
2022-05-29,20.0,Doc Martens,Boots
2022-06-05,20.0,Doc Martens,Boots
2022-06-12,19.0,Doc Martens,Boots
2022-06-19,20.0,Doc Martens,Boots
2022-06-26,20.0,Doc Martens,Boots
2022-07-03,21.0,Doc Martens,Boots
2022-07-10,25.0,Doc Martens,Boots
2022-07-17,24.0,Doc Martens,Boots
2022-07-24,25.0,Doc Martens,Boots
2022-07-31,26.0,Doc Martens,Boots
2022-08-07,24.0,Doc Martens,Boots
2022-08-14,27.0,Doc Martens,Boots
2022-08-21,28.000000000000004,Doc Martens,Boots
2022-08-28,26.0,Doc Martens,Boots
2022-09-04,34.0,Doc Martens,Boots
2022-09-11,28.999999999999996,Doc Martens,Boots
2022-09-18,35.0,Doc Martens,Boots
2022-09-25,34.0,Doc Martens,Boots
2022-10-02,37.0,Doc Martens,Boots
2022-10-09,39.0,Doc Martens,Boots
2022-10-16,38.0,Doc Martens,Boots
2022-10-23,33.0,Doc Martens,Boots
2022-10-30,34.0,Doc Martens,Boots
2022-11-06,42.0,Doc Martens,Boots
2022-11-13,48.0,Doc Martens,Boots
2022-11-20,68.0,Doc Martens,Boots
2022-11-27,55.00000000000001,Doc Martens,Boots
2022-12-04,47.0,Doc Martens,Boots
2022-12-11,48.0,Doc Martens,Boots
2022-12-18,49.0,Doc Martens,Boots
2022-12-25,56.00000000000001,Doc Martens,Boots
2023-01-01,36.0,Doc Martens,Boots
2023-01-08,30.0,Doc Martens,Boots
2023-01-15,28.000000000000004,Doc Martens,Boots
2023-01-22,27.0,Doc Martens,Boots
2023-01-29,26.0,Doc Martens,Boots
2023-02-05,24.0,Doc Martens,Boots
2023-02-12,23.0,Doc Martens,Boots
2023-02-19,23.0,Doc Martens,Boots
2023-02-26,22.0,Doc Martens,Boots
2023-03-05,22.0,Doc Martens,Boots
2023-03-12,24.0,Doc Martens,Boots
2023-03-19,22.0,Doc Martens,Boots
2023-03-26,22.0,Doc Martens,Boots
2023-04-02,18.0,Doc Martens,Boots
2023-04-09,19.0,Doc Martens,Boots
2023-04-16,17.0,Doc Martens,Boots
2023-04-23,20.0,Doc Martens,Boots
2023-04-30,18.0,Doc Martens,Boots
2023-05-07,18.0,Doc Martens,Boots
2023-05-14,18.0,Doc Martens,Boots
2023-05-21,17.0,Doc Martens,Boots
2023-05-28,19.0,Doc Martens,Boots
2023-06-04,18.0,Doc Martens,Boots
2023-06-11,18.0,Doc Martens,Boots
2023-06-18,18.0,Doc Martens,Boots
2023-06-25,18.0,Doc Martens,Boots
2023-07-02,18.0,Doc Martens,Boots
2023-07-09,20.0,Doc Martens,Boots
2023-07-16,20.0,Doc Martens,Boots
2023-07-23,21.0,Doc Martens,Boots
2023-07-30,21.0,Doc Martens,Boots
2023-08-06,23.0,Doc Martens,Boots
2023-08-13,22.0,Doc Martens,Boots
2023-08-20,21.0,Doc Martens,Boots
2023-08-27,22.0,Doc Martens,Boots
2023-09-03,22.0,Doc Martens,Boots
2023-09-10,23.0,Doc Martens,Boots
2023-09-17,25.0,Doc Martens,Boots
2023-09-24,27.0,Doc Martens,Boots
2023-10-01,26.0,Doc Martens,Boots
2023-10-08,28.999999999999996,Doc Martens,Boots
2023-10-15,30.0,Doc Martens,Boots
2023-10-22,27.0,Doc Martens,Boots
2023-10-29,28.000000000000004,Doc Martens,Boots
2023-11-05,28.000000000000004,Doc Martens,Boots
2023-11-12,33.0,Doc Martens,Boots
2023-11-19,53.0,Doc Martens,Boots
2023-11-26,42.0,Doc Martens,Boots
2023-12-03,32.0,Doc Martens,Boots
2023-12-10,32.0,Doc Martens,Boots
2023-12-17,33.0,Doc Martens,Boots
2023-12-24,41.0,Doc Martens,Boots
2023-12-31,26.0,Doc Martens,Boots
2024-01-07,24.0,Doc Martens,Boots
2024-01-14,25.0,Doc Martens,Boots
2024-01-21,24.0,Doc Martens,Boots
2024-01-28,21.0,Doc Martens,Boots
2024-02-04,22.0,Doc Martens,Boots
2024-02-11,19.0,Doc Martens,Boots
2024-02-18,22.0,Doc Martens,Boots
2024-02-25,20.0,Doc Martens,Boots
2024-03-03,20.0,Doc Martens,Boots
2024-03-10,20.0,Doc Martens,Boots
2024-03-17,19.0,Doc Martens,Boots
2024-03-24,20.0,Doc Martens,Boots
2024-03-31,19.0,Doc Martens,Boots
2024-04-07,19.0,Doc Martens,Boots
2024-04-14,21.0,Doc Martens,Boots
2024-04-21,20.0,Doc Martens,Boots
2024-04-28,17.0,Doc Martens,Boots
2024-05-05,17.0,Doc Martens,Boots
2024-05-12,17.0,Doc Martens,Boots
2024-05-19,17.0,Doc Martens,Boots
2024-05-26,17.0,Doc Martens,Boots
2024-06-02,16.0,Doc Martens,Boots
2024-06-09,16.0,Doc Martens,Boots
2024-06-16,17.0,Doc Martens,Boots
2024-06-23,16.0,Doc Martens,Boots
2024-06-30,16.0,Doc Martens,Boots
2024-07-07,17.0,Doc Martens,Boots
2024-07-14,22.0,Doc Martens,Boots
2024-07-21,22.0,Doc Martens,Boots
2024-07-28,19.0,Doc Martens,Boots
2024-08-04,21.0,Doc Martens,Boots
2024-08-11,21.0,Doc Martens,Boots
2024-08-18,21.0,Doc Martens,Boots
2024-08-25,23.0,Doc Martens,Boots
2024-09-01,26.0,Doc Martens,Boots
2024-09-08,23.0,Doc Martens,Boots
2024-09-15,24.0,Doc Martens,Boots
2024-09-22,24.0,Doc Martens,Boots
2024-09-29,24.0,Doc Martens,Boots
2024-10-06,24.0,Doc Martens,Boots
2024-10-13,27.0,Doc Martens,Boots
2024-10-20,27.0,Doc Martens,Boots
2024-10-27,25.0,Doc Martens,Boots
2024-11-03,24.0,Doc Martens,Boots
2024-11-10,28.000000000000004,Doc Martens,Boots
2024-11-17,30.0,Doc Martens,Boots
2024-11-24,48.0,Doc Martens,Boots
2024-12-01,36.0,Doc Martens,Boots
2024-12-08,30.0,Doc Martens,Boots
2024-12-15,28.999999999999996,Doc Martens,Boots
2024-12-22,36.0,Doc Martens,Boots
2024-12-29,26.0,Doc Martens,Boots
2025-01-05,25.0,Doc Martens,Boots
2025-01-12,22.0,Doc Martens,Boots
2025-01-19,22.0,Doc Martens,Boots
2025-01-26,21.0,Doc Martens,Boots
2025-02-02,22.0,Doc Martens,Boots
2025-02-09,22.0,Doc Martens,Boots
2025-02-16,23.0,Doc Martens,Boots
2020-02-16,22.641509433962266,chelsea boots,Boots
2020-02-23,20.754716981132077,chelsea boots,Boots
2020-03-01,16.9811320754717,chelsea boots,Boots
2020-03-08,15.09433962264151,chelsea boots,Boots
2020-03-15,9.433962264150944,chelsea boots,Boots
2020-03-22,7.547169811320755,chelsea boots,Boots
2020-03-29,7.547169811320755,chelsea boots,Boots
2020-04-05,7.547169811320755,chelsea boots,Boots
2020-04-12,9.433962264150944,chelsea boots,Boots
2020-04-19,9.433962264150944,chelsea boots,Boots
2020-04-26,7.547169811320755,chelsea boots,Boots
2020-05-03,7.547169811320755,chelsea boots,Boots
2020-05-10,7.547169811320755,chelsea boots,Boots
2020-05-17,9.433962264150944,chelsea boots,Boots
2020-05-24,7.547169811320755,chelsea boots,Boots
2020-05-31,7.547169811320755,chelsea boots,Boots
2020-06-07,7.547169811320755,chelsea boots,Boots
2020-06-14,9.433962264150944,chelsea boots,Boots
2020-06-21,9.433962264150944,chelsea boots,Boots
2020-06-28,9.433962264150944,chelsea boots,Boots
2020-07-05,9.433962264150944,chelsea boots,Boots
2020-07-12,9.433962264150944,chelsea boots,Boots
2020-07-19,9.433962264150944,chelsea boots,Boots
2020-07-26,11.320754716981133,chelsea boots,Boots
2020-08-02,13.20754716981132,chelsea boots,Boots
2020-08-09,13.20754716981132,chelsea boots,Boots
2020-08-16,13.20754716981132,chelsea boots,Boots
2020-08-23,13.20754716981132,chelsea boots,Boots
2020-08-30,16.9811320754717,chelsea boots,Boots
2020-09-06,18.867924528301888,chelsea boots,Boots
2020-09-13,22.641509433962266,chelsea boots,Boots
2020-09-20,28.30188679245283,chelsea boots,Boots
2020-09-27,30.18867924528302,chelsea boots,Boots
2020-10-04,33.9622641509434,chelsea boots,Boots
2020-10-11,35.84905660377358,chelsea boots,Boots
2020-10-18,37.735849056603776,chelsea boots,Boots
2020-10-25,37.735849056603776,chelsea boots,Boots
2020-11-01,30.18867924528302,chelsea boots,Boots
2020-11-08,35.84905660377358,chelsea boots,Boots
2020-11-15,41.509433962264154,chelsea boots,Boots
2020-11-22,54.71698113207547,chelsea boots,Boots
2020-11-29,47.16981132075472,chelsea boots,Boots
2020-12-06,41.509433962264154,chelsea boots,Boots
2020-12-13,39.62264150943396,chelsea boots,Boots
2020-12-20,41.509433962264154,chelsea boots,Boots
2020-12-27,41.509433962264154,chelsea boots,Boots
2021-01-03,30.18867924528302,chelsea boots,Boots
2021-01-10,26.41509433962264,chelsea boots,Boots
2021-01-17,26.41509433962264,chelsea boots,Boots
2021-01-24,24.528301886792452,chelsea boots,Boots
2021-01-31,22.641509433962266,chelsea boots,Boots
2021-02-07,22.641509433962266,chelsea boots,Boots
2021-02-14,22.641509433962266,chelsea boots,Boots
2021-02-21,20.754716981132077,chelsea boots,Boots
2021-02-28,18.867924528301888,chelsea boots,Boots
2021-03-07,15.09433962264151,chelsea boots,Boots
2021-03-14,16.9811320754717,chelsea boots,Boots
2021-03-21,13.20754716981132,chelsea boots,Boots
2021-03-28,13.20754716981132,chelsea boots,Boots
2021-04-04,11.320754716981133,chelsea boots,Boots
2021-04-11,13.20754716981132,chelsea boots,Boots
2021-04-18,11.320754716981133,chelsea boots,Boots
2021-04-25,11.320754716981133,chelsea boots,Boots
2021-05-02,13.20754716981132,chelsea boots,Boots
2021-05-09,11.320754716981133,chelsea boots,Boots
2021-05-16,11.320754716981133,chelsea boots,Boots
2021-05-23,11.320754716981133,chelsea boots,Boots
2021-05-30,11.320754716981133,chelsea boots,Boots
2021-06-06,9.433962264150944,chelsea boots,Boots
2021-06-13,9.433962264150944,chelsea boots,Boots
2021-06-20,9.433962264150944,chelsea boots,Boots
2021-06-27,11.320754716981133,chelsea boots,Boots
2021-07-04,11.320754716981133,chelsea boots,Boots
2021-07-11,11.320754716981133,chelsea boots,Boots
2021-07-18,13.20754716981132,chelsea boots,Boots
2021-07-25,15.09433962264151,chelsea boots,Boots
2021-08-01,15.09433962264151,chelsea boots,Boots
2021-08-08,16.9811320754717,chelsea boots,Boots
2021-08-15,18.867924528301888,chelsea boots,Boots
2021-08-22,20.754716981132077,chelsea boots,Boots
2021-08-29,20.754716981132077,chelsea boots,Boots
2021-09-05,26.41509433962264,chelsea boots,Boots
2021-09-12,30.18867924528302,chelsea boots,Boots
2021-09-19,33.9622641509434,chelsea boots,Boots
2021-09-26,37.735849056603776,chelsea boots,Boots
2021-10-03,37.735849056603776,chelsea boots,Boots
2021-10-10,43.39622641509434,chelsea boots,Boots
2021-10-17,50.943396226415096,chelsea boots,Boots
2021-10-24,52.83018867924528,chelsea boots,Boots
2021-10-31,60.37735849056604,chelsea boots,Boots
2021-11-07,58.490566037735846,chelsea boots,Boots
2021-11-14,64.15094339622641,chelsea boots,Boots
2021-11-21,100.0,chelsea boots,Boots
2021-11-28,81.13207547169812,chelsea boots,Boots
2021-12-05,67.9245283018868,chelsea boots,Boots
2021-12-12,58.490566037735846,chelsea boots,Boots
2021-12-19,54.71698113207547,chelsea boots,Boots
2021-12-26,58.490566037735846,chelsea boots,Boots
2022-01-02,47.16981132075472,chelsea boots,Boots
2022-01-09,45.28301886792453,chelsea boots,Boots
2022-01-16,33.9622641509434,chelsea boots,Boots
2022-01-23,32.075471698113205,chelsea boots,Boots
2022-01-30,37.735849056603776,chelsea boots,Boots
2022-02-06,33.9622641509434,chelsea boots,Boots
2022-02-13,28.30188679245283,chelsea boots,Boots
2022-02-20,28.30188679245283,chelsea boots,Boots
2022-02-27,22.641509433962266,chelsea boots,Boots
2022-03-06,22.641509433962266,chelsea boots,Boots
2022-03-13,22.641509433962266,chelsea boots,Boots
2022-03-20,18.867924528301888,chelsea boots,Boots
2022-03-27,16.9811320754717,chelsea boots,Boots
2022-04-03,16.9811320754717,chelsea boots,Boots
2022-04-10,15.09433962264151,chelsea boots,Boots
2022-04-17,15.09433962264151,chelsea boots,Boots
2022-04-24,15.09433962264151,chelsea boots,Boots
2022-05-01,13.20754716981132,chelsea boots,Boots
2022-05-08,13.20754716981132,chelsea boots,Boots
2022-05-15,11.320754716981133,chelsea boots,Boots
2022-05-22,13.20754716981132,chelsea boots,Boots
2022-05-29,11.320754716981133,chelsea boots,Boots
2022-06-05,11.320754716981133,chelsea boots,Boots
2022-06-12,9.433962264150944,chelsea boots,Boots
2022-06-19,9.433962264150944,chelsea boots,Boots
2022-06-26,11.320754716981133,chelsea boots,Boots
2022-07-03,11.320754716981133,chelsea boots,Boots
2022-07-10,11.320754716981133,chelsea boots,Boots
2022-07-17,13.20754716981132,chelsea boots,Boots
2022-07-24,13.20754716981132,chelsea boots,Boots
2022-07-31,15.09433962264151,chelsea boots,Boots
2022-08-07,16.9811320754717,chelsea boots,Boots
2022-08-14,18.867924528301888,chelsea boots,Boots
2022-08-21,20.754716981132077,chelsea boots,Boots
2022-08-28,22.641509433962266,chelsea boots,Boots
2022-09-04,26.41509433962264,chelsea boots,Boots
2022-09-11,32.075471698113205,chelsea boots,Boots
2022-09-18,33.9622641509434,chelsea boots,Boots
2022-09-25,39.62264150943396,chelsea boots,Boots
2022-10-02,41.509433962264154,chelsea boots,Boots
2022-10-09,45.28301886792453,chelsea boots,Boots
2022-10-16,50.943396226415096,chelsea boots,Boots
2022-10-23,45.28301886792453,chelsea boots,Boots
2022-10-30,41.509433962264154,chelsea boots,Boots
2022-11-06,45.28301886792453,chelsea boots,Boots
2022-11-13,62.264150943396224,chelsea boots,Boots
2022-11-20,88.67924528301887,chelsea boots,Boots
2022-11-27,69.81132075471697,chelsea boots,Boots
2022-12-04,54.71698113207547,chelsea boots,Boots
2022-12-11,58.490566037735846,chelsea boots,Boots
2022-12-18,50.943396226415096,chelsea boots,Boots
2022-12-25,58.490566037735846,chelsea boots,Boots
2023-01-01,39.62264150943396,chelsea boots,Boots
2023-01-08,39.62264150943396,chelsea boots,Boots
2023-01-15,37.735849056603776,chelsea boots,Boots
2023-01-22,32.075471698113205,chelsea boots,Boots
2023-01-29,28.30188679245283,chelsea boots,Boots
2023-02-05,26.41509433962264,chelsea boots,Boots
2023-02-12,22.641509433962266,chelsea boots,Boots
2023-02-19,30.18867924528302,chelsea boots,Boots
2023-02-26,26.41509433962264,chelsea boots,Boots
2023-03-05,20.754716981132077,chelsea boots,Boots
2023-03-12,20.754716981132077,chelsea boots,Boots
2023-03-19,18.867924528301888,chelsea boots,Boots
2023-03-26,16.9811320754717,chelsea boots,Boots
2023-04-02,15.09433962264151,chelsea boots,Boots
2023-04-09,13.20754716981132,chelsea boots,Boots
2023-04-16,13.20754716981132,chelsea boots,Boots
2023-04-23,13.20754716981132,chelsea boots,Boots
2023-04-30,11.320754716981133,chelsea boots,Boots
2023-05-07,9.433962264150944,chelsea boots,Boots
2023-05-14,9.433962264150944,chelsea boots,Boots
2023-05-21,9.433962264150944,chelsea boots,Boots
2023-05-28,9.433962264150944,chelsea boots,Boots
2023-06-04,9.433962264150944,chelsea boots,Boots
2023-06-11,9.433962264150944,chelsea boots,Boots
2023-06-18,9.433962264150944,chelsea boots,Boots
2023-06-25,9.433962264150944,chelsea boots,Boots
2023-07-02,9.433962264150944,chelsea boots,Boots
2023-07-09,11.320754716981133,chelsea boots,Boots
2023-07-16,11.320754716981133,chelsea boots,Boots
2023-07-23,13.20754716981132,chelsea boots,Boots
2023-07-30,13.20754716981132,chelsea boots,Boots
2023-08-06,15.09433962264151,chelsea boots,Boots
2023-08-13,16.9811320754717,chelsea boots,Boots
2023-08-20,18.867924528301888,chelsea boots,Boots
2023-08-27,20.754716981132077,chelsea boots,Boots
2023-09-03,20.754716981132077,chelsea boots,Boots
2023-09-10,24.528301886792452,chelsea boots,Boots
2023-09-17,32.075471698113205,chelsea boots,Boots
2023-09-24,35.84905660377358,chelsea boots,Boots
2023-10-01,35.84905660377358,chelsea boots,Boots
2023-10-08,39.62264150943396,chelsea boots,Boots
2023-10-15,43.39622641509434,chelsea boots,Boots
2023-10-22,39.62264150943396,chelsea boots,Boots
2023-10-29,41.509433962264154,chelsea boots,Boots
2023-11-05,45.28301886792453,chelsea boots,Boots
2023-11-12,47.16981132075472,chelsea boots,Boots
2023-11-19,66.0377358490566,chelsea boots,Boots
2023-11-26,56.60377358490566,chelsea boots,Boots
2023-12-03,43.39622641509434,chelsea boots,Boots
2023-12-10,45.28301886792453,chelsea boots,Boots
2023-12-17,37.735849056603776,chelsea boots,Boots
2023-12-24,47.16981132075472,chelsea boots,Boots
2023-12-31,41.509433962264154,chelsea boots,Boots
2024-01-07,37.735849056603776,chelsea boots,Boots
2024-01-14,39.62264150943396,chelsea boots,Boots
2024-01-21,33.9622641509434,chelsea boots,Boots
2024-01-28,26.41509433962264,chelsea boots,Boots
2024-02-04,26.41509433962264,chelsea boots,Boots
2024-02-11,24.528301886792452,chelsea boots,Boots
2024-02-18,24.528301886792452,chelsea boots,Boots
2024-02-25,18.867924528301888,chelsea boots,Boots
2024-03-03,18.867924528301888,chelsea boots,Boots
2024-03-10,16.9811320754717,chelsea boots,Boots
2024-03-17,18.867924528301888,chelsea boots,Boots
2024-03-24,20.754716981132077,chelsea boots,Boots
2024-03-31,15.09433962264151,chelsea boots,Boots
2024-04-07,13.20754716981132,chelsea boots,Boots
2024-04-14,13.20754716981132,chelsea boots,Boots
2024-04-21,13.20754716981132,chelsea boots,Boots
2024-04-28,13.20754716981132,chelsea boots,Boots
2024-05-05,11.320754716981133,chelsea boots,Boots
2024-05-12,11.320754716981133,chelsea boots,Boots
2024-05-19,11.320754716981133,chelsea boots,Boots
2024-05-26,9.433962264150944,chelsea boots,Boots
2024-06-02,9.433962264150944,chelsea boots,Boots
2024-06-09,9.433962264150944,chelsea boots,Boots
2024-06-16,9.433962264150944,chelsea boots,Boots
2024-06-23,9.433962264150944,chelsea boots,Boots
2024-06-30,11.320754716981133,chelsea boots,Boots
2024-07-07,9.433962264150944,chelsea boots,Boots
2024-07-14,11.320754716981133,chelsea boots,Boots
2024-07-21,13.20754716981132,chelsea boots,Boots
2024-07-28,13.20754716981132,chelsea boots,Boots
2024-08-04,15.09433962264151,chelsea boots,Boots
2024-08-11,15.09433962264151,chelsea boots,Boots
2024-08-18,18.867924528301888,chelsea boots,Boots
2024-08-25,20.754716981132077,chelsea boots,Boots
2024-09-01,20.754716981132077,chelsea boots,Boots
2024-09-08,24.528301886792452,chelsea boots,Boots
2024-09-15,24.528301886792452,chelsea boots,Boots
2024-09-22,30.18867924528302,chelsea boots,Boots
2024-09-29,32.075471698113205,chelsea boots,Boots
2024-10-06,33.9622641509434,chelsea boots,Boots
2024-10-13,39.62264150943396,chelsea boots,Boots
2024-10-20,41.509433962264154,chelsea boots,Boots
2024-10-27,37.735849056603776,chelsea boots,Boots
2024-11-03,37.735849056603776,chelsea boots,Boots
2024-11-10,41.509433962264154,chelsea boots,Boots
2024-11-17,50.943396226415096,chelsea boots,Boots
2024-11-24,66.0377358490566,chelsea boots,Boots
2024-12-01,54.71698113207547,chelsea boots,Boots
2024-12-08,47.16981132075472,chelsea boots,Boots
2024-12-15,50.943396226415096,chelsea boots,Boots
2024-12-22,47.16981132075472,chelsea boots,Boots
2024-12-29,37.735849056603776,chelsea boots,Boots
2025-01-05,37.735849056603776,chelsea boots,Boots
2025-01-12,35.84905660377358,chelsea boots,Boots
2025-01-19,32.075471698113205,chelsea boots,Boots
2025-01-26,24.528301886792452,chelsea boots,Boots
2025-02-02,24.528301886792452,chelsea boots,Boots
2025-02-09,24.528301886792452,chelsea boots,Boots
2025-02-16,26.41509433962264,chelsea boots,Boots
2020-02-16,53.333333333333336,hiking boots,Boots
2020-02-23,50.0,hiking boots,Boots
2020-03-01,46.666666666666664,hiking boots,Boots
2020-03-08,40.0,hiking boots,Boots
2020-03-15,30.0,hiking boots,Boots
2020-03-22,33.33333333333333,hiking boots,Boots
2020-03-29,33.33333333333333,hiking boots,Boots
2020-04-05,36.666666666666664,hiking boots,Boots
2020-04-12,40.0,hiking boots,Boots
2020-04-19,46.666666666666664,hiking boots,Boots
2020-04-26,46.666666666666664,hiking boots,Boots
2020-05-03,50.0,hiking boots,Boots
2020-05-10,56.666666666666664,hiking boots,Boots
2020-05-17,63.33333333333333,hiking boots,Boots
2020-05-24,60.0,hiking boots,Boots
2020-05-31,53.333333333333336,hiking boots,Boots
2020-06-07,56.666666666666664,hiking boots,Boots
2020-06-14,63.33333333333333,hiking boots,Boots
2020-06-21,63.33333333333333,hiking boots,Boots
2020-06-28,53.333333333333336,hiking boots,Boots
2020-07-05,56.666666666666664,hiking boots,Boots
2020-07-12,53.333333333333336,hiking boots,Boots
2020-07-19,53.333333333333336,hiking boots,Boots
2020-07-26,63.33333333333333,hiking boots,Boots
2020-08-02,63.33333333333333,hiking boots,Boots
2020-08-09,63.33333333333333,hiking boots,Boots
2020-08-16,60.0,hiking boots,Boots
2020-08-23,60.0,hiking boots,Boots
2020-08-30,63.33333333333333,hiking boots,Boots
2020-09-06,76.66666666666667,hiking boots,Boots
2020-09-13,63.33333333333333,hiking boots,Boots
2020-09-20,70.0,hiking boots,Boots
2020-09-27,73.33333333333333,hiking boots,Boots
2020-10-04,73.33333333333333,hiking boots,Boots
2020-10-11,83.33333333333334,hiking boots,Boots
2020-10-18,76.66666666666667,hiking boots,Boots
2020-10-25,80.0,hiking boots,Boots
2020-11-01,56.666666666666664,hiking boots,Boots
2020-11-08,76.66666666666667,hiking boots,Boots
2020-11-15,76.66666666666667,hiking boots,Boots
2020-11-22,100.0,hiking boots,Boots
2020-11-29,93.33333333333333,hiking boots,Boots
2020-12-06,80.0,hiking boots,Boots
2020-12-13,80.0,hiking boots,Boots
2020-12-20,80.0,hiking boots,Boots
2020-12-27,96.66666666666667,hiking boots,Boots
2021-01-03,90.0,hiking boots,Boots
2021-01-10,80.0,hiking boots,Boots
2021-01-17,70.0,hiking boots,Boots
2021-01-24,70.0,hiking boots,Boots
2021-01-31,70.0,hiking boots,Boots
2021-02-07,70.0,hiking boots,Boots
2021-02-14,70.0,hiking boots,Boots
2021-02-21,73.33333333333333,hiking boots,Boots
2021-02-28,83.33333333333334,hiking boots,Boots
2021-03-07,70.0,hiking boots,Boots
2021-03-14,70.0,hiking boots,Boots
2021-03-21,76.66666666666667,hiking boots,Boots
2021-03-28,70.0,hiking boots,Boots
2021-04-04,63.33333333333333,hiking boots,Boots
2021-04-11,70.0,hiking boots,Boots
2021-04-18,66.66666666666666,hiking boots,Boots
2021-04-25,56.666666666666664,hiking boots,Boots
2021-05-02,63.33333333333333,hiking boots,Boots
2021-05-09,60.0,hiking boots,Boots
2021-05-16,60.0,hiking boots,Boots
2021-05-23,63.33333333333333,hiking boots,Boots
2021-05-30,56.666666666666664,hiking boots,Boots
2021-06-06,56.666666666666664,hiking boots,Boots
2021-06-13,60.0,hiking boots,Boots
2021-06-20,56.666666666666664,hiking boots,Boots
2021-06-27,56.666666666666664,hiking boots,Boots
2021-07-04,60.0,hiking boots,Boots
2021-07-11,60.0,hiking boots,Boots
2021-07-18,60.0,hiking boots,Boots
2021-07-25,56.666666666666664,hiking boots,Boots
2021-08-01,60.0,hiking boots,Boots
2021-08-08,56.666666666666664,hiking boots,Boots
2021-08-15,60.0,hiking boots,Boots
2021-08-22,60.0,hiking boots,Boots
2021-08-29,60.0,hiking boots,Boots
2021-09-05,66.66666666666666,hiking boots,Boots
2021-09-12,66.66666666666666,hiking boots,Boots
2021-09-19,66.66666666666666,hiking boots,Boots
2021-09-26,80.0,hiking boots,Boots
2021-10-03,73.33333333333333,hiking boots,Boots
2021-10-10,76.66666666666667,hiking boots,Boots
2021-10-17,70.0,hiking boots,Boots
2021-10-24,66.66666666666666,hiking boots,Boots
2021-10-31,76.66666666666667,hiking boots,Boots
2021-11-07,76.66666666666667,hiking boots,Boots
2021-11-14,80.0,hiking boots,Boots
2021-11-21,93.33333333333333,hiking boots,Boots
2021-11-28,83.33333333333334,hiking boots,Boots
2021-12-05,76.66666666666667,hiking boots,Boots
2021-12-12,70.0,hiking boots,Boots
2021-12-19,70.0,hiking boots,Boots
2021-12-26,76.66666666666667,hiking boots,Boots
2022-01-02,83.33333333333334,hiking boots,Boots
2022-01-09,66.66666666666666,hiking boots,Boots
2022-01-16,73.33333333333333,hiking boots,Boots
2022-01-23,73.33333333333333,hiking boots,Boots
2022-01-30,70.0,hiking boots,Boots
2022-02-06,66.66666666666666,hiking boots,Boots
2022-02-13,63.33333333333333,hiking boots,Boots
2022-02-20,73.33333333333333,hiking boots,Boots
2022-02-27,60.0,hiking boots,Boots
2022-03-06,66.66666666666666,hiking boots,Boots
2022-03-13,66.66666666666666,hiking boots,Boots
2022-03-20,66.66666666666666,hiking boots,Boots
2022-03-27,63.33333333333333,hiking boots,Boots
2022-04-03,60.0,hiking boots,Boots
2022-04-10,60.0,hiking boots,Boots
2022-04-17,60.0,hiking boots,Boots
2022-04-24,56.666666666666664,hiking boots,Boots
2022-05-01,56.666666666666664,hiking boots,Boots
2022-05-08,53.333333333333336,hiking boots,Boots
2022-05-15,56.666666666666664,hiking boots,Boots
2022-05-22,53.333333333333336,hiking boots,Boots
2022-05-29,60.0,hiking boots,Boots
2022-06-05,56.666666666666664,hiking boots,Boots
2022-06-12,53.333333333333336,hiking boots,Boots
2022-06-19,56.666666666666664,hiking boots,Boots
2022-06-26,53.333333333333336,hiking boots,Boots
2022-07-03,56.666666666666664,hiking boots,Boots
2022-07-10,56.666666666666664,hiking boots,Boots
2022-07-17,53.333333333333336,hiking boots,Boots
2022-07-24,53.333333333333336,hiking boots,Boots
2022-07-31,53.333333333333336,hiking boots,Boots
2022-08-07,56.666666666666664,hiking boots,Boots
2022-08-14,56.666666666666664,hiking boots,Boots
2022-08-21,56.666666666666664,hiking boots,Boots
2022-08-28,60.0,hiking boots,Boots
2022-09-04,60.0,hiking boots,Boots
2022-09-11,56.666666666666664,hiking boots,Boots
2022-09-18,53.333333333333336,hiking boots,Boots
2022-09-25,63.33333333333333,hiking boots,Boots
2022-10-02,63.33333333333333,hiking boots,Boots
2022-10-09,60.0,hiking boots,Boots
2022-10-16,66.66666666666666,hiking boots,Boots
2022-10-23,60.0,hiking boots,Boots
2022-10-30,56.666666666666664,hiking boots,Boots
2022-11-06,60.0,hiking boots,Boots
2022-11-13,70.0,hiking boots,Boots
2022-11-20,83.33333333333334,hiking boots,Boots
2022-11-27,66.66666666666666,hiking boots,Boots
2022-12-04,60.0,hiking boots,Boots
2022-12-11,66.66666666666666,hiking boots,Boots
2022-12-18,63.33333333333333,hiking boots,Boots
2022-12-25,76.66666666666667,hiking boots,Boots
2023-01-01,60.0,hiking boots,Boots
2023-01-08,60.0,hiking boots,Boots
2023-01-15,63.33333333333333,hiking boots,Boots
2023-01-22,56.666666666666664,hiking boots,Boots
2023-01-29,60.0,hiking boots,Boots
2023-02-05,60.0,hiking boots,Boots
2023-02-12,50.0,hiking boots,Boots
2023-02-19,60.0,hiking boots,Boots
2023-02-26,53.333333333333336,hiking boots,Boots
2023-03-05,60.0,hiking boots,Boots
2023-03-12,60.0,hiking boots,Boots
2023-03-19,60.0,hiking boots,Boots
2023-03-26,53.333333333333336,hiking boots,Boots
2023-04-02,60.0,hiking boots,Boots
2023-04-09,50.0,hiking boots,Boots
2023-04-16,53.333333333333336,hiking boots,Boots
2023-04-23,56.666666666666664,hiking boots,Boots
2023-04-30,53.333333333333336,hiking boots,Boots
2023-05-07,50.0,hiking boots,Boots
2023-05-14,53.333333333333336,hiking boots,Boots
2023-05-21,56.666666666666664,hiking boots,Boots
2023-05-28,56.666666666666664,hiking boots,Boots
2023-06-04,53.333333333333336,hiking boots,Boots
2023-06-11,56.666666666666664,hiking boots,Boots
2023-06-18,53.333333333333336,hiking boots,Boots
2023-06-25,50.0,hiking boots,Boots
2023-07-02,50.0,hiking boots,Boots
2023-07-09,50.0,hiking boots,Boots
2023-07-16,46.666666666666664,hiking boots,Boots
2023-07-23,50.0,hiking boots,Boots
2023-07-30,50.0,hiking boots,Boots
2023-08-06,53.333333333333336,hiking boots,Boots
2023-08-13,50.0,hiking boots,Boots
2023-08-20,53.333333333333336,hiking boots,Boots
2023-08-27,53.333333333333336,hiking boots,Boots
2023-09-03,70.0,hiking boots,Boots
2023-09-10,50.0,hiking boots,Boots
2023-09-17,53.333333333333336,hiking boots,Boots
2023-09-24,56.666666666666664,hiking boots,Boots
2023-10-01,56.666666666666664,hiking boots,Boots
2023-10-08,60.0,hiking boots,Boots
2023-10-15,63.33333333333333,hiking boots,Boots
2023-10-22,56.666666666666664,hiking boots,Boots
2023-10-29,60.0,hiking boots,Boots
2023-11-05,60.0,hiking boots,Boots
2023-11-12,60.0,hiking boots,Boots
2023-11-19,73.33333333333333,hiking boots,Boots
2023-11-26,70.0,hiking boots,Boots
2023-12-03,66.66666666666666,hiking boots,Boots
2023-12-10,53.333333333333336,hiking boots,Boots
2023-12-17,56.666666666666664,hiking boots,Boots
2023-12-24,63.33333333333333,hiking boots,Boots
2023-12-31,60.0,hiking boots,Boots
2024-01-07,56.666666666666664,hiking boots,Boots
2024-01-14,63.33333333333333,hiking boots,Boots
2024-01-21,63.33333333333333,hiking boots,Boots
2024-01-28,53.333333333333336,hiking boots,Boots
2024-02-04,53.333333333333336,hiking boots,Boots
2024-02-11,53.333333333333336,hiking boots,Boots
2024-02-18,63.33333333333333,hiking boots,Boots
2024-02-25,50.0,hiking boots,Boots
2024-03-03,53.333333333333336,hiking boots,Boots
2024-03-10,56.666666666666664,hiking boots,Boots
2024-03-17,56.666666666666664,hiking boots,Boots
2024-03-24,53.333333333333336,hiking boots,Boots
2024-03-31,53.333333333333336,hiking boots,Boots
2024-04-07,50.0,hiking boots,Boots
2024-04-14,53.333333333333336,hiking boots,Boots
2024-04-21,53.333333333333336,hiking boots,Boots
2024-04-28,50.0,hiking boots,Boots
2024-05-05,53.333333333333336,hiking boots,Boots
2024-05-12,53.333333333333336,hiking boots,Boots
2024-05-19,56.666666666666664,hiking boots,Boots
2024-05-26,60.0,hiking boots,Boots
2024-06-02,53.333333333333336,hiking boots,Boots
2024-06-09,53.333333333333336,hiking boots,Boots
2024-06-16,50.0,hiking boots,Boots
2024-06-23,46.666666666666664,hiking boots,Boots
2024-06-30,50.0,hiking boots,Boots
2024-07-07,50.0,hiking boots,Boots
2024-07-14,46.666666666666664,hiking boots,Boots
2024-07-21,53.333333333333336,hiking boots,Boots
2024-07-28,50.0,hiking boots,Boots
2024-08-04,50.0,hiking boots,Boots
2024-08-11,53.333333333333336,hiking boots,Boots
2024-08-18,53.333333333333336,hiking boots,Boots
2024-08-25,53.333333333333336,hiking boots,Boots
2024-09-01,56.666666666666664,hiking boots,Boots
2024-09-08,53.333333333333336,hiking boots,Boots
2024-09-15,50.0,hiking boots,Boots
2024-09-22,53.333333333333336,hiking boots,Boots
2024-09-29,56.666666666666664,hiking boots,Boots
2024-10-06,60.0,hiking boots,Boots
2024-10-13,56.666666666666664,hiking boots,Boots
2024-10-20,53.333333333333336,hiking boots,Boots
2024-10-27,50.0,hiking boots,Boots
2024-11-03,50.0,hiking boots,Boots
2024-11-10,56.666666666666664,hiking boots,Boots
2024-11-17,70.0,hiking boots,Boots
2024-11-24,86.66666666666667,hiking boots,Boots
2024-12-01,70.0,hiking boots,Boots
2024-12-08,56.666666666666664,hiking boots,Boots
2024-12-15,56.666666666666664,hiking boots,Boots
2024-12-22,76.66666666666667,hiking boots,Boots
2024-12-29,66.66666666666666,hiking boots,Boots
2025-01-05,60.0,hiking boots,Boots
2025-01-12,60.0,hiking boots,Boots
2025-01-19,56.666666666666664,hiking boots,Boots
2025-01-26,50.0,hiking boots,Boots
2025-02-02,50.0,hiking boots,Boots
2025-02-09,50.0,hiking boots,Boots
2025-02-16,53.333333333333336,hiking boots,Boots
2020-02-16,0.0,chukkas,Boots
2020-02-23,0.0,chukkas,Boots
2020-03-01,0.0,chukkas,Boots
2020-03-08,0.0,chukkas,Boots
2020-03-15,0.0,chukkas,Boots
2020-03-22,0.0,chukkas,Boots
2020-03-29,0.0,chukkas,Boots
2020-04-05,0.0,chukkas,Boots
2020-04-12,0.0,chukkas,Boots
2020-04-19,0.0,chukkas,Boots
2020-04-26,0.0,chukkas,Boots
2020-05-03,0.0,chukkas,Boots
2020-05-10,0.0,chukkas,Boots
2020-05-17,0.0,chukkas,Boots
2020-05-24,0.0,chukkas,Boots
2020-05-31,0.0,chukkas,Boots
2020-06-07,0.0,chukkas,Boots
2020-06-14,0.0,chukkas,Boots
2020-06-21,0.0,chukkas,Boots
2020-06-28,0.0,chukkas,Boots
2020-07-05,0.0,chukkas,Boots
2020-07-12,0.0,chukkas,Boots
2020-07-19,0.0,chukkas,Boots
2020-07-26,0.0,chukkas,Boots
2020-08-02,0.0,chukkas,Boots
2020-08-09,0.0,chukkas,Boots
2020-08-16,0.0,chukkas,Boots
2020-08-23,0.0,chukkas,Boots
2020-08-30,0.0,chukkas,Boots
2020-09-06,0.0,chukkas,Boots
2020-09-13,0.0,chukkas,Boots
2020-09-20,0.0,chukkas,Boots
2020-09-27,0.0,chukkas,Boots
2020-10-04,0.0,chukkas,Boots
2020-10-11,0.0,chukkas,Boots
2020-10-18,100.0,chukkas,Boots
2020-10-25,12.5,chukkas,Boots
2020-11-01,6.25,chukkas,Boots
2020-11-08,6.25,chukkas,Boots
2020-11-15,6.25,chukkas,Boots
2020-11-22,6.25,chukkas,Boots
2020-11-29,6.25,chukkas,Boots
2020-12-06,6.25,chukkas,Boots
2020-12-13,0.0,chukkas,Boots
2020-12-20,6.25,chukkas,Boots
2020-12-27,6.25,chukkas,Boots
2021-01-03,0.0,chukkas,Boots
2021-01-10,0.0,chukkas,Boots
2021-01-17,0.0,chukkas,Boots
2021-01-24,0.0,chukkas,Boots
2021-01-31,0.0,chukkas,Boots
2021-02-07,0.0,chukkas,Boots
2021-02-14,0.0,chukkas,Boots
2021-02-21,0.0,chukkas,Boots
2021-02-28,0.0,chukkas,Boots
2021-03-07,0.0,chukkas,Boots
2021-03-14,0.0,chukkas,Boots
2021-03-21,0.0,chukkas,Boots
2021-03-28,0.0,chukkas,Boots
2021-04-04,0.0,chukkas,Boots
2021-04-11,0.0,chukkas,Boots
2021-04-18,0.0,chukkas,Boots
2021-04-25,0.0,chukkas,Boots
2021-05-02,0.0,chukkas,Boots
2021-05-09,0.0,chukkas,Boots
2021-05-16,0.0,chukkas,Boots
2021-05-23,0.0,chukkas,Boots
2021-05-30,0.0,chukkas,Boots
2021-06-06,0.0,chukkas,Boots
2021-06-13,0.0,chukkas,Boots
2021-06-20,0.0,chukkas,Boots
2021-06-27,0.0,chukkas,Boots
2021-07-04,0.0,chukkas,Boots
2021-07-11,0.0,chukkas,Boots
2021-07-18,0.0,chukkas,Boots
2021-07-25,0.0,chukkas,Boots
2021-08-01,0.0,chukkas,Boots
2021-08-08,0.0,chukkas,Boots
2021-08-15,0.0,chukkas,Boots
2021-08-22,0.0,chukkas,Boots
2021-08-29,0.0,chukkas,Boots
2021-09-05,0.0,chukkas,Boots
2021-09-12,0.0,chukkas,Boots
2021-09-19,0.0,chukkas,Boots
2021-09-26,0.0,chukkas,Boots
2021-10-03,0.0,chukkas,Boots
2021-10-10,0.0,chukkas,Boots
2021-10-17,0.0,chukkas,Boots
2021-10-24,6.25,chukkas,Boots
2021-10-31,0.0,chukkas,Boots
2021-11-07,6.25,chukkas,Boots
2021-11-14,6.25,chukkas,Boots
2021-11-21,6.25,chukkas,Boots
2021-11-28,6.25,chukkas,Boots
2021-12-05,6.25,chukkas,Boots
2021-12-12,0.0,chukkas,Boots
2021-12-19,0.0,chukkas,Boots
2021-12-26,6.25,chukkas,Boots
2022-01-02,0.0,chukkas,Boots
2022-01-09,0.0,chukkas,Boots
2022-01-16,0.0,chukkas,Boots
2022-01-23,0.0,chukkas,Boots
2022-01-30,0.0,chukkas,Boots
2022-02-06,0.0,chukkas,Boots
2022-02-13,0.0,chukkas,Boots
2022-02-20,0.0,chukkas,Boots
2022-02-27,0.0,chukkas,Boots
2022-03-06,0.0,chukkas,Boots
2022-03-13,0.0,chukkas,Boots
2022-03-20,0.0,chukkas,Boots
2022-03-27,0.0,chukkas,Boots
2022-04-03,0.0,chukkas,Boots
2022-04-10,0.0,chukkas,Boots
2022-04-17,0.0,chukkas,Boots
2022-04-24,0.0,chukkas,Boots
2022-05-01,0.0,chukkas,Boots
2022-05-08,0.0,chukkas,Boots
2022-05-15,0.0,chukkas,Boots
2022-05-22,0.0,chukkas,Boots
2022-05-29,0.0,chukkas,Boots
2022-06-05,0.0,chukkas,Boots
2022-06-12,0.0,chukkas,Boots
2022-06-19,0.0,chukkas,Boots
2022-06-26,0.0,chukkas,Boots
2022-07-03,0.0,chukkas,Boots
2022-07-10,0.0,chukkas,Boots
2022-07-17,0.0,chukkas,Boots
2022-07-24,0.0,chukkas,Boots
2022-07-31,0.0,chukkas,Boots
2022-08-07,0.0,chukkas,Boots
2022-08-14,0.0,chukkas,Boots
2022-08-21,0.0,chukkas,Boots
2022-08-28,0.0,chukkas,Boots
2022-09-04,0.0,chukkas,Boots
2022-09-11,0.0,chukkas,Boots
2022-09-18,0.0,chukkas,Boots
2022-09-25,0.0,chukkas,Boots
2022-10-02,0.0,chukkas,Boots
2022-10-09,0.0,chukkas,Boots
2022-10-16,0.0,chukkas,Boots
2022-10-23,0.0,chukkas,Boots
2022-10-30,0.0,chukkas,Boots
2022-11-06,0.0,chukkas,Boots
2022-11-13,0.0,chukkas,Boots
2022-11-20,6.25,chukkas,Boots
2022-11-27,0.0,chukkas,Boots
2022-12-04,0.0,chukkas,Boots
2022-12-11,0.0,chukkas,Boots
2022-12-18,0.0,chukkas,Boots
2022-12-25,0.0,chukkas,Boots
2023-01-01,0.0,chukkas,Boots
2023-01-08,0.0,chukkas,Boots
2023-01-15,0.0,chukkas,Boots
2023-01-22,0.0,chukkas,Boots
2023-01-29,0.0,chukkas,Boots
2023-02-05,0.0,chukkas,Boots
2023-02-12,0.0,chukkas,Boots
2023-02-19,0.0,chukkas,Boots
2023-02-26,0.0,chukkas,Boots
2023-03-05,0.0,chukkas,Boots
2023-03-12,0.0,chukkas,Boots
2023-03-19,0.0,chukkas,Boots
2023-03-26,0.0,chukkas,Boots
2023-04-02,0.0,chukkas,Boots
2023-04-09,0.0,chukkas,Boots
2023-04-16,0.0,chukkas,Boots
2023-04-23,0.0,chukkas,Boots
2023-04-30,0.0,chukkas,Boots
2023-05-07,0.0,chukkas,Boots
2023-05-14,0.0,chukkas,Boots
2023-05-21,6.25,chukkas,Boots
2023-05-28,0.0,chukkas,Boots
2023-06-04,0.0,chukkas,Boots
2023-06-11,0.0,chukkas,Boots
2023-06-18,0.0,chukkas,Boots
2023-06-25,0.0,chukkas,Boots
2023-07-02,0.0,chukkas,Boots
2023-07-09,0.0,chukkas,Boots
2023-07-16,0.0,chukkas,Boots
2023-07-23,0.0,chukkas,Boots
2023-07-30,0.0,chukkas,Boots
2023-08-06,0.0,chukkas,Boots
2023-08-13,0.0,chukkas,Boots
2023-08-20,0.0,chukkas,Boots
2023-08-27,0.0,chukkas,Boots
2023-09-03,0.0,chukkas,Boots
2023-09-10,0.0,chukkas,Boots
2023-09-17,0.0,chukkas,Boots
2023-09-24,0.0,chukkas,Boots
2023-10-01,0.0,chukkas,Boots
2023-10-08,0.0,chukkas,Boots
2023-10-15,0.0,chukkas,Boots
2023-10-22,0.0,chukkas,Boots
2023-10-29,0.0,chukkas,Boots
2023-11-05,0.0,chukkas,Boots
2023-11-12,0.0,chukkas,Boots
2023-11-19,0.0,chukkas,Boots
2023-11-26,0.0,chukkas,Boots
2023-12-03,0.0,chukkas,Boots
2023-12-10,0.0,chukkas,Boots
2023-12-17,0.0,chukkas,Boots
2023-12-24,0.0,chukkas,Boots
2023-12-31,0.0,chukkas,Boots
2024-01-07,0.0,chukkas,Boots
2024-01-14,0.0,chukkas,Boots
2024-01-21,0.0,chukkas,Boots
2024-01-28,0.0,chukkas,Boots
2024-02-04,0.0,chukkas,Boots
2024-02-11,0.0,chukkas,Boots
2024-02-18,0.0,chukkas,Boots
2024-02-25,0.0,chukkas,Boots
2024-03-03,0.0,chukkas,Boots
2024-03-10,0.0,chukkas,Boots
2024-03-17,0.0,chukkas,Boots
2024-03-24,0.0,chukkas,Boots
2024-03-31,0.0,chukkas,Boots
2024-04-07,0.0,chukkas,Boots
2024-04-14,0.0,chukkas,Boots
2024-04-21,0.0,chukkas,Boots
2024-04-28,0.0,chukkas,Boots
2024-05-05,0.0,chukkas,Boots
2024-05-12,0.0,chukkas,Boots
2024-05-19,0.0,chukkas,Boots
2024-05-26,0.0,chukkas,Boots
2024-06-02,0.0,chukkas,Boots
2024-06-09,0.0,chukkas,Boots
2024-06-16,0.0,chukkas,Boots
2024-06-23,0.0,chukkas,Boots
2024-06-30,0.0,chukkas,Boots
2024-07-07,0.0,chukkas,Boots
2024-07-14,0.0,chukkas,Boots
2024-07-21,0.0,chukkas,Boots
2024-07-28,0.0,chukkas,Boots
2024-08-04,0.0,chukkas,Boots
2024-08-11,0.0,chukkas,Boots
2024-08-18,0.0,chukkas,Boots
2024-08-25,0.0,chukkas,Boots
2024-09-01,0.0,chukkas,Boots
2024-09-08,0.0,chukkas,Boots
2024-09-15,0.0,chukkas,Boots
2024-09-22,0.0,chukkas,Boots
2024-09-29,0.0,chukkas,Boots
2024-10-06,0.0,chukkas,Boots
2024-10-13,0.0,chukkas,Boots
2024-10-20,0.0,chukkas,Boots
2024-10-27,0.0,chukkas,Boots
2024-11-03,0.0,chukkas,Boots
2024-11-10,0.0,chukkas,Boots
2024-11-17,0.0,chukkas,Boots
2024-11-24,0.0,chukkas,Boots
2024-12-01,6.25,chukkas,Boots
2024-12-08,0.0,chukkas,Boots
2024-12-15,0.0,chukkas,Boots
2024-12-22,0.0,chukkas,Boots
2024-12-29,6.25,chukkas,Boots
2025-01-05,0.0,chukkas,Boots
2025-01-12,0.0,chukkas,Boots
2025-01-19,0.0,chukkas,Boots
2025-01-26,0.0,chukkas,Boots
2025-02-02,0.0,chukkas,Boots
2025-02-09,0.0,chukkas,Boots
2025-02-16,0.0,chukkas,Boots
2020-02-16,37.5,Timberlands,Boots
2020-02-23,37.5,Timberlands,Boots
2020-03-01,31.25,Timberlands,Boots
2020-03-08,25.0,Timberlands,Boots
2020-03-15,18.75,Timberlands,Boots
2020-03-22,18.75,Timberlands,Boots
2020-03-29,18.75,Timberlands,Boots
2020-04-05,18.75,Timberlands,Boots
2020-04-12,18.75,Timberlands,Boots
2020-04-19,18.75,Timberlands,Boots
2020-04-26,18.75,Timberlands,Boots
2020-05-03,25.0,Timberlands,Boots
2020-05-10,25.0,Timberlands,Boots
2020-05-17,18.75,Timberlands,Boots
2020-05-24,18.75,Timberlands,Boots
2020-05-31,18.75,Timberlands,Boots
2020-06-07,18.75,Timberlands,Boots
2020-06-14,18.75,Timberlands,Boots
2020-06-21,18.75,Timberlands,Boots
2020-06-28,18.75,Timberlands,Boots
2020-07-05,18.75,Timberlands,Boots
2020-07-12,18.75,Timberlands,Boots
2020-07-19,18.75,Timberlands,Boots
2020-07-26,25.0,Timberlands,Boots
2020-08-02,25.0,Timberlands,Boots
2020-08-09,25.0,Timberlands,Boots
2020-08-16,25.0,Timberlands,Boots
2020-08-23,25.0,Timberlands,Boots
2020-08-30,31.25,Timberlands,Boots
2020-09-06,37.5,Timberlands,Boots
2020-09-13,68.75,Timberlands,Boots
2020-09-20,62.5,Timberlands,Boots
2020-09-27,62.5,Timberlands,Boots
2020-10-04,62.5,Timberlands,Boots
2020-10-11,62.5,Timberlands,Boots
2020-10-18,62.5,Timberlands,Boots
2020-10-25,75.0,Timberlands,Boots
2020-11-01,56.25,Timberlands,Boots
2020-11-08,68.75,Timberlands,Boots
2020-11-15,75.0,Timberlands,Boots
2020-11-22,100.0,Timberlands,Boots
2020-11-29,93.75,Timberlands,Boots
2020-12-06,81.25,Timberlands,Boots
2020-12-13,87.5,Timberlands,Boots
2020-12-20,93.75,Timberlands,Boots
2020-12-27,68.75,Timberlands,Boots
2021-01-03,50.0,Timberlands,Boots
2021-01-10,43.75,Timberlands,Boots
2021-01-17,37.5,Timberlands,Boots
2021-01-24,37.5,Timberlands,Boots
2021-01-31,43.75,Timberlands,Boots
2021-02-07,37.5,Timberlands,Boots
2021-02-14,37.5,Timberlands,Boots
2021-02-21,31.25,Timberlands,Boots
2021-02-28,25.0,Timberlands,Boots
2021-03-07,25.0,Timberlands,Boots
2021-03-14,25.0,Timberlands,Boots
2021-03-21,18.75,Timberlands,Boots
2021-03-28,18.75,Timberlands,Boots
2021-04-04,18.75,Timberlands,Boots
2021-04-11,18.75,Timberlands,Boots
2021-04-18,18.75,Timberlands,Boots
2021-04-25,18.75,Timberlands,Boots
2021-05-02,18.75,Timberlands,Boots
2021-05-09,18.75,Timberlands,Boots
2021-05-16,12.5,Timberlands,Boots
2021-05-23,18.75,Timberlands,Boots
2021-05-30,18.75,Timberlands,Boots
2021-06-06,12.5,Timberlands,Boots
2021-06-13,12.5,Timberlands,Boots
2021-06-20,12.5,Timberlands,Boots
2021-06-27,12.5,Timberlands,Boots
2021-07-04,18.75,Timberlands,Boots
2021-07-11,18.75,Timberlands,Boots
2021-07-18,18.75,Timberlands,Boots
2021-07-25,18.75,Timberlands,Boots
2021-08-01,18.75,Timberlands,Boots
2021-08-08,25.0,Timberlands,Boots
2021-08-15,25.0,Timberlands,Boots
2021-08-22,25.0,Timberlands,Boots
2021-08-29,25.0,Timberlands,Boots
2021-09-05,31.25,Timberlands,Boots
2021-09-12,31.25,Timberlands,Boots
2021-09-19,37.5,Timberlands,Boots
2021-09-26,43.75,Timberlands,Boots
2021-10-03,43.75,Timberlands,Boots
2021-10-10,43.75,Timberlands,Boots
2021-10-17,50.0,Timberlands,Boots
2021-10-24,56.25,Timberlands,Boots
2021-10-31,62.5,Timberlands,Boots
2021-11-07,62.5,Timberlands,Boots
2021-11-14,68.75,Timberlands,Boots
2021-11-21,93.75,Timberlands,Boots
2021-11-28,75.0,Timberlands,Boots
2021-12-05,81.25,Timberlands,Boots
2021-12-12,75.0,Timberlands,Boots
2021-12-19,75.0,Timberlands,Boots
2021-12-26,50.0,Timberlands,Boots
2022-01-02,50.0,Timberlands,Boots
2022-01-09,43.75,Timberlands,Boots
2022-01-16,37.5,Timberlands,Boots
2022-01-23,43.75,Timberlands,Boots
2022-01-30,43.75,Timberlands,Boots
2022-02-06,31.25,Timberlands,Boots
2022-02-13,31.25,Timberlands,Boots
2022-02-20,31.25,Timberlands,Boots
2022-02-27,25.0,Timberlands,Boots
2022-03-06,25.0,Timberlands,Boots
2022-03-13,25.0,Timberlands,Boots
2022-03-20,18.75,Timberlands,Boots
2022-03-27,18.75,Timberlands,Boots
2022-04-03,18.75,Timberlands,Boots
2022-04-10,18.75,Timberlands,Boots
2022-04-17,18.75,Timberlands,Boots
2022-04-24,18.75,Timberlands,Boots
2022-05-01,12.5,Timberlands,Boots
2022-05-08,12.5,Timberlands,Boots
2022-05-15,12.5,Timberlands,Boots
2022-05-22,12.5,Timberlands,Boots
2022-05-29,12.5,Timberlands,Boots
2022-06-05,12.5,Timberlands,Boots
2022-06-12,12.5,Timberlands,Boots
2022-06-19,12.5,Timberlands,Boots
2022-06-26,12.5,Timberlands,Boots
2022-07-03,12.5,Timberlands,Boots
2022-07-10,12.5,Timberlands,Boots
2022-07-17,18.75,Timberlands,Boots
2022-07-24,18.75,Timberlands,Boots
2022-07-31,18.75,Timberlands,Boots
2022-08-07,18.75,Timberlands,Boots
2022-08-14,18.75,Timberlands,Boots
2022-08-21,18.75,Timberlands,Boots
2022-08-28,18.75,Timberlands,Boots
2022-09-04,25.0,Timberlands,Boots
2022-09-11,25.0,Timberlands,Boots
2022-09-18,25.0,Timberlands,Boots
2022-09-25,37.5,Timberlands,Boots
2022-10-02,43.75,Timberlands,Boots
2022-10-09,37.5,Timberlands,Boots
2022-10-16,43.75,Timberlands,Boots
2022-10-23,37.5,Timberlands,Boots
2022-10-30,37.5,Timberlands,Boots
2022-11-06,37.5,Timberlands,Boots
2022-11-13,56.25,Timberlands,Boots
2022-11-20,68.75,Timberlands,Boots
2022-11-27,50.0,Timberlands,Boots
2022-12-04,43.75,Timberlands,Boots
2022-12-11,56.25,Timberlands,Boots
2022-12-18,56.25,Timberlands,Boots
2022-12-25,50.0,Timberlands,Boots
2023-01-01,31.25,Timberlands,Boots
2023-01-08,25.0,Timberlands,Boots
2023-01-15,25.0,Timberlands,Boots
2023-01-22,25.0,Timberlands,Boots
2023-01-29,25.0,Timberlands,Boots
2023-02-05,18.75,Timberlands,Boots
2023-02-12,18.75,Timberlands,Boots
2023-02-19,25.0,Timberlands,Boots
2023-02-26,18.75,Timberlands,Boots
2023-03-05,18.75,Timberlands,Boots
2023-03-12,18.75,Timberlands,Boots
2023-03-19,12.5,Timberlands,Boots
2023-03-26,12.5,Timberlands,Boots
2023-04-02,12.5,Timberlands,Boots
2023-04-09,12.5,Timberlands,Boots
2023-04-16,12.5,Timberlands,Boots
2023-04-23,12.5,Timberlands,Boots
2023-04-30,12.5,Timberlands,Boots
2023-05-07,12.5,Timberlands,Boots
2023-05-14,12.5,Timberlands,Boots
2023-05-21,12.5,Timberlands,Boots
2023-05-28,12.5,Timberlands,Boots
2023-06-04,12.5,Timberlands,Boots
2023-06-11,12.5,Timberlands,Boots
2023-06-18,12.5,Timberlands,Boots
2023-06-25,12.5,Timberlands,Boots
2023-07-02,12.5,Timberlands,Boots
2023-07-09,12.5,Timberlands,Boots
2023-07-16,12.5,Timberlands,Boots
2023-07-23,12.5,Timberlands,Boots
2023-07-30,12.5,Timberlands,Boots
2023-08-06,12.5,Timberlands,Boots
2023-08-13,12.5,Timberlands,Boots
2023-08-20,18.75,Timberlands,Boots
2023-08-27,18.75,Timberlands,Boots
2023-09-03,18.75,Timberlands,Boots
2023-09-10,18.75,Timberlands,Boots
2023-09-17,25.0,Timberlands,Boots
2023-09-24,25.0,Timberlands,Boots
2023-10-01,25.0,Timberlands,Boots
2023-10-08,31.25,Timberlands,Boots
2023-10-15,37.5,Timberlands,Boots
2023-10-22,31.25,Timberlands,Boots
2023-10-29,37.5,Timberlands,Boots
2023-11-05,37.5,Timberlands,Boots
2023-11-12,37.5,Timberlands,Boots
2023-11-19,50.0,Timberlands,Boots
2023-11-26,50.0,Timberlands,Boots
2023-12-03,43.75,Timberlands,Boots
2023-12-10,37.5,Timberlands,Boots
2023-12-17,43.75,Timberlands,Boots
2023-12-24,37.5,Timberlands,Boots
2023-12-31,31.25,Timberlands,Boots
2024-01-07,31.25,Timberlands,Boots
2024-01-14,43.75,Timberlands,Boots
2024-01-21,37.5,Timberlands,Boots
2024-01-28,25.0,Timberlands,Boots
2024-02-04,25.0,Timberlands,Boots
2024-02-11,25.0,Timberlands,Boots
2024-02-18,25.0,Timberlands,Boots
2024-02-25,25.0,Timberlands,Boots
2024-03-03,18.75,Timberlands,Boots
2024-03-10,18.75,Timberlands,Boots
2024-03-17,18.75,Timberlands,Boots
2024-03-24,18.75,Timberlands,Boots
2024-03-31,18.75,Timberlands,Boots
2024-04-07,18.75,Timberlands,Boots
2024-04-14,12.5,Timberlands,Boots
2024-04-21,18.75,Timberlands,Boots
2024-04-28,12.5,Timberlands,Boots
2024-05-05,18.75,Timberlands,Boots
2024-05-12,12.5,Timberlands,Boots
2024-05-19,12.5,Timberlands,Boots
2024-05-26,12.5,Timberlands,Boots
2024-06-02,12.5,Timberlands,Boots
2024-06-09,12.5,Timberlands,Boots
2024-06-16,18.75,Timberlands,Boots
2024-06-23,12.5,Timberlands,Boots
2024-06-30,12.5,Timberlands,Boots
2024-07-07,18.75,Timberlands,Boots
2024-07-14,18.75,Timberlands,Boots
2024-07-21,18.75,Timberlands,Boots
2024-07-28,18.75,Timberlands,Boots
2024-08-04,18.75,Timberlands,Boots
2024-08-11,18.75,Timberlands,Boots
2024-08-18,25.0,Timberlands,Boots
2024-08-25,25.0,Timberlands,Boots
2024-09-01,25.0,Timberlands,Boots
2024-09-08,25.0,Timberlands,Boots
2024-09-15,25.0,Timberlands,Boots
2024-09-22,31.25,Timberlands,Boots
2024-09-29,37.5,Timberlands,Boots
2024-10-06,37.5,Timberlands,Boots
2024-10-13,43.75,Timberlands,Boots
2024-10-20,50.0,Timberlands,Boots
2024-10-27,43.75,Timberlands,Boots
2024-11-03,37.5,Timberlands,Boots
2024-11-10,50.0,Timberlands,Boots
2024-11-17,62.5,Timberlands,Boots
2024-11-24,81.25,Timberlands,Boots
2024-12-01,75.0,Timberlands,Boots
2024-12-08,75.0,Timberlands,Boots
2024-12-15,75.0,Timberlands,Boots
2024-12-22,81.25,Timberlands,Boots
2024-12-29,56.25,Timberlands,Boots
2025-01-05,50.0,Timberlands,Boots
2025-01-12,43.75,Timberlands,Boots
2025-01-19,43.75,Timberlands,Boots
2025-01-26,31.25,Timberlands,Boots
2025-02-02,31.25,Timberlands,Boots
2025-02-09,31.25,Timberlands,Boots
2025-02-16,31.25,Timberlands,Boots
2020-02-16,33.33333333333333,Zara,Clothing_Brand
2020-02-23,33.33333333333333,Zara,Clothing_Brand
2020-03-01,35.55555555555556,Zara,Clothing_Brand
2020-03-08,28.888888888888886,Zara,Clothing_Brand
2020-03-15,20.0,Zara,Clothing_Brand
2020-03-22,20.0,Zara,Clothing_Brand
2020-03-29,20.0,Zara,Clothing_Brand
2020-04-05,22.22222222222222,Zara,Clothing_Brand
2020-04-12,24.444444444444443,Zara,Clothing_Brand
2020-04-19,24.444444444444443,Zara,Clothing_Brand
2020-04-26,28.888888888888886,Zara,Clothing_Brand
2020-05-03,28.888888888888886,Zara,Clothing_Brand
2020-05-10,31.11111111111111,Zara,Clothing_Brand
2020-05-17,33.33333333333333,Zara,Clothing_Brand
2020-05-24,33.33333333333333,Zara,Clothing_Brand
2020-05-31,31.11111111111111,Zara,Clothing_Brand
2020-06-07,37.77777777777778,Zara,Clothing_Brand
2020-06-14,37.77777777777778,Zara,Clothing_Brand
2020-06-21,44.44444444444444,Zara,Clothing_Brand
2020-06-28,40.0,Zara,Clothing_Brand
2020-07-05,35.55555555555556,Zara,Clothing_Brand
2020-07-12,35.55555555555556,Zara,Clothing_Brand
2020-07-19,33.33333333333333,Zara,Clothing_Brand
2020-07-26,33.33333333333333,Zara,Clothing_Brand
2020-08-02,33.33333333333333,Zara,Clothing_Brand
2020-08-09,33.33333333333333,Zara,Clothing_Brand
2020-08-16,33.33333333333333,Zara,Clothing_Brand
2020-08-23,31.11111111111111,Zara,Clothing_Brand
2020-08-30,33.33333333333333,Zara,Clothing_Brand
2020-09-06,37.77777777777778,Zara,Clothing_Brand
2020-09-13,37.77777777777778,Zara,Clothing_Brand
2020-09-20,40.0,Zara,Clothing_Brand
2020-09-27,44.44444444444444,Zara,Clothing_Brand
2020-10-04,46.666666666666664,Zara,Clothing_Brand
2020-10-11,46.666666666666664,Zara,Clothing_Brand
2020-10-18,44.44444444444444,Zara,Clothing_Brand
2020-10-25,42.22222222222222,Zara,Clothing_Brand
2020-11-01,35.55555555555556,Zara,Clothing_Brand
2020-11-08,44.44444444444444,Zara,Clothing_Brand
2020-11-15,46.666666666666664,Zara,Clothing_Brand
2020-11-22,66.66666666666666,Zara,Clothing_Brand
2020-11-29,48.888888888888886,Zara,Clothing_Brand
2020-12-06,44.44444444444444,Zara,Clothing_Brand
2020-12-13,42.22222222222222,Zara,Clothing_Brand
2020-12-20,46.666666666666664,Zara,Clothing_Brand
2020-12-27,53.333333333333336,Zara,Clothing_Brand
2021-01-03,42.22222222222222,Zara,Clothing_Brand
2021-01-10,40.0,Zara,Clothing_Brand
2021-01-17,42.22222222222222,Zara,Clothing_Brand
2021-01-24,40.0,Zara,Clothing_Brand
2021-01-31,37.77777777777778,Zara,Clothing_Brand
2021-02-07,35.55555555555556,Zara,Clothing_Brand
2021-02-14,40.0,Zara,Clothing_Brand
2021-02-21,37.77777777777778,Zara,Clothing_Brand
2021-02-28,42.22222222222222,Zara,Clothing_Brand
2021-03-07,44.44444444444444,Zara,Clothing_Brand
2021-03-14,44.44444444444444,Zara,Clothing_Brand
2021-03-21,48.888888888888886,Zara,Clothing_Brand
2021-03-28,46.666666666666664,Zara,Clothing_Brand
2021-04-04,46.666666666666664,Zara,Clothing_Brand
2021-04-11,48.888888888888886,Zara,Clothing_Brand
2021-04-18,46.666666666666664,Zara,Clothing_Brand
2021-04-25,44.44444444444444,Zara,Clothing_Brand
2021-05-02,46.666666666666664,Zara,Clothing_Brand
2021-05-09,48.888888888888886,Zara,Clothing_Brand
2021-05-16,53.333333333333336,Zara,Clothing_Brand
2021-05-23,51.11111111111111,Zara,Clothing_Brand
2021-05-30,51.11111111111111,Zara,Clothing_Brand
2021-06-06,48.888888888888886,Zara,Clothing_Brand
2021-06-13,55.55555555555556,Zara,Clothing_Brand
2021-06-20,66.66666666666666,Zara,Clothing_Brand
2021-06-27,53.333333333333336,Zara,Clothing_Brand
2021-07-04,51.11111111111111,Zara,Clothing_Brand
2021-07-11,48.888888888888886,Zara,Clothing_Brand
2021-07-18,48.888888888888886,Zara,Clothing_Brand
2021-07-25,46.666666666666664,Zara,Clothing_Brand
2021-08-01,46.666666666666664,Zara,Clothing_Brand
2021-08-08,48.888888888888886,Zara,Clothing_Brand
2021-08-15,46.666666666666664,Zara,Clothing_Brand
2021-08-22,44.44444444444444,Zara,Clothing_Brand
2021-08-29,44.44444444444444,Zara,Clothing_Brand
2021-09-05,48.888888888888886,Zara,Clothing_Brand
2021-09-12,48.888888888888886,Zara,Clothing_Brand
2021-09-19,48.888888888888886,Zara,Clothing_Brand
2021-09-26,53.333333333333336,Zara,Clothing_Brand
2021-10-03,48.888888888888886,Zara,Clothing_Brand
2021-10-10,53.333333333333336,Zara,Clothing_Brand
2021-10-17,57.77777777777777,Zara,Clothing_Brand
2021-10-24,48.888888888888886,Zara,Clothing_Brand
2021-10-31,48.888888888888886,Zara,Clothing_Brand
2021-11-07,60.0,Zara,Clothing_Brand
2021-11-14,55.55555555555556,Zara,Clothing_Brand
2021-11-21,80.0,Zara,Clothing_Brand
2021-11-28,62.22222222222222,Zara,Clothing_Brand
2021-12-05,57.77777777777777,Zara,Clothing_Brand
2021-12-12,55.55555555555556,Zara,Clothing_Brand
2021-12-19,55.55555555555556,Zara,Clothing_Brand
2021-12-26,64.44444444444444,Zara,Clothing_Brand
2022-01-02,53.333333333333336,Zara,Clothing_Brand
2022-01-09,48.888888888888886,Zara,Clothing_Brand
2022-01-16,51.11111111111111,Zara,Clothing_Brand
2022-01-23,48.888888888888886,Zara,Clothing_Brand
2022-01-30,46.666666666666664,Zara,Clothing_Brand
2022-02-06,48.888888888888886,Zara,Clothing_Brand
2022-02-13,42.22222222222222,Zara,Clothing_Brand
2022-02-20,48.888888888888886,Zara,Clothing_Brand
2022-02-27,48.888888888888886,Zara,Clothing_Brand
2022-03-06,48.888888888888886,Zara,Clothing_Brand
2022-03-13,53.333333333333336,Zara,Clothing_Brand
2022-03-20,53.333333333333336,Zara,Clothing_Brand
2022-03-27,51.11111111111111,Zara,Clothing_Brand
2022-04-03,57.77777777777777,Zara,Clothing_Brand
2022-04-10,53.333333333333336,Zara,Clothing_Brand
2022-04-17,53.333333333333336,Zara,Clothing_Brand
2022-04-24,62.22222222222222,Zara,Clothing_Brand
2022-05-01,53.333333333333336,Zara,Clothing_Brand
2022-05-08,73.33333333333333,Zara,Clothing_Brand
2022-05-15,68.88888888888889,Zara,Clothing_Brand
2022-05-22,60.0,Zara,Clothing_Brand
2022-05-29,57.77777777777777,Zara,Clothing_Brand
2022-06-05,60.0,Zara,Clothing_Brand
2022-06-12,55.55555555555556,Zara,Clothing_Brand
2022-06-19,68.88888888888889,Zara,Clothing_Brand
2022-06-26,60.0,Zara,Clothing_Brand
2022-07-03,55.55555555555556,Zara,Clothing_Brand
2022-07-10,57.77777777777777,Zara,Clothing_Brand
2022-07-17,55.55555555555556,Zara,Clothing_Brand
2022-07-24,55.55555555555556,Zara,Clothing_Brand
2022-07-31,55.55555555555556,Zara,Clothing_Brand
2022-08-07,55.55555555555556,Zara,Clothing_Brand
2022-08-14,55.55555555555556,Zara,Clothing_Brand
2022-08-21,51.11111111111111,Zara,Clothing_Brand
2022-08-28,51.11111111111111,Zara,Clothing_Brand
2022-09-04,55.55555555555556,Zara,Clothing_Brand
2022-09-11,57.77777777777777,Zara,Clothing_Brand
2022-09-18,60.0,Zara,Clothing_Brand
2022-09-25,57.77777777777777,Zara,Clothing_Brand
2022-10-02,57.77777777777777,Zara,Clothing_Brand
2022-10-09,53.333333333333336,Zara,Clothing_Brand
2022-10-16,57.77777777777777,Zara,Clothing_Brand
2022-10-23,51.11111111111111,Zara,Clothing_Brand
2022-10-30,48.888888888888886,Zara,Clothing_Brand
2022-11-06,55.55555555555556,Zara,Clothing_Brand
2022-11-13,60.0,Zara,Clothing_Brand
2022-11-20,91.11111111111111,Zara,Clothing_Brand
2022-11-27,62.22222222222222,Zara,Clothing_Brand
2022-12-04,60.0,Zara,Clothing_Brand
2022-12-11,62.22222222222222,Zara,Clothing_Brand
2022-12-18,55.55555555555556,Zara,Clothing_Brand
2022-12-25,75.55555555555556,Zara,Clothing_Brand
2023-01-01,51.11111111111111,Zara,Clothing_Brand
2023-01-08,48.888888888888886,Zara,Clothing_Brand
2023-01-15,53.333333333333336,Zara,Clothing_Brand
2023-01-22,51.11111111111111,Zara,Clothing_Brand
2023-01-29,53.333333333333336,Zara,Clothing_Brand
2023-02-05,51.11111111111111,Zara,Clothing_Brand
2023-02-12,48.888888888888886,Zara,Clothing_Brand
2023-02-19,55.55555555555556,Zara,Clothing_Brand
2023-02-26,53.333333333333336,Zara,Clothing_Brand
2023-03-05,55.55555555555556,Zara,Clothing_Brand
2023-03-12,60.0,Zara,Clothing_Brand
2023-03-19,60.0,Zara,Clothing_Brand
2023-03-26,60.0,Zara,Clothing_Brand
2023-04-02,60.0,Zara,Clothing_Brand
2023-04-09,57.77777777777777,Zara,Clothing_Brand
2023-04-16,57.77777777777777,Zara,Clothing_Brand
2023-04-23,62.22222222222222,Zara,Clothing_Brand
2023-04-30,55.55555555555556,Zara,Clothing_Brand
2023-05-07,57.77777777777777,Zara,Clothing_Brand
2023-05-14,62.22222222222222,Zara,Clothing_Brand
2023-05-21,60.0,Zara,Clothing_Brand
2023-05-28,62.22222222222222,Zara,Clothing_Brand
2023-06-04,62.22222222222222,Zara,Clothing_Brand
2023-06-11,60.0,Zara,Clothing_Brand
2023-06-18,71.11111111111111,Zara,Clothing_Brand
2023-06-25,64.44444444444444,Zara,Clothing_Brand
2023-07-02,62.22222222222222,Zara,Clothing_Brand
2023-07-09,62.22222222222222,Zara,Clothing_Brand
2023-07-16,66.66666666666666,Zara,Clothing_Brand
2023-07-23,64.44444444444444,Zara,Clothing_Brand
2023-07-30,60.0,Zara,Clothing_Brand
2023-08-06,57.77777777777777,Zara,Clothing_Brand
2023-08-13,53.333333333333336,Zara,Clothing_Brand
2023-08-20,53.333333333333336,Zara,Clothing_Brand
2023-08-27,51.11111111111111,Zara,Clothing_Brand
2023-09-03,55.55555555555556,Zara,Clothing_Brand
2023-09-10,57.77777777777777,Zara,Clothing_Brand
2023-09-17,57.77777777777777,Zara,Clothing_Brand
2023-09-24,57.77777777777777,Zara,Clothing_Brand
2023-10-01,55.55555555555556,Zara,Clothing_Brand
2023-10-08,57.77777777777777,Zara,Clothing_Brand
2023-10-15,60.0,Zara,Clothing_Brand
2023-10-22,55.55555555555556,Zara,Clothing_Brand
2023-10-29,55.55555555555556,Zara,Clothing_Brand
2023-11-05,62.22222222222222,Zara,Clothing_Brand
2023-11-12,66.66666666666666,Zara,Clothing_Brand
2023-11-19,95.55555555555556,Zara,Clothing_Brand
2023-11-26,71.11111111111111,Zara,Clothing_Brand
2023-12-03,66.66666666666666,Zara,Clothing_Brand
2023-12-10,82.22222222222221,Zara,Clothing_Brand
2023-12-17,57.77777777777777,Zara,Clothing_Brand
2023-12-24,73.33333333333333,Zara,Clothing_Brand
2023-12-31,60.0,Zara,Clothing_Brand
2024-01-07,57.77777777777777,Zara,Clothing_Brand
2024-01-14,53.333333333333336,Zara,Clothing_Brand
2024-01-21,53.333333333333336,Zara,Clothing_Brand
2024-01-28,48.888888888888886,Zara,Clothing_Brand
2024-02-04,48.888888888888886,Zara,Clothing_Brand
2024-02-11,48.888888888888886,Zara,Clothing_Brand
2024-02-18,53.333333333333336,Zara,Clothing_Brand
2024-02-25,53.333333333333336,Zara,Clothing_Brand
2024-03-03,55.55555555555556,Zara,Clothing_Brand
2024-03-10,57.77777777777777,Zara,Clothing_Brand
2024-03-17,55.55555555555556,Zara,Clothing_Brand
2024-03-24,57.77777777777777,Zara,Clothing_Brand
2024-03-31,57.77777777777777,Zara,Clothing_Brand
2024-04-07,57.77777777777777,Zara,Clothing_Brand
2024-04-14,57.77777777777777,Zara,Clothing_Brand
2024-04-21,62.22222222222222,Zara,Clothing_Brand
2024-04-28,57.77777777777777,Zara,Clothing_Brand
2024-05-05,60.0,Zara,Clothing_Brand
2024-05-12,62.22222222222222,Zara,Clothing_Brand
2024-05-19,60.0,Zara,Clothing_Brand
2024-05-26,62.22222222222222,Zara,Clothing_Brand
2024-06-02,62.22222222222222,Zara,Clothing_Brand
2024-06-09,62.22222222222222,Zara,Clothing_Brand
2024-06-16,62.22222222222222,Zara,Clothing_Brand
2024-06-23,68.88888888888889,Zara,Clothing_Brand
2024-06-30,62.22222222222222,Zara,Clothing_Brand
2024-07-07,57.77777777777777,Zara,Clothing_Brand
2024-07-14,53.333333333333336,Zara,Clothing_Brand
2024-07-21,53.333333333333336,Zara,Clothing_Brand
2024-07-28,55.55555555555556,Zara,Clothing_Brand
2024-08-04,57.77777777777777,Zara,Clothing_Brand
2024-08-11,55.55555555555556,Zara,Clothing_Brand
2024-08-18,55.55555555555556,Zara,Clothing_Brand
2024-08-25,53.333333333333336,Zara,Clothing_Brand
2024-09-01,55.55555555555556,Zara,Clothing_Brand
2024-09-08,60.0,Zara,Clothing_Brand
2024-09-15,55.55555555555556,Zara,Clothing_Brand
2024-09-22,57.77777777777777,Zara,Clothing_Brand
2024-09-29,57.77777777777777,Zara,Clothing_Brand
2024-10-06,55.55555555555556,Zara,Clothing_Brand
2024-10-13,55.55555555555556,Zara,Clothing_Brand
2024-10-20,55.55555555555556,Zara,Clothing_Brand
2024-10-27,53.333333333333336,Zara,Clothing_Brand
2024-11-03,55.55555555555556,Zara,Clothing_Brand
2024-11-10,68.88888888888889,Zara,Clothing_Brand
2024-11-17,75.55555555555556,Zara,Clothing_Brand
2024-11-24,100.0,Zara,Clothing_Brand
2024-12-01,73.33333333333333,Zara,Clothing_Brand
2024-12-08,66.66666666666666,Zara,Clothing_Brand
2024-12-15,64.44444444444444,Zara,Clothing_Brand
2024-12-22,77.77777777777779,Zara,Clothing_Brand
2024-12-29,68.88888888888889,Zara,Clothing_Brand
2025-01-05,57.77777777777777,Zara,Clothing_Brand
2025-01-12,53.333333333333336,Zara,Clothing_Brand
2025-01-19,51.11111111111111,Zara,Clothing_Brand
2025-01-26,46.666666666666664,Zara,Clothing_Brand
2025-02-02,48.888888888888886,Zara,Clothing_Brand
2025-02-09,48.888888888888886,Zara,Clothing_Brand
2025-02-16,55.55555555555556,Zara,Clothing_Brand
2020-02-16,44.73684210526316,H&M,Clothing_Brand
2020-02-23,44.73684210526316,H&M,Clothing_Brand
2020-03-01,44.73684210526316,H&M,Clothing_Brand
2020-03-08,42.10526315789473,H&M,Clothing_Brand
2020-03-15,28.947368421052634,H&M,Clothing_Brand
2020-03-22,26.31578947368421,H&M,Clothing_Brand
2020-03-29,26.31578947368421,H&M,Clothing_Brand
2020-04-05,31.57894736842105,H&M,Clothing_Brand
2020-04-12,39.473684210526315,H&M,Clothing_Brand
2020-04-19,36.84210526315789,H&M,Clothing_Brand
2020-04-26,42.10526315789473,H&M,Clothing_Brand
2020-05-03,42.10526315789473,H&M,Clothing_Brand
2020-05-10,42.10526315789473,H&M,Clothing_Brand
2020-05-17,47.368421052631575,H&M,Clothing_Brand
2020-05-24,47.368421052631575,H&M,Clothing_Brand
2020-05-31,42.10526315789473,H&M,Clothing_Brand
2020-06-07,50.0,H&M,Clothing_Brand
2020-06-14,47.368421052631575,H&M,Clothing_Brand
2020-06-21,52.63157894736842,H&M,Clothing_Brand
2020-06-28,52.63157894736842,H&M,Clothing_Brand
2020-07-05,44.73684210526316,H&M,Clothing_Brand
2020-07-12,44.73684210526316,H&M,Clothing_Brand
2020-07-19,42.10526315789473,H&M,Clothing_Brand
2020-07-26,44.73684210526316,H&M,Clothing_Brand
2020-08-02,47.368421052631575,H&M,Clothing_Brand
2020-08-09,50.0,H&M,Clothing_Brand
2020-08-16,47.368421052631575,H&M,Clothing_Brand
2020-08-23,44.73684210526316,H&M,Clothing_Brand
2020-08-30,47.368421052631575,H&M,Clothing_Brand
2020-09-06,50.0,H&M,Clothing_Brand
2020-09-13,52.63157894736842,H&M,Clothing_Brand
2020-09-20,55.26315789473685,H&M,Clothing_Brand
2020-09-27,50.0,H&M,Clothing_Brand
2020-10-04,52.63157894736842,H&M,Clothing_Brand
2020-10-11,52.63157894736842,H&M,Clothing_Brand
2020-10-18,52.63157894736842,H&M,Clothing_Brand
2020-10-25,52.63157894736842,H&M,Clothing_Brand
2020-11-01,36.84210526315789,H&M,Clothing_Brand
2020-11-08,47.368421052631575,H&M,Clothing_Brand
2020-11-15,50.0,H&M,Clothing_Brand
2020-11-22,76.31578947368422,H&M,Clothing_Brand
2020-11-29,57.89473684210527,H&M,Clothing_Brand
2020-12-06,50.0,H&M,Clothing_Brand
2020-12-13,47.368421052631575,H&M,Clothing_Brand
2020-12-20,50.0,H&M,Clothing_Brand
2020-12-27,50.0,H&M,Clothing_Brand
2021-01-03,36.84210526315789,H&M,Clothing_Brand
2021-01-10,36.84210526315789,H&M,Clothing_Brand
2021-01-17,36.84210526315789,H&M,Clothing_Brand
2021-01-24,39.473684210526315,H&M,Clothing_Brand
2021-01-31,39.473684210526315,H&M,Clothing_Brand
2021-02-07,39.473684210526315,H&M,Clothing_Brand
2021-02-14,39.473684210526315,H&M,Clothing_Brand
2021-02-21,42.10526315789473,H&M,Clothing_Brand
2021-02-28,44.73684210526316,H&M,Clothing_Brand
2021-03-07,50.0,H&M,Clothing_Brand
2021-03-14,52.63157894736842,H&M,Clothing_Brand
2021-03-21,57.89473684210527,H&M,Clothing_Brand
2021-03-28,55.26315789473685,H&M,Clothing_Brand
2021-04-04,50.0,H&M,Clothing_Brand
2021-04-11,47.368421052631575,H&M,Clothing_Brand
2021-04-18,44.73684210526316,H&M,Clothing_Brand
2021-04-25,50.0,H&M,Clothing_Brand
2021-05-02,47.368421052631575,H&M,Clothing_Brand
2021-05-09,47.368421052631575,H&M,Clothing_Brand
2021-05-16,50.0,H&M,Clothing_Brand
2021-05-23,50.0,H&M,Clothing_Brand
2021-05-30,50.0,H&M,Clothing_Brand
2021-06-06,47.368421052631575,H&M,Clothing_Brand
2021-06-13,50.0,H&M,Clothing_Brand
2021-06-20,47.368421052631575,H&M,Clothing_Brand
2021-06-27,47.368421052631575,H&M,Clothing_Brand
2021-07-04,50.0,H&M,Clothing_Brand
2021-07-11,50.0,H&M,Clothing_Brand
2021-07-18,50.0,H&M,Clothing_Brand
2021-07-25,50.0,H&M,Clothing_Brand
2021-08-01,50.0,H&M,Clothing_Brand
2021-08-08,52.63157894736842,H&M,Clothing_Brand
2021-08-15,52.63157894736842,H&M,Clothing_Brand
2021-08-22,52.63157894736842,H&M,Clothing_Brand
2021-08-29,47.368421052631575,H&M,Clothing_Brand
2021-09-05,52.63157894736842,H&M,Clothing_Brand
2021-09-12,50.0,H&M,Clothing_Brand
2021-09-19,55.26315789473685,H&M,Clothing_Brand
2021-09-26,55.26315789473685,H&M,Clothing_Brand
2021-10-03,55.26315789473685,H&M,Clothing_Brand
2021-10-10,57.89473684210527,H&M,Clothing_Brand
2021-10-17,55.26315789473685,H&M,Clothing_Brand
2021-10-24,55.26315789473685,H&M,Clothing_Brand
2021-10-31,55.26315789473685,H&M,Clothing_Brand
2021-11-07,63.1578947368421,H&M,Clothing_Brand
2021-11-14,60.526315789473685,H&M,Clothing_Brand
2021-11-21,100.0,H&M,Clothing_Brand
2021-11-28,63.1578947368421,H&M,Clothing_Brand
2021-12-05,57.89473684210527,H&M,Clothing_Brand
2021-12-12,57.89473684210527,H&M,Clothing_Brand
2021-12-19,55.26315789473685,H&M,Clothing_Brand
2021-12-26,55.26315789473685,H&M,Clothing_Brand
2022-01-02,42.10526315789473,H&M,Clothing_Brand
2022-01-09,36.84210526315789,H&M,Clothing_Brand
2022-01-16,39.473684210526315,H&M,Clothing_Brand
2022-01-23,39.473684210526315,H&M,Clothing_Brand
2022-01-30,42.10526315789473,H&M,Clothing_Brand
2022-02-06,44.73684210526316,H&M,Clothing_Brand
2022-02-13,42.10526315789473,H&M,Clothing_Brand
2022-02-20,47.368421052631575,H&M,Clothing_Brand
2022-02-27,47.368421052631575,H&M,Clothing_Brand
2022-03-06,47.368421052631575,H&M,Clothing_Brand
2022-03-13,50.0,H&M,Clothing_Brand
2022-03-20,50.0,H&M,Clothing_Brand
2022-03-27,47.368421052631575,H&M,Clothing_Brand
2022-04-03,47.368421052631575,H&M,Clothing_Brand
2022-04-10,50.0,H&M,Clothing_Brand
2022-04-17,44.73684210526316,H&M,Clothing_Brand
2022-04-24,44.73684210526316,H&M,Clothing_Brand
2022-05-01,47.368421052631575,H&M,Clothing_Brand
2022-05-08,50.0,H&M,Clothing_Brand
2022-05-15,50.0,H&M,Clothing_Brand
2022-05-22,47.368421052631575,H&M,Clothing_Brand
2022-05-29,47.368421052631575,H&M,Clothing_Brand
2022-06-05,47.368421052631575,H&M,Clothing_Brand
2022-06-12,47.368421052631575,H&M,Clothing_Brand
2022-06-19,44.73684210526316,H&M,Clothing_Brand
2022-06-26,42.10526315789473,H&M,Clothing_Brand
2022-07-03,42.10526315789473,H&M,Clothing_Brand
2022-07-10,44.73684210526316,H&M,Clothing_Brand
2022-07-17,47.368421052631575,H&M,Clothing_Brand
2022-07-24,50.0,H&M,Clothing_Brand
2022-07-31,52.63157894736842,H&M,Clothing_Brand
2022-08-07,52.63157894736842,H&M,Clothing_Brand
2022-08-14,50.0,H&M,Clothing_Brand
2022-08-21,50.0,H&M,Clothing_Brand
2022-08-28,47.368421052631575,H&M,Clothing_Brand
2022-09-04,50.0,H&M,Clothing_Brand
2022-09-11,47.368421052631575,H&M,Clothing_Brand
2022-09-18,47.368421052631575,H&M,Clothing_Brand
2022-09-25,52.63157894736842,H&M,Clothing_Brand
2022-10-02,50.0,H&M,Clothing_Brand
2022-10-09,50.0,H&M,Clothing_Brand
2022-10-16,50.0,H&M,Clothing_Brand
2022-10-23,44.73684210526316,H&M,Clothing_Brand
2022-10-30,42.10526315789473,H&M,Clothing_Brand
2022-11-06,50.0,H&M,Clothing_Brand
2022-11-13,55.26315789473685,H&M,Clothing_Brand
2022-11-20,84.21052631578947,H&M,Clothing_Brand
2022-11-27,57.89473684210527,H&M,Clothing_Brand
2022-12-04,50.0,H&M,Clothing_Brand
2022-12-11,52.63157894736842,H&M,Clothing_Brand
2022-12-18,63.1578947368421,H&M,Clothing_Brand
2022-12-25,55.26315789473685,H&M,Clothing_Brand
2023-01-01,36.84210526315789,H&M,Clothing_Brand
2023-01-08,36.84210526315789,H&M,Clothing_Brand
2023-01-15,39.473684210526315,H&M,Clothing_Brand
2023-01-22,36.84210526315789,H&M,Clothing_Brand
2023-01-29,39.473684210526315,H&M,Clothing_Brand
2023-02-05,36.84210526315789,H&M,Clothing_Brand
2023-02-12,34.21052631578947,H&M,Clothing_Brand
2023-02-19,44.73684210526316,H&M,Clothing_Brand
2023-02-26,39.473684210526315,H&M,Clothing_Brand
2023-03-05,39.473684210526315,H&M,Clothing_Brand
2023-03-12,44.73684210526316,H&M,Clothing_Brand
2023-03-19,42.10526315789473,H&M,Clothing_Brand
2023-03-26,42.10526315789473,H&M,Clothing_Brand
2023-04-02,42.10526315789473,H&M,Clothing_Brand
2023-04-09,42.10526315789473,H&M,Clothing_Brand
2023-04-16,42.10526315789473,H&M,Clothing_Brand
2023-04-23,39.473684210526315,H&M,Clothing_Brand
2023-04-30,39.473684210526315,H&M,Clothing_Brand
2023-05-07,47.368421052631575,H&M,Clothing_Brand
2023-05-14,42.10526315789473,H&M,Clothing_Brand
2023-05-21,42.10526315789473,H&M,Clothing_Brand
2023-05-28,39.473684210526315,H&M,Clothing_Brand
2023-06-04,36.84210526315789,H&M,Clothing_Brand
2023-06-11,36.84210526315789,H&M,Clothing_Brand
2023-06-18,36.84210526315789,H&M,Clothing_Brand
2023-06-25,36.84210526315789,H&M,Clothing_Brand
2023-07-02,36.84210526315789,H&M,Clothing_Brand
2023-07-09,36.84210526315789,H&M,Clothing_Brand
2023-07-16,36.84210526315789,H&M,Clothing_Brand
2023-07-23,39.473684210526315,H&M,Clothing_Brand
2023-07-30,42.10526315789473,H&M,Clothing_Brand
2023-08-06,42.10526315789473,H&M,Clothing_Brand
2023-08-13,42.10526315789473,H&M,Clothing_Brand
2023-08-20,42.10526315789473,H&M,Clothing_Brand
2023-08-27,36.84210526315789,H&M,Clothing_Brand
2023-09-03,39.473684210526315,H&M,Clothing_Brand
2023-09-10,36.84210526315789,H&M,Clothing_Brand
2023-09-17,39.473684210526315,H&M,Clothing_Brand
2023-09-24,39.473684210526315,H&M,Clothing_Brand
2023-10-01,39.473684210526315,H&M,Clothing_Brand
2023-10-08,42.10526315789473,H&M,Clothing_Brand
2023-10-15,42.10526315789473,H&M,Clothing_Brand
2023-10-22,36.84210526315789,H&M,Clothing_Brand
2023-10-29,36.84210526315789,H&M,Clothing_Brand
2023-11-05,44.73684210526316,H&M,Clothing_Brand
2023-11-12,47.368421052631575,H&M,Clothing_Brand
2023-11-19,73.68421052631578,H&M,Clothing_Brand
2023-11-26,52.63157894736842,H&M,Clothing_Brand
2023-12-03,42.10526315789473,H&M,Clothing_Brand
2023-12-10,42.10526315789473,H&M,Clothing_Brand
2023-12-17,39.473684210526315,H&M,Clothing_Brand
2023-12-24,42.10526315789473,H&M,Clothing_Brand
2023-12-31,31.57894736842105,H&M,Clothing_Brand
2024-01-07,28.947368421052634,H&M,Clothing_Brand
2024-01-14,28.947368421052634,H&M,Clothing_Brand
2024-01-21,31.57894736842105,H&M,Clothing_Brand
2024-01-28,28.947368421052634,H&M,Clothing_Brand
2024-02-04,28.947368421052634,H&M,Clothing_Brand
2024-02-11,28.947368421052634,H&M,Clothing_Brand
2024-02-18,34.21052631578947,H&M,Clothing_Brand
2024-02-25,34.21052631578947,H&M,Clothing_Brand
2024-03-03,31.57894736842105,H&M,Clothing_Brand
2024-03-10,34.21052631578947,H&M,Clothing_Brand
2024-03-17,34.21052631578947,H&M,Clothing_Brand
2024-03-24,36.84210526315789,H&M,Clothing_Brand
2024-03-31,34.21052631578947,H&M,Clothing_Brand
2024-04-07,34.21052631578947,H&M,Clothing_Brand
2024-04-14,36.84210526315789,H&M,Clothing_Brand
2024-04-21,36.84210526315789,H&M,Clothing_Brand
2024-04-28,36.84210526315789,H&M,Clothing_Brand
2024-05-05,36.84210526315789,H&M,Clothing_Brand
2024-05-12,39.473684210526315,H&M,Clothing_Brand
2024-05-19,39.473684210526315,H&M,Clothing_Brand
2024-05-26,42.10526315789473,H&M,Clothing_Brand
2024-06-02,36.84210526315789,H&M,Clothing_Brand
2024-06-09,36.84210526315789,H&M,Clothing_Brand
2024-06-16,39.473684210526315,H&M,Clothing_Brand
2024-06-23,36.84210526315789,H&M,Clothing_Brand
2024-06-30,34.21052631578947,H&M,Clothing_Brand
2024-07-07,34.21052631578947,H&M,Clothing_Brand
2024-07-14,34.21052631578947,H&M,Clothing_Brand
2024-07-21,34.21052631578947,H&M,Clothing_Brand
2024-07-28,36.84210526315789,H&M,Clothing_Brand
2024-08-04,39.473684210526315,H&M,Clothing_Brand
2024-08-11,39.473684210526315,H&M,Clothing_Brand
2024-08-18,39.473684210526315,H&M,Clothing_Brand
2024-08-25,36.84210526315789,H&M,Clothing_Brand
2024-09-01,36.84210526315789,H&M,Clothing_Brand
2024-09-08,36.84210526315789,H&M,Clothing_Brand
2024-09-15,39.473684210526315,H&M,Clothing_Brand
2024-09-22,39.473684210526315,H&M,Clothing_Brand
2024-09-29,36.84210526315789,H&M,Clothing_Brand
2024-10-06,36.84210526315789,H&M,Clothing_Brand
2024-10-13,42.10526315789473,H&M,Clothing_Brand
2024-10-20,36.84210526315789,H&M,Clothing_Brand
2024-10-27,34.21052631578947,H&M,Clothing_Brand
2024-11-03,34.21052631578947,H&M,Clothing_Brand
2024-11-10,39.473684210526315,H&M,Clothing_Brand
2024-11-17,44.73684210526316,H&M,Clothing_Brand
2024-11-24,68.42105263157895,H&M,Clothing_Brand
2024-12-01,50.0,H&M,Clothing_Brand
2024-12-08,39.473684210526315,H&M,Clothing_Brand
2024-12-15,39.473684210526315,H&M,Clothing_Brand
2024-12-22,42.10526315789473,H&M,Clothing_Brand
2024-12-29,36.84210526315789,H&M,Clothing_Brand
2025-01-05,28.947368421052634,H&M,Clothing_Brand
2025-01-12,28.947368421052634,H&M,Clothing_Brand
2025-01-19,26.31578947368421,H&M,Clothing_Brand
2025-01-26,26.31578947368421,H&M,Clothing_Brand
2025-02-02,26.31578947368421,H&M,Clothing_Brand
2025-02-09,28.947368421052634,H&M,Clothing_Brand
2025-02-16,31.57894736842105,H&M,Clothing_Brand
2020-02-16,30.0,Uniqlo,Clothing_Brand
2020-02-23,25.0,Uniqlo,Clothing_Brand
2020-03-01,20.0,Uniqlo,Clothing_Brand
2020-03-08,20.0,Uniqlo,Clothing_Brand
2020-03-15,15.0,Uniqlo,Clothing_Brand
2020-03-22,15.0,Uniqlo,Clothing_Brand
2020-03-29,15.0,Uniqlo,Clothing_Brand
2020-04-05,15.0,Uniqlo,Clothing_Brand
2020-04-12,15.0,Uniqlo,Clothing_Brand
2020-04-19,20.0,Uniqlo,Clothing_Brand
2020-04-26,20.0,Uniqlo,Clothing_Brand
2020-05-03,20.0,Uniqlo,Clothing_Brand
2020-05-10,20.0,Uniqlo,Clothing_Brand
2020-05-17,25.0,Uniqlo,Clothing_Brand
2020-05-24,30.0,Uniqlo,Clothing_Brand
2020-05-31,20.0,Uniqlo,Clothing_Brand
2020-06-07,25.0,Uniqlo,Clothing_Brand
2020-06-14,30.0,Uniqlo,Clothing_Brand
2020-06-21,30.0,Uniqlo,Clothing_Brand
2020-06-28,30.0,Uniqlo,Clothing_Brand
2020-07-05,30.0,Uniqlo,Clothing_Brand
2020-07-12,25.0,Uniqlo,Clothing_Brand
2020-07-19,25.0,Uniqlo,Clothing_Brand
2020-07-26,30.0,Uniqlo,Clothing_Brand
2020-08-02,25.0,Uniqlo,Clothing_Brand
2020-08-09,25.0,Uniqlo,Clothing_Brand
2020-08-16,25.0,Uniqlo,Clothing_Brand
2020-08-23,25.0,Uniqlo,Clothing_Brand
2020-08-30,25.0,Uniqlo,Clothing_Brand
2020-09-06,30.0,Uniqlo,Clothing_Brand
2020-09-13,30.0,Uniqlo,Clothing_Brand
2020-09-20,30.0,Uniqlo,Clothing_Brand
2020-09-27,25.0,Uniqlo,Clothing_Brand
2020-10-04,30.0,Uniqlo,Clothing_Brand
2020-10-11,30.0,Uniqlo,Clothing_Brand
2020-10-18,30.0,Uniqlo,Clothing_Brand
2020-10-25,30.0,Uniqlo,Clothing_Brand
2020-11-01,25.0,Uniqlo,Clothing_Brand
2020-11-08,35.0,Uniqlo,Clothing_Brand
2020-11-15,35.0,Uniqlo,Clothing_Brand
2020-11-22,50.0,Uniqlo,Clothing_Brand
2020-11-29,40.0,Uniqlo,Clothing_Brand
2020-12-06,35.0,Uniqlo,Clothing_Brand
2020-12-13,30.0,Uniqlo,Clothing_Brand
2020-12-20,30.0,Uniqlo,Clothing_Brand
2020-12-27,30.0,Uniqlo,Clothing_Brand
2021-01-03,25.0,Uniqlo,Clothing_Brand
2021-01-10,25.0,Uniqlo,Clothing_Brand
2021-01-17,20.0,Uniqlo,Clothing_Brand
2021-01-24,25.0,Uniqlo,Clothing_Brand
2021-01-31,20.0,Uniqlo,Clothing_Brand
2021-02-07,20.0,Uniqlo,Clothing_Brand
2021-02-14,20.0,Uniqlo,Clothing_Brand
2021-02-21,20.0,Uniqlo,Clothing_Brand
2021-02-28,20.0,Uniqlo,Clothing_Brand
2021-03-07,20.0,Uniqlo,Clothing_Brand
2021-03-14,20.0,Uniqlo,Clothing_Brand
2021-03-21,20.0,Uniqlo,Clothing_Brand
2021-03-28,20.0,Uniqlo,Clothing_Brand
2021-04-04,20.0,Uniqlo,Clothing_Brand
2021-04-11,20.0,Uniqlo,Clothing_Brand
2021-04-18,25.0,Uniqlo,Clothing_Brand
2021-04-25,20.0,Uniqlo,Clothing_Brand
2021-05-02,20.0,Uniqlo,Clothing_Brand
2021-05-09,20.0,Uniqlo,Clothing_Brand
2021-05-16,25.0,Uniqlo,Clothing_Brand
2021-05-23,25.0,Uniqlo,Clothing_Brand
2021-05-30,35.0,Uniqlo,Clothing_Brand
2021-06-06,30.0,Uniqlo,Clothing_Brand
2021-06-13,25.0,Uniqlo,Clothing_Brand
2021-06-20,25.0,Uniqlo,Clothing_Brand
2021-06-27,30.0,Uniqlo,Clothing_Brand
2021-07-04,25.0,Uniqlo,Clothing_Brand
2021-07-11,25.0,Uniqlo,Clothing_Brand
2021-07-18,20.0,Uniqlo,Clothing_Brand
2021-07-25,20.0,Uniqlo,Clothing_Brand
2021-08-01,20.0,Uniqlo,Clothing_Brand
2021-08-08,25.0,Uniqlo,Clothing_Brand
2021-08-15,25.0,Uniqlo,Clothing_Brand
2021-08-22,25.0,Uniqlo,Clothing_Brand
2021-08-29,25.0,Uniqlo,Clothing_Brand
2021-09-05,25.0,Uniqlo,Clothing_Brand
2021-09-12,25.0,Uniqlo,Clothing_Brand
2021-09-19,25.0,Uniqlo,Clothing_Brand
2021-09-26,30.0,Uniqlo,Clothing_Brand
2021-10-03,25.0,Uniqlo,Clothing_Brand
2021-10-10,30.0,Uniqlo,Clothing_Brand
2021-10-17,35.0,Uniqlo,Clothing_Brand
2021-10-24,35.0,Uniqlo,Clothing_Brand
2021-10-31,35.0,Uniqlo,Clothing_Brand
2021-11-07,40.0,Uniqlo,Clothing_Brand
2021-11-14,35.0,Uniqlo,Clothing_Brand
2021-11-21,60.0,Uniqlo,Clothing_Brand
2021-11-28,45.0,Uniqlo,Clothing_Brand
2021-12-05,35.0,Uniqlo,Clothing_Brand
2021-12-12,35.0,Uniqlo,Clothing_Brand
2021-12-19,35.0,Uniqlo,Clothing_Brand
2021-12-26,35.0,Uniqlo,Clothing_Brand
2022-01-02,30.0,Uniqlo,Clothing_Brand
2022-01-09,25.0,Uniqlo,Clothing_Brand
2022-01-16,25.0,Uniqlo,Clothing_Brand
2022-01-23,25.0,Uniqlo,Clothing_Brand
2022-01-30,25.0,Uniqlo,Clothing_Brand
2022-02-06,25.0,Uniqlo,Clothing_Brand
2022-02-13,25.0,Uniqlo,Clothing_Brand
2022-02-20,30.0,Uniqlo,Clothing_Brand
2022-02-27,25.0,Uniqlo,Clothing_Brand
2022-03-06,30.0,Uniqlo,Clothing_Brand
2022-03-13,30.0,Uniqlo,Clothing_Brand
2022-03-20,30.0,Uniqlo,Clothing_Brand
2022-03-27,30.0,Uniqlo,Clothing_Brand
2022-04-03,35.0,Uniqlo,Clothing_Brand
2022-04-10,25.0,Uniqlo,Clothing_Brand
2022-04-17,30.0,Uniqlo,Clothing_Brand
2022-04-24,30.0,Uniqlo,Clothing_Brand
2022-05-01,25.0,Uniqlo,Clothing_Brand
2022-05-08,30.0,Uniqlo,Clothing_Brand
2022-05-15,35.0,Uniqlo,Clothing_Brand
2022-05-22,35.0,Uniqlo,Clothing_Brand
2022-05-29,30.0,Uniqlo,Clothing_Brand
2022-06-05,30.0,Uniqlo,Clothing_Brand
2022-06-12,30.0,Uniqlo,Clothing_Brand
2022-06-19,25.0,Uniqlo,Clothing_Brand
2022-06-26,30.0,Uniqlo,Clothing_Brand
2022-07-03,35.0,Uniqlo,Clothing_Brand
2022-07-10,30.0,Uniqlo,Clothing_Brand
2022-07-17,30.0,Uniqlo,Clothing_Brand
2022-07-24,25.0,Uniqlo,Clothing_Brand
2022-07-31,25.0,Uniqlo,Clothing_Brand
2022-08-07,30.0,Uniqlo,Clothing_Brand
2022-08-14,30.0,Uniqlo,Clothing_Brand
2022-08-21,30.0,Uniqlo,Clothing_Brand
2022-08-28,30.0,Uniqlo,Clothing_Brand
2022-09-04,30.0,Uniqlo,Clothing_Brand
2022-09-11,30.0,Uniqlo,Clothing_Brand
2022-09-18,35.0,Uniqlo,Clothing_Brand
2022-09-25,35.0,Uniqlo,Clothing_Brand
2022-10-02,40.0,Uniqlo,Clothing_Brand
2022-10-09,35.0,Uniqlo,Clothing_Brand
2022-10-16,40.0,Uniqlo,Clothing_Brand
2022-10-23,35.0,Uniqlo,Clothing_Brand
2022-10-30,30.0,Uniqlo,Clothing_Brand
2022-11-06,35.0,Uniqlo,Clothing_Brand
2022-11-13,45.0,Uniqlo,Clothing_Brand
2022-11-20,70.0,Uniqlo,Clothing_Brand
2022-11-27,45.0,Uniqlo,Clothing_Brand
2022-12-04,35.0,Uniqlo,Clothing_Brand
2022-12-11,45.0,Uniqlo,Clothing_Brand
2022-12-18,45.0,Uniqlo,Clothing_Brand
2022-12-25,45.0,Uniqlo,Clothing_Brand
2023-01-01,30.0,Uniqlo,Clothing_Brand
2023-01-08,30.0,Uniqlo,Clothing_Brand
2023-01-15,30.0,Uniqlo,Clothing_Brand
2023-01-22,30.0,Uniqlo,Clothing_Brand
2023-01-29,30.0,Uniqlo,Clothing_Brand
2023-02-05,25.0,Uniqlo,Clothing_Brand
2023-02-12,25.0,Uniqlo,Clothing_Brand
2023-02-19,30.0,Uniqlo,Clothing_Brand
2023-02-26,25.0,Uniqlo,Clothing_Brand
2023-03-05,30.0,Uniqlo,Clothing_Brand
2023-03-12,30.0,Uniqlo,Clothing_Brand
2023-03-19,30.0,Uniqlo,Clothing_Brand
2023-03-26,30.0,Uniqlo,Clothing_Brand
2023-04-02,35.0,Uniqlo,Clothing_Brand
2023-04-09,35.0,Uniqlo,Clothing_Brand
2023-04-16,30.0,Uniqlo,Clothing_Brand
2023-04-23,30.0,Uniqlo,Clothing_Brand
2023-04-30,30.0,Uniqlo,Clothing_Brand
2023-05-07,30.0,Uniqlo,Clothing_Brand
2023-05-14,30.0,Uniqlo,Clothing_Brand
2023-05-21,35.0,Uniqlo,Clothing_Brand
2023-05-28,35.0,Uniqlo,Clothing_Brand
2023-06-04,30.0,Uniqlo,Clothing_Brand
2023-06-11,35.0,Uniqlo,Clothing_Brand
2023-06-18,30.0,Uniqlo,Clothing_Brand
2023-06-25,30.0,Uniqlo,Clothing_Brand
2023-07-02,35.0,Uniqlo,Clothing_Brand
2023-07-09,30.0,Uniqlo,Clothing_Brand
2023-07-16,30.0,Uniqlo,Clothing_Brand
2023-07-23,35.0,Uniqlo,Clothing_Brand
2023-07-30,30.0,Uniqlo,Clothing_Brand
2023-08-06,35.0,Uniqlo,Clothing_Brand
2023-08-13,30.0,Uniqlo,Clothing_Brand
2023-08-20,45.0,Uniqlo,Clothing_Brand
2023-08-27,40.0,Uniqlo,Clothing_Brand
2023-09-03,50.0,Uniqlo,Clothing_Brand
2023-09-10,40.0,Uniqlo,Clothing_Brand
2023-09-17,40.0,Uniqlo,Clothing_Brand
2023-09-24,45.0,Uniqlo,Clothing_Brand
2023-10-01,40.0,Uniqlo,Clothing_Brand
2023-10-08,40.0,Uniqlo,Clothing_Brand
2023-10-15,40.0,Uniqlo,Clothing_Brand
2023-10-22,40.0,Uniqlo,Clothing_Brand
2023-10-29,45.0,Uniqlo,Clothing_Brand
2023-11-05,50.0,Uniqlo,Clothing_Brand
2023-11-12,50.0,Uniqlo,Clothing_Brand
2023-11-19,80.0,Uniqlo,Clothing_Brand
2023-11-26,65.0,Uniqlo,Clothing_Brand
2023-12-03,45.0,Uniqlo,Clothing_Brand
2023-12-10,45.0,Uniqlo,Clothing_Brand
2023-12-17,45.0,Uniqlo,Clothing_Brand
2023-12-24,45.0,Uniqlo,Clothing_Brand
2023-12-31,40.0,Uniqlo,Clothing_Brand
2024-01-07,40.0,Uniqlo,Clothing_Brand
2024-01-14,40.0,Uniqlo,Clothing_Brand
2024-01-21,35.0,Uniqlo,Clothing_Brand
2024-01-28,30.0,Uniqlo,Clothing_Brand
2024-02-04,30.0,Uniqlo,Clothing_Brand
2024-02-11,30.0,Uniqlo,Clothing_Brand
2024-02-18,35.0,Uniqlo,Clothing_Brand
2024-02-25,35.0,Uniqlo,Clothing_Brand
2024-03-03,35.0,Uniqlo,Clothing_Brand
2024-03-10,35.0,Uniqlo,Clothing_Brand
2024-03-17,35.0,Uniqlo,Clothing_Brand
2024-03-24,35.0,Uniqlo,Clothing_Brand
2024-03-31,40.0,Uniqlo,Clothing_Brand
2024-04-07,35.0,Uniqlo,Clothing_Brand
2024-04-14,40.0,Uniqlo,Clothing_Brand
2024-04-21,40.0,Uniqlo,Clothing_Brand
2024-04-28,40.0,Uniqlo,Clothing_Brand
2024-05-05,45.0,Uniqlo,Clothing_Brand
2024-05-12,40.0,Uniqlo,Clothing_Brand
2024-05-19,45.0,Uniqlo,Clothing_Brand
2024-05-26,45.0,Uniqlo,Clothing_Brand
2024-06-02,40.0,Uniqlo,Clothing_Brand
2024-06-09,40.0,Uniqlo,Clothing_Brand
2024-06-16,40.0,Uniqlo,Clothing_Brand
2024-06-23,45.0,Uniqlo,Clothing_Brand
2024-06-30,45.0,Uniqlo,Clothing_Brand
2024-07-07,40.0,Uniqlo,Clothing_Brand
2024-07-14,40.0,Uniqlo,Clothing_Brand
2024-07-21,40.0,Uniqlo,Clothing_Brand
2024-07-28,45.0,Uniqlo,Clothing_Brand
2024-08-04,40.0,Uniqlo,Clothing_Brand
2024-08-11,45.0,Uniqlo,Clothing_Brand
2024-08-18,50.0,Uniqlo,Clothing_Brand
2024-08-25,45.0,Uniqlo,Clothing_Brand
2024-09-01,50.0,Uniqlo,Clothing_Brand
2024-09-08,50.0,Uniqlo,Clothing_Brand
2024-09-15,50.0,Uniqlo,Clothing_Brand
2024-09-22,50.0,Uniqlo,Clothing_Brand
2024-09-29,50.0,Uniqlo,Clothing_Brand
2024-10-06,50.0,Uniqlo,Clothing_Brand
2024-10-13,55.00000000000001,Uniqlo,Clothing_Brand
2024-10-20,55.00000000000001,Uniqlo,Clothing_Brand
2024-10-27,50.0,Uniqlo,Clothing_Brand
2024-11-03,45.0,Uniqlo,Clothing_Brand
2024-11-10,55.00000000000001,Uniqlo,Clothing_Brand
2024-11-17,60.0,Uniqlo,Clothing_Brand
2024-11-24,100.0,Uniqlo,Clothing_Brand
2024-12-01,80.0,Uniqlo,Clothing_Brand
2024-12-08,60.0,Uniqlo,Clothing_Brand
2024-12-15,60.0,Uniqlo,Clothing_Brand
2024-12-22,65.0,Uniqlo,Clothing_Brand
2024-12-29,55.00000000000001,Uniqlo,Clothing_Brand
2025-01-05,50.0,Uniqlo,Clothing_Brand
2025-01-12,50.0,Uniqlo,Clothing_Brand
2025-01-19,45.0,Uniqlo,Clothing_Brand
2025-01-26,40.0,Uniqlo,Clothing_Brand
2025-02-02,40.0,Uniqlo,Clothing_Brand
2025-02-09,45.0,Uniqlo,Clothing_Brand
2025-02-16,45.0,Uniqlo,Clothing_Brand
2020-02-16,0.0,Abercrombie & Fitch,Clothing_Brand
2020-02-23,0.0,Abercrombie & Fitch,Clothing_Brand
2020-03-01,0.0,Abercrombie & Fitch,Clothing_Brand
2020-03-08,0.0,Abercrombie & Fitch,Clothing_Brand
2020-03-15,0.0,Abercrombie & Fitch,Clothing_Brand
2020-03-22,0.0,Abercrombie & Fitch,Clothing_Brand
2020-03-29,0.0,Abercrombie & Fitch,Clothing_Brand
2020-04-05,0.0,Abercrombie & Fitch,Clothing_Brand
2020-04-12,0.0,Abercrombie & Fitch,Clothing_Brand
2020-04-19,0.0,Abercrombie & Fitch,Clothing_Brand
2020-04-26,0.0,Abercrombie & Fitch,Clothing_Brand
2020-05-03,0.0,Abercrombie & Fitch,Clothing_Brand
2020-05-10,0.0,Abercrombie & Fitch,Clothing_Brand
2020-05-17,0.0,Abercrombie & Fitch,Clothing_Brand
2020-05-24,0.0,Abercrombie & Fitch,Clothing_Brand
2020-05-31,0.0,Abercrombie & Fitch,Clothing_Brand
2020-06-07,0.0,Abercrombie & Fitch,Clothing_Brand
2020-06-14,0.0,Abercrombie & Fitch,Clothing_Brand
2020-06-21,0.0,Abercrombie & Fitch,Clothing_Brand
2020-06-28,0.0,Abercrombie & Fitch,Clothing_Brand
2020-07-05,0.0,Abercrombie & Fitch,Clothing_Brand
2020-07-12,0.0,Abercrombie & Fitch,Clothing_Brand
2020-07-19,0.0,Abercrombie & Fitch,Clothing_Brand
2020-07-26,0.0,Abercrombie & Fitch,Clothing_Brand
2020-08-02,0.0,Abercrombie & Fitch,Clothing_Brand
2020-08-09,0.0,Abercrombie & Fitch,Clothing_Brand
2020-08-16,0.0,Abercrombie & Fitch,Clothing_Brand
2020-08-23,0.0,Abercrombie & Fitch,Clothing_Brand
2020-08-30,0.0,Abercrombie & Fitch,Clothing_Brand
2020-09-06,0.0,Abercrombie & Fitch,Clothing_Brand
2020-09-13,0.0,Abercrombie & Fitch,Clothing_Brand
2020-09-20,0.0,Abercrombie & Fitch,Clothing_Brand
2020-09-27,0.0,Abercrombie & Fitch,Clothing_Brand
2020-10-04,0.0,Abercrombie & Fitch,Clothing_Brand
2020-10-11,0.0,Abercrombie & Fitch,Clothing_Brand
2020-10-18,0.0,Abercrombie & Fitch,Clothing_Brand
2020-10-25,0.0,Abercrombie & Fitch,Clothing_Brand
2020-11-01,0.0,Abercrombie & Fitch,Clothing_Brand
2020-11-08,0.0,Abercrombie & Fitch,Clothing_Brand
2020-11-15,0.0,Abercrombie & Fitch,Clothing_Brand
2020-11-22,0.0,Abercrombie & Fitch,Clothing_Brand
2020-11-29,0.0,Abercrombie & Fitch,Clothing_Brand
2020-12-06,0.0,Abercrombie & Fitch,Clothing_Brand
2020-12-13,0.0,Abercrombie & Fitch,Clothing_Brand
2020-12-20,0.0,Abercrombie & Fitch,Clothing_Brand
2020-12-27,0.0,Abercrombie & Fitch,Clothing_Brand
2021-01-03,0.0,Abercrombie & Fitch,Clothing_Brand
2021-01-10,0.0,Abercrombie & Fitch,Clothing_Brand
2021-01-17,0.0,Abercrombie & Fitch,Clothing_Brand
2021-01-24,0.0,Abercrombie & Fitch,Clothing_Brand
2021-01-31,0.0,Abercrombie & Fitch,Clothing_Brand
2021-02-07,0.0,Abercrombie & Fitch,Clothing_Brand
2021-02-14,0.0,Abercrombie & Fitch,Clothing_Brand
2021-02-21,0.0,Abercrombie & Fitch,Clothing_Brand
2021-02-28,0.0,Abercrombie & Fitch,Clothing_Brand
2021-03-07,0.0,Abercrombie & Fitch,Clothing_Brand
2021-03-14,0.0,Abercrombie & Fitch,Clothing_Brand
2021-03-21,0.0,Abercrombie & Fitch,Clothing_Brand
2021-03-28,0.0,Abercrombie & Fitch,Clothing_Brand
2021-04-04,0.0,Abercrombie & Fitch,Clothing_Brand
2021-04-11,0.0,Abercrombie & Fitch,Clothing_Brand
2021-04-18,0.0,Abercrombie & Fitch,Clothing_Brand
2021-04-25,0.0,Abercrombie & Fitch,Clothing_Brand
2021-05-02,0.0,Abercrombie & Fitch,Clothing_Brand
2021-05-09,0.0,Abercrombie & Fitch,Clothing_Brand
2021-05-16,0.0,Abercrombie & Fitch,Clothing_Brand
2021-05-23,0.0,Abercrombie & Fitch,Clothing_Brand
2021-05-30,0.0,Abercrombie & Fitch,Clothing_Brand
2021-06-06,0.0,Abercrombie & Fitch,Clothing_Brand
2021-06-13,0.0,Abercrombie & Fitch,Clothing_Brand
2021-06-20,0.0,Abercrombie & Fitch,Clothing_Brand
2021-06-27,0.0,Abercrombie & Fitch,Clothing_Brand
2021-07-04,0.0,Abercrombie & Fitch,Clothing_Brand
2021-07-11,0.0,Abercrombie & Fitch,Clothing_Brand
2021-07-18,0.0,Abercrombie & Fitch,Clothing_Brand
2021-07-25,0.0,Abercrombie & Fitch,Clothing_Brand
2021-08-01,0.0,Abercrombie & Fitch,Clothing_Brand
2021-08-08,0.0,Abercrombie & Fitch,Clothing_Brand
2021-08-15,0.0,Abercrombie & Fitch,Clothing_Brand
2021-08-22,0.0,Abercrombie & Fitch,Clothing_Brand
2021-08-29,0.0,Abercrombie & Fitch,Clothing_Brand
2021-09-05,0.0,Abercrombie & Fitch,Clothing_Brand
2021-09-12,0.0,Abercrombie & Fitch,Clothing_Brand
2021-09-19,0.0,Abercrombie & Fitch,Clothing_Brand
2021-09-26,0.0,Abercrombie & Fitch,Clothing_Brand
2021-10-03,0.0,Abercrombie & Fitch,Clothing_Brand
2021-10-10,0.0,Abercrombie & Fitch,Clothing_Brand
2021-10-17,0.0,Abercrombie & Fitch,Clothing_Brand
2021-10-24,0.0,Abercrombie & Fitch,Clothing_Brand
2021-10-31,0.0,Abercrombie & Fitch,Clothing_Brand
2021-11-07,0.0,Abercrombie & Fitch,Clothing_Brand
2021-11-14,0.0,Abercrombie & Fitch,Clothing_Brand
2021-11-21,0.0,Abercrombie & Fitch,Clothing_Brand
2021-11-28,0.0,Abercrombie & Fitch,Clothing_Brand
2021-12-05,0.0,Abercrombie & Fitch,Clothing_Brand
2021-12-12,0.0,Abercrombie & Fitch,Clothing_Brand
2021-12-19,0.0,Abercrombie & Fitch,Clothing_Brand
2021-12-26,0.0,Abercrombie & Fitch,Clothing_Brand
2022-01-02,0.0,Abercrombie & Fitch,Clothing_Brand
2022-01-09,0.0,Abercrombie & Fitch,Clothing_Brand
2022-01-16,0.0,Abercrombie & Fitch,Clothing_Brand
2022-01-23,0.0,Abercrombie & Fitch,Clothing_Brand
2022-01-30,0.0,Abercrombie & Fitch,Clothing_Brand
2022-02-06,0.0,Abercrombie & Fitch,Clothing_Brand
2022-02-13,0.0,Abercrombie & Fitch,Clothing_Brand
2022-02-20,0.0,Abercrombie & Fitch,Clothing_Brand
2022-02-27,0.0,Abercrombie & Fitch,Clothing_Brand
2022-03-06,0.0,Abercrombie & Fitch,Clothing_Brand
2022-03-13,0.0,Abercrombie & Fitch,Clothing_Brand
2022-03-20,0.0,Abercrombie & Fitch,Clothing_Brand
2022-03-27,0.0,Abercrombie & Fitch,Clothing_Brand
2022-04-03,0.0,Abercrombie & Fitch,Clothing_Brand
2022-04-10,0.0,Abercrombie & Fitch,Clothing_Brand
2022-04-17,33.33333333333333,Abercrombie & Fitch,Clothing_Brand
2022-04-24,0.0,Abercrombie & Fitch,Clothing_Brand
2022-05-01,0.0,Abercrombie & Fitch,Clothing_Brand
2022-05-08,0.0,Abercrombie & Fitch,Clothing_Brand
2022-05-15,0.0,Abercrombie & Fitch,Clothing_Brand
2022-05-22,0.0,Abercrombie & Fitch,Clothing_Brand
2022-05-29,0.0,Abercrombie & Fitch,Clothing_Brand
2022-06-05,0.0,Abercrombie & Fitch,Clothing_Brand
2022-06-12,0.0,Abercrombie & Fitch,Clothing_Brand
2022-06-19,0.0,Abercrombie & Fitch,Clothing_Brand
2022-06-26,0.0,Abercrombie & Fitch,Clothing_Brand
2022-07-03,0.0,Abercrombie & Fitch,Clothing_Brand
2022-07-10,0.0,Abercrombie & Fitch,Clothing_Brand
2022-07-17,0.0,Abercrombie & Fitch,Clothing_Brand
2022-07-24,0.0,Abercrombie & Fitch,Clothing_Brand
2022-07-31,0.0,Abercrombie & Fitch,Clothing_Brand
2022-08-07,0.0,Abercrombie & Fitch,Clothing_Brand
2022-08-14,0.0,Abercrombie & Fitch,Clothing_Brand
2022-08-21,0.0,Abercrombie & Fitch,Clothing_Brand
2022-08-28,0.0,Abercrombie & Fitch,Clothing_Brand
2022-09-04,0.0,Abercrombie & Fitch,Clothing_Brand
2022-09-11,0.0,Abercrombie & Fitch,Clothing_Brand
2022-09-18,0.0,Abercrombie & Fitch,Clothing_Brand
2022-09-25,0.0,Abercrombie & Fitch,Clothing_Brand
2022-10-02,0.0,Abercrombie & Fitch,Clothing_Brand
2022-10-09,0.0,Abercrombie & Fitch,Clothing_Brand
2022-10-16,0.0,Abercrombie & Fitch,Clothing_Brand
2022-10-23,0.0,Abercrombie & Fitch,Clothing_Brand
2022-10-30,0.0,Abercrombie & Fitch,Clothing_Brand
2022-11-06,0.0,Abercrombie & Fitch,Clothing_Brand
2022-11-13,0.0,Abercrombie & Fitch,Clothing_Brand
2022-11-20,0.0,Abercrombie & Fitch,Clothing_Brand
2022-11-27,0.0,Abercrombie & Fitch,Clothing_Brand
2022-12-04,0.0,Abercrombie & Fitch,Clothing_Brand
2022-12-11,0.0,Abercrombie & Fitch,Clothing_Brand
2022-12-18,0.0,Abercrombie & Fitch,Clothing_Brand
2022-12-25,0.0,Abercrombie & Fitch,Clothing_Brand
2023-01-01,0.0,Abercrombie & Fitch,Clothing_Brand
2023-01-08,0.0,Abercrombie & Fitch,Clothing_Brand
2023-01-15,0.0,Abercrombie & Fitch,Clothing_Brand
2023-01-22,0.0,Abercrombie & Fitch,Clothing_Brand
2023-01-29,0.0,Abercrombie & Fitch,Clothing_Brand
2023-02-05,0.0,Abercrombie & Fitch,Clothing_Brand
2023-02-12,0.0,Abercrombie & Fitch,Clothing_Brand
2023-02-19,0.0,Abercrombie & Fitch,Clothing_Brand
2023-02-26,0.0,Abercrombie & Fitch,Clothing_Brand
2023-03-05,0.0,Abercrombie & Fitch,Clothing_Brand
2023-03-12,0.0,Abercrombie & Fitch,Clothing_Brand
2023-03-19,0.0,Abercrombie & Fitch,Clothing_Brand
2023-03-26,0.0,Abercrombie & Fitch,Clothing_Brand
2023-04-02,0.0,Abercrombie & Fitch,Clothing_Brand
2023-04-09,0.0,Abercrombie & Fitch,Clothing_Brand
2023-04-16,0.0,Abercrombie & Fitch,Clothing_Brand
2023-04-23,0.0,Abercrombie & Fitch,Clothing_Brand
2023-04-30,0.0,Abercrombie & Fitch,Clothing_Brand
2023-05-07,0.0,Abercrombie & Fitch,Clothing_Brand
2023-05-14,0.0,Abercrombie & Fitch,Clothing_Brand
2023-05-21,0.0,Abercrombie & Fitch,Clothing_Brand
2023-05-28,0.0,Abercrombie & Fitch,Clothing_Brand
2023-06-04,0.0,Abercrombie & Fitch,Clothing_Brand
2023-06-11,0.0,Abercrombie & Fitch,Clothing_Brand
2023-06-18,0.0,Abercrombie & Fitch,Clothing_Brand
2023-06-25,0.0,Abercrombie & Fitch,Clothing_Brand
2023-07-02,0.0,Abercrombie & Fitch,Clothing_Brand
2023-07-09,0.0,Abercrombie & Fitch,Clothing_Brand
2023-07-16,0.0,Abercrombie & Fitch,Clothing_Brand
2023-07-23,0.0,Abercrombie & Fitch,Clothing_Brand
2023-07-30,0.0,Abercrombie & Fitch,Clothing_Brand
2023-08-06,0.0,Abercrombie & Fitch,Clothing_Brand
2023-08-13,0.0,Abercrombie & Fitch,Clothing_Brand
2023-08-20,0.0,Abercrombie & Fitch,Clothing_Brand
2023-08-27,0.0,Abercrombie & Fitch,Clothing_Brand
2023-09-03,0.0,Abercrombie & Fitch,Clothing_Brand
2023-09-10,0.0,Abercrombie & Fitch,Clothing_Brand
2023-09-17,0.0,Abercrombie & Fitch,Clothing_Brand
2023-09-24,0.0,Abercrombie & Fitch,Clothing_Brand
2023-10-01,100.0,Abercrombie & Fitch,Clothing_Brand
2023-10-08,0.0,Abercrombie & Fitch,Clothing_Brand
2023-10-15,0.0,Abercrombie & Fitch,Clothing_Brand
2023-10-22,0.0,Abercrombie & Fitch,Clothing_Brand
2023-10-29,33.33333333333333,Abercrombie & Fitch,Clothing_Brand
2023-11-05,0.0,Abercrombie & Fitch,Clothing_Brand
2023-11-12,0.0,Abercrombie & Fitch,Clothing_Brand
2023-11-19,0.0,Abercrombie & Fitch,Clothing_Brand
2023-11-26,0.0,Abercrombie & Fitch,Clothing_Brand
2023-12-03,0.0,Abercrombie & Fitch,Clothing_Brand
2023-12-10,0.0,Abercrombie & Fitch,Clothing_Brand
2023-12-17,0.0,Abercrombie & Fitch,Clothing_Brand
2023-12-24,0.0,Abercrombie & Fitch,Clothing_Brand
2023-12-31,0.0,Abercrombie & Fitch,Clothing_Brand
2024-01-07,0.0,Abercrombie & Fitch,Clothing_Brand
2024-01-14,0.0,Abercrombie & Fitch,Clothing_Brand
2024-01-21,0.0,Abercrombie & Fitch,Clothing_Brand
2024-01-28,0.0,Abercrombie & Fitch,Clothing_Brand
2024-02-04,0.0,Abercrombie & Fitch,Clothing_Brand
2024-02-11,0.0,Abercrombie & Fitch,Clothing_Brand
2024-02-18,0.0,Abercrombie & Fitch,Clothing_Brand
2024-02-25,0.0,Abercrombie & Fitch,Clothing_Brand
2024-03-03,0.0,Abercrombie & Fitch,Clothing_Brand
2024-03-10,0.0,Abercrombie & Fitch,Clothing_Brand
2024-03-17,0.0,Abercrombie & Fitch,Clothing_Brand
2024-03-24,0.0,Abercrombie & Fitch,Clothing_Brand
2024-03-31,0.0,Abercrombie & Fitch,Clothing_Brand
2024-04-07,0.0,Abercrombie & Fitch,Clothing_Brand
2024-04-14,0.0,Abercrombie & Fitch,Clothing_Brand
2024-04-21,0.0,Abercrombie & Fitch,Clothing_Brand
2024-04-28,0.0,Abercrombie & Fitch,Clothing_Brand
2024-05-05,0.0,Abercrombie & Fitch,Clothing_Brand
2024-05-12,0.0,Abercrombie & Fitch,Clothing_Brand
2024-05-19,0.0,Abercrombie & Fitch,Clothing_Brand
2024-05-26,0.0,Abercrombie & Fitch,Clothing_Brand
2024-06-02,0.0,Abercrombie & Fitch,Clothing_Brand
2024-06-09,0.0,Abercrombie & Fitch,Clothing_Brand
2024-06-16,0.0,Abercrombie & Fitch,Clothing_Brand
2024-06-23,0.0,Abercrombie & Fitch,Clothing_Brand
2024-06-30,0.0,Abercrombie & Fitch,Clothing_Brand
2024-07-07,0.0,Abercrombie & Fitch,Clothing_Brand
2024-07-14,0.0,Abercrombie & Fitch,Clothing_Brand
2024-07-21,0.0,Abercrombie & Fitch,Clothing_Brand
2024-07-28,0.0,Abercrombie & Fitch,Clothing_Brand
2024-08-04,0.0,Abercrombie & Fitch,Clothing_Brand
2024-08-11,0.0,Abercrombie & Fitch,Clothing_Brand
2024-08-18,0.0,Abercrombie & Fitch,Clothing_Brand
2024-08-25,0.0,Abercrombie & Fitch,Clothing_Brand
2024-09-01,0.0,Abercrombie & Fitch,Clothing_Brand
2024-09-08,0.0,Abercrombie & Fitch,Clothing_Brand
2024-09-15,0.0,Abercrombie & Fitch,Clothing_Brand
2024-09-22,0.0,Abercrombie & Fitch,Clothing_Brand
2024-09-29,0.0,Abercrombie & Fitch,Clothing_Brand
2024-10-06,0.0,Abercrombie & Fitch,Clothing_Brand
2024-10-13,0.0,Abercrombie & Fitch,Clothing_Brand
2024-10-20,33.33333333333333,Abercrombie & Fitch,Clothing_Brand
2024-10-27,0.0,Abercrombie & Fitch,Clothing_Brand
2024-11-03,0.0,Abercrombie & Fitch,Clothing_Brand
2024-11-10,0.0,Abercrombie & Fitch,Clothing_Brand
2024-11-17,0.0,Abercrombie & Fitch,Clothing_Brand
2024-11-24,33.33333333333333,Abercrombie & Fitch,Clothing_Brand
2024-12-01,0.0,Abercrombie & Fitch,Clothing_Brand
2024-12-08,0.0,Abercrombie & Fitch,Clothing_Brand
2024-12-15,0.0,Abercrombie & Fitch,Clothing_Brand
2024-12-22,0.0,Abercrombie & Fitch,Clothing_Brand
2024-12-29,0.0,Abercrombie & Fitch,Clothing_Brand
2025-01-05,0.0,Abercrombie & Fitch,Clothing_Brand
2025-01-12,0.0,Abercrombie & Fitch,Clothing_Brand
2025-01-19,0.0,Abercrombie & Fitch,Clothing_Brand
2025-01-26,0.0,Abercrombie & Fitch,Clothing_Brand
2025-02-02,0.0,Abercrombie & Fitch,Clothing_Brand
2025-02-09,0.0,Abercrombie & Fitch,Clothing_Brand
2025-02-16,0.0,Abercrombie & Fitch,Clothing_Brand
2020-02-16,22.0,Shein,Clothing_Brand
2020-02-23,23.0,Shein,Clothing_Brand
2020-03-01,22.0,Shein,Clothing_Brand
2020-03-08,20.0,Shein,Clothing_Brand
2020-03-15,16.0,Shein,Clothing_Brand
2020-03-22,23.0,Shein,Clothing_Brand
2020-03-29,27.0,Shein,Clothing_Brand
2020-04-05,33.0,Shein,Clothing_Brand
2020-04-12,38.0,Shein,Clothing_Brand
2020-04-19,39.0,Shein,Clothing_Brand
2020-04-26,44.0,Shein,Clothing_Brand
2020-05-03,51.0,Shein,Clothing_Brand
2020-05-10,50.0,Shein,Clothing_Brand
2020-05-17,55.00000000000001,Shein,Clothing_Brand
2020-05-24,57.99999999999999,Shein,Clothing_Brand
2020-05-31,55.00000000000001,Shein,Clothing_Brand
2020-06-07,66.0,Shein,Clothing_Brand
2020-06-14,60.0,Shein,Clothing_Brand
2020-06-21,54.0,Shein,Clothing_Brand
2020-06-28,52.0,Shein,Clothing_Brand
2020-07-05,60.0,Shein,Clothing_Brand
2020-07-12,48.0,Shein,Clothing_Brand
2020-07-19,48.0,Shein,Clothing_Brand
2020-07-26,47.0,Shein,Clothing_Brand
2020-08-02,42.0,Shein,Clothing_Brand
2020-08-09,34.0,Shein,Clothing_Brand
2020-08-16,33.0,Shein,Clothing_Brand
2020-08-23,32.0,Shein,Clothing_Brand
2020-08-30,31.0,Shein,Clothing_Brand
2020-09-06,31.0,Shein,Clothing_Brand
2020-09-13,32.0,Shein,Clothing_Brand
2020-09-20,31.0,Shein,Clothing_Brand
2020-09-27,33.0,Shein,Clothing_Brand
2020-10-04,32.0,Shein,Clothing_Brand
2020-10-11,32.0,Shein,Clothing_Brand
2020-10-18,31.0,Shein,Clothing_Brand
2020-10-25,28.000000000000004,Shein,Clothing_Brand
2020-11-01,24.0,Shein,Clothing_Brand
2020-11-08,33.0,Shein,Clothing_Brand
2020-11-15,34.0,Shein,Clothing_Brand
2020-11-22,41.0,Shein,Clothing_Brand
2020-11-29,39.0,Shein,Clothing_Brand
2020-12-06,34.0,Shein,Clothing_Brand
2020-12-13,28.000000000000004,Shein,Clothing_Brand
2020-12-20,27.0,Shein,Clothing_Brand
2020-12-27,34.0,Shein,Clothing_Brand
2021-01-03,37.0,Shein,Clothing_Brand
2021-01-10,38.0,Shein,Clothing_Brand
2021-01-17,37.0,Shein,Clothing_Brand
2021-01-24,39.0,Shein,Clothing_Brand
2021-01-31,40.0,Shein,Clothing_Brand
2021-02-07,34.0,Shein,Clothing_Brand
2021-02-14,36.0,Shein,Clothing_Brand
2021-02-21,37.0,Shein,Clothing_Brand
2021-02-28,44.0,Shein,Clothing_Brand
2021-03-07,45.0,Shein,Clothing_Brand
2021-03-14,48.0,Shein,Clothing_Brand
2021-03-21,50.0,Shein,Clothing_Brand
2021-03-28,53.0,Shein,Clothing_Brand
2021-04-04,53.0,Shein,Clothing_Brand
2021-04-11,55.00000000000001,Shein,Clothing_Brand
2021-04-18,54.0,Shein,Clothing_Brand
2021-04-25,53.0,Shein,Clothing_Brand
2021-05-02,53.0,Shein,Clothing_Brand
2021-05-09,52.0,Shein,Clothing_Brand
2021-05-16,57.99999999999999,Shein,Clothing_Brand
2021-05-23,62.0,Shein,Clothing_Brand
2021-05-30,61.0,Shein,Clothing_Brand
2021-06-06,59.0,Shein,Clothing_Brand
2021-06-13,60.0,Shein,Clothing_Brand
2021-06-20,59.0,Shein,Clothing_Brand
2021-06-27,56.00000000000001,Shein,Clothing_Brand
2021-07-04,60.0,Shein,Clothing_Brand
2021-07-11,62.0,Shein,Clothing_Brand
2021-07-18,60.0,Shein,Clothing_Brand
2021-07-25,55.00000000000001,Shein,Clothing_Brand
2021-08-01,56.00000000000001,Shein,Clothing_Brand
2021-08-08,50.0,Shein,Clothing_Brand
2021-08-15,52.0,Shein,Clothing_Brand
2021-08-22,49.0,Shein,Clothing_Brand
2021-08-29,47.0,Shein,Clothing_Brand
2021-09-05,56.00000000000001,Shein,Clothing_Brand
2021-09-12,66.0,Shein,Clothing_Brand
2021-09-19,64.0,Shein,Clothing_Brand
2021-09-26,63.0,Shein,Clothing_Brand
2021-10-03,64.0,Shein,Clothing_Brand
2021-10-10,63.0,Shein,Clothing_Brand
2021-10-17,59.0,Shein,Clothing_Brand
2021-10-24,51.0,Shein,Clothing_Brand
2021-10-31,52.0,Shein,Clothing_Brand
2021-11-07,60.0,Shein,Clothing_Brand
2021-11-14,61.0,Shein,Clothing_Brand
2021-11-21,71.0,Shein,Clothing_Brand
2021-11-28,62.0,Shein,Clothing_Brand
2021-12-05,56.99999999999999,Shein,Clothing_Brand
2021-12-12,51.0,Shein,Clothing_Brand
2021-12-19,45.0,Shein,Clothing_Brand
2021-12-26,54.0,Shein,Clothing_Brand
2022-01-02,57.99999999999999,Shein,Clothing_Brand
2022-01-09,57.99999999999999,Shein,Clothing_Brand
2022-01-16,56.99999999999999,Shein,Clothing_Brand
2022-01-23,60.0,Shein,Clothing_Brand
2022-01-30,65.0,Shein,Clothing_Brand
2022-02-06,63.0,Shein,Clothing_Brand
2022-02-13,62.0,Shein,Clothing_Brand
2022-02-20,65.0,Shein,Clothing_Brand
2022-02-27,74.0,Shein,Clothing_Brand
2022-03-06,71.0,Shein,Clothing_Brand
2022-03-13,78.0,Shein,Clothing_Brand
2022-03-20,76.0,Shein,Clothing_Brand
2022-03-27,76.0,Shein,Clothing_Brand
2022-04-03,80.0,Shein,Clothing_Brand
2022-04-10,81.0,Shein,Clothing_Brand
2022-04-17,79.0,Shein,Clothing_Brand
2022-04-24,74.0,Shein,Clothing_Brand
2022-05-01,77.0,Shein,Clothing_Brand
2022-05-08,75.0,Shein,Clothing_Brand
2022-05-15,85.0,Shein,Clothing_Brand
2022-05-22,82.0,Shein,Clothing_Brand
2022-05-29,86.0,Shein,Clothing_Brand
2022-06-05,83.0,Shein,Clothing_Brand
2022-06-12,79.0,Shein,Clothing_Brand
2022-06-19,81.0,Shein,Clothing_Brand
2022-06-26,77.0,Shein,Clothing_Brand
2022-07-03,78.0,Shein,Clothing_Brand
2022-07-10,77.0,Shein,Clothing_Brand
2022-07-17,83.0,Shein,Clothing_Brand
2022-07-24,81.0,Shein,Clothing_Brand
2022-07-31,80.0,Shein,Clothing_Brand
2022-08-07,80.0,Shein,Clothing_Brand
2022-08-14,79.0,Shein,Clothing_Brand
2022-08-21,69.0,Shein,Clothing_Brand
2022-08-28,70.0,Shein,Clothing_Brand
2022-09-04,71.0,Shein,Clothing_Brand
2022-09-11,71.0,Shein,Clothing_Brand
2022-09-18,70.0,Shein,Clothing_Brand
2022-09-25,78.0,Shein,Clothing_Brand
2022-10-02,75.0,Shein,Clothing_Brand
2022-10-09,77.0,Shein,Clothing_Brand
2022-10-16,74.0,Shein,Clothing_Brand
2022-10-23,62.0,Shein,Clothing_Brand
2022-10-30,63.0,Shein,Clothing_Brand
2022-11-06,68.0,Shein,Clothing_Brand
2022-11-13,71.0,Shein,Clothing_Brand
2022-11-20,82.0,Shein,Clothing_Brand
2022-11-27,72.0,Shein,Clothing_Brand
2022-12-04,68.0,Shein,Clothing_Brand
2022-12-11,63.0,Shein,Clothing_Brand
2022-12-18,55.00000000000001,Shein,Clothing_Brand
2022-12-25,69.0,Shein,Clothing_Brand
2023-01-01,62.0,Shein,Clothing_Brand
2023-01-08,63.0,Shein,Clothing_Brand
2023-01-15,72.0,Shein,Clothing_Brand
2023-01-22,73.0,Shein,Clothing_Brand
2023-01-29,75.0,Shein,Clothing_Brand
2023-02-05,72.0,Shein,Clothing_Brand
2023-02-12,71.0,Shein,Clothing_Brand
2023-02-19,80.0,Shein,Clothing_Brand
2023-02-26,84.0,Shein,Clothing_Brand
2023-03-05,85.0,Shein,Clothing_Brand
2023-03-12,86.0,Shein,Clothing_Brand
2023-03-19,85.0,Shein,Clothing_Brand
2023-03-26,83.0,Shein,Clothing_Brand
2023-04-02,80.0,Shein,Clothing_Brand
2023-04-09,83.0,Shein,Clothing_Brand
2023-04-16,88.0,Shein,Clothing_Brand
2023-04-23,80.0,Shein,Clothing_Brand
2023-04-30,84.0,Shein,Clothing_Brand
2023-05-07,81.0,Shein,Clothing_Brand
2023-05-14,82.0,Shein,Clothing_Brand
2023-05-21,84.0,Shein,Clothing_Brand
2023-05-28,89.0,Shein,Clothing_Brand
2023-06-04,83.0,Shein,Clothing_Brand
2023-06-11,81.0,Shein,Clothing_Brand
2023-06-18,80.0,Shein,Clothing_Brand
2023-06-25,85.0,Shein,Clothing_Brand
2023-07-02,79.0,Shein,Clothing_Brand
2023-07-09,100.0,Shein,Clothing_Brand
2023-07-16,96.0,Shein,Clothing_Brand
2023-07-23,90.0,Shein,Clothing_Brand
2023-07-30,88.0,Shein,Clothing_Brand
2023-08-06,89.0,Shein,Clothing_Brand
2023-08-13,83.0,Shein,Clothing_Brand
2023-08-20,78.0,Shein,Clothing_Brand
2023-08-27,75.0,Shein,Clothing_Brand
2023-09-03,68.0,Shein,Clothing_Brand
2023-09-10,71.0,Shein,Clothing_Brand
2023-09-17,75.0,Shein,Clothing_Brand
2023-09-24,72.0,Shein,Clothing_Brand
2023-10-01,73.0,Shein,Clothing_Brand
2023-10-08,76.0,Shein,Clothing_Brand
2023-10-15,75.0,Shein,Clothing_Brand
2023-10-22,64.0,Shein,Clothing_Brand
2023-10-29,62.0,Shein,Clothing_Brand
2023-11-05,72.0,Shein,Clothing_Brand
2023-11-12,70.0,Shein,Clothing_Brand
2023-11-19,74.0,Shein,Clothing_Brand
2023-11-26,73.0,Shein,Clothing_Brand
2023-12-03,66.0,Shein,Clothing_Brand
2023-12-10,63.0,Shein,Clothing_Brand
2023-12-17,55.00000000000001,Shein,Clothing_Brand
2023-12-24,59.0,Shein,Clothing_Brand
2023-12-31,61.0,Shein,Clothing_Brand
2024-01-07,64.0,Shein,Clothing_Brand
2024-01-14,63.0,Shein,Clothing_Brand
2024-01-21,65.0,Shein,Clothing_Brand
2024-01-28,63.0,Shein,Clothing_Brand
2024-02-04,62.0,Shein,Clothing_Brand
2024-02-11,56.99999999999999,Shein,Clothing_Brand
2024-02-18,71.0,Shein,Clothing_Brand
2024-02-25,67.0,Shein,Clothing_Brand
2024-03-03,70.0,Shein,Clothing_Brand
2024-03-10,75.0,Shein,Clothing_Brand
2024-03-17,71.0,Shein,Clothing_Brand
2024-03-24,69.0,Shein,Clothing_Brand
2024-03-31,71.0,Shein,Clothing_Brand
2024-04-07,68.0,Shein,Clothing_Brand
2024-04-14,71.0,Shein,Clothing_Brand
2024-04-21,69.0,Shein,Clothing_Brand
2024-04-28,70.0,Shein,Clothing_Brand
2024-05-05,66.0,Shein,Clothing_Brand
2024-05-12,70.0,Shein,Clothing_Brand
2024-05-19,67.0,Shein,Clothing_Brand
2024-05-26,71.0,Shein,Clothing_Brand
2024-06-02,75.0,Shein,Clothing_Brand
2024-06-09,70.0,Shein,Clothing_Brand
2024-06-16,76.0,Shein,Clothing_Brand
2024-06-23,75.0,Shein,Clothing_Brand
2024-06-30,68.0,Shein,Clothing_Brand
2024-07-07,71.0,Shein,Clothing_Brand
2024-07-14,71.0,Shein,Clothing_Brand
2024-07-21,73.0,Shein,Clothing_Brand
2024-07-28,72.0,Shein,Clothing_Brand
2024-08-04,70.0,Shein,Clothing_Brand
2024-08-11,70.0,Shein,Clothing_Brand
2024-08-18,65.0,Shein,Clothing_Brand
2024-08-25,64.0,Shein,Clothing_Brand
2024-09-01,66.0,Shein,Clothing_Brand
2024-09-08,65.0,Shein,Clothing_Brand
2024-09-15,66.0,Shein,Clothing_Brand
2024-09-22,65.0,Shein,Clothing_Brand
2024-09-29,69.0,Shein,Clothing_Brand
2024-10-06,66.0,Shein,Clothing_Brand
2024-10-13,63.0,Shein,Clothing_Brand
2024-10-20,59.0,Shein,Clothing_Brand
2024-10-27,53.0,Shein,Clothing_Brand
2024-11-03,53.0,Shein,Clothing_Brand
2024-11-10,60.0,Shein,Clothing_Brand
2024-11-17,61.0,Shein,Clothing_Brand
2024-11-24,63.0,Shein,Clothing_Brand
2024-12-01,65.0,Shein,Clothing_Brand
2024-12-08,53.0,Shein,Clothing_Brand
2024-12-15,49.0,Shein,Clothing_Brand
2024-12-22,50.0,Shein,Clothing_Brand
2024-12-29,54.0,Shein,Clothing_Brand
2025-01-05,54.0,Shein,Clothing_Brand
2025-01-12,55.00000000000001,Shein,Clothing_Brand
2025-01-19,59.0,Shein,Clothing_Brand
2025-01-26,67.0,Shein,Clothing_Brand
2025-02-02,65.0,Shein,Clothing_Brand
2025-02-09,56.00000000000001,Shein,Clothing_Brand
2025-02-16,59.0,Shein,Clothing_Brand
2020-02-16,56.99999999999999,Nike,Shoe_Brand
2020-02-23,60.0,Nike,Shoe_Brand
2020-03-01,56.00000000000001,Nike,Shoe_Brand
2020-03-08,53.0,Nike,Shoe_Brand
2020-03-15,41.0,Nike,Shoe_Brand
2020-03-22,43.0,Nike,Shoe_Brand
2020-03-29,43.0,Nike,Shoe_Brand
2020-04-05,46.0,Nike,Shoe_Brand
2020-04-12,52.0,Nike,Shoe_Brand
2020-04-19,54.0,Nike,Shoe_Brand
2020-04-26,54.0,Nike,Shoe_Brand
2020-05-03,64.0,Nike,Shoe_Brand
2020-05-10,62.0,Nike,Shoe_Brand
2020-05-17,65.0,Nike,Shoe_Brand
2020-05-24,67.0,Nike,Shoe_Brand
2020-05-31,61.0,Nike,Shoe_Brand
2020-06-07,64.0,Nike,Shoe_Brand
2020-06-14,62.0,Nike,Shoe_Brand
2020-06-21,63.0,Nike,Shoe_Brand
2020-06-28,65.0,Nike,Shoe_Brand
2020-07-05,60.0,Nike,Shoe_Brand
2020-07-12,64.0,Nike,Shoe_Brand
2020-07-19,65.0,Nike,Shoe_Brand
2020-07-26,65.0,Nike,Shoe_Brand
2020-08-02,64.0,Nike,Shoe_Brand
2020-08-09,62.0,Nike,Shoe_Brand
2020-08-16,57.99999999999999,Nike,Shoe_Brand
2020-08-23,57.99999999999999,Nike,Shoe_Brand
2020-08-30,55.00000000000001,Nike,Shoe_Brand
2020-09-06,55.00000000000001,Nike,Shoe_Brand
2020-09-13,52.0,Nike,Shoe_Brand
2020-09-20,56.00000000000001,Nike,Shoe_Brand
2020-09-27,52.0,Nike,Shoe_Brand
2020-10-04,54.0,Nike,Shoe_Brand
2020-10-11,56.00000000000001,Nike,Shoe_Brand
2020-10-18,52.0,Nike,Shoe_Brand
2020-10-25,51.0,Nike,Shoe_Brand
2020-11-01,42.0,Nike,Shoe_Brand
2020-11-08,59.0,Nike,Shoe_Brand
2020-11-15,60.0,Nike,Shoe_Brand
2020-11-22,84.0,Nike,Shoe_Brand
2020-11-29,78.0,Nike,Shoe_Brand
2020-12-06,73.0,Nike,Shoe_Brand
2020-12-13,74.0,Nike,Shoe_Brand
2020-12-20,69.0,Nike,Shoe_Brand
2020-12-27,61.0,Nike,Shoe_Brand
2021-01-03,55.00000000000001,Nike,Shoe_Brand
2021-01-10,52.0,Nike,Shoe_Brand
2021-01-17,48.0,Nike,Shoe_Brand
2021-01-24,51.0,Nike,Shoe_Brand
2021-01-31,56.99999999999999,Nike,Shoe_Brand
2021-02-07,55.00000000000001,Nike,Shoe_Brand
2021-02-14,50.0,Nike,Shoe_Brand
2021-02-21,52.0,Nike,Shoe_Brand
2021-02-28,61.0,Nike,Shoe_Brand
2021-03-07,57.99999999999999,Nike,Shoe_Brand
2021-03-14,62.0,Nike,Shoe_Brand
2021-03-21,67.0,Nike,Shoe_Brand
2021-03-28,81.0,Nike,Shoe_Brand
2021-04-04,63.0,Nike,Shoe_Brand
2021-04-11,57.99999999999999,Nike,Shoe_Brand
2021-04-18,57.99999999999999,Nike,Shoe_Brand
2021-04-25,56.00000000000001,Nike,Shoe_Brand
2021-05-02,56.00000000000001,Nike,Shoe_Brand
2021-05-09,51.0,Nike,Shoe_Brand
2021-05-16,52.0,Nike,Shoe_Brand
2021-05-23,53.0,Nike,Shoe_Brand
2021-05-30,51.0,Nike,Shoe_Brand
2021-06-06,52.0,Nike,Shoe_Brand
2021-06-13,56.00000000000001,Nike,Shoe_Brand
2021-06-20,55.00000000000001,Nike,Shoe_Brand
2021-06-27,52.0,Nike,Shoe_Brand
2021-07-04,56.00000000000001,Nike,Shoe_Brand
2021-07-11,56.99999999999999,Nike,Shoe_Brand
2021-07-18,61.0,Nike,Shoe_Brand
2021-07-25,68.0,Nike,Shoe_Brand
2021-08-01,67.0,Nike,Shoe_Brand
2021-08-08,69.0,Nike,Shoe_Brand
2021-08-15,69.0,Nike,Shoe_Brand
2021-08-22,61.0,Nike,Shoe_Brand
2021-08-29,61.0,Nike,Shoe_Brand
2021-09-05,56.00000000000001,Nike,Shoe_Brand
2021-09-12,54.0,Nike,Shoe_Brand
2021-09-19,56.99999999999999,Nike,Shoe_Brand
2021-09-26,55.00000000000001,Nike,Shoe_Brand
2021-10-03,59.0,Nike,Shoe_Brand
2021-10-10,55.00000000000001,Nike,Shoe_Brand
2021-10-17,57.99999999999999,Nike,Shoe_Brand
2021-10-24,56.00000000000001,Nike,Shoe_Brand
2021-10-31,62.0,Nike,Shoe_Brand
2021-11-07,67.0,Nike,Shoe_Brand
2021-11-14,71.0,Nike,Shoe_Brand
2021-11-21,100.0,Nike,Shoe_Brand
2021-11-28,86.0,Nike,Shoe_Brand
2021-12-05,81.0,Nike,Shoe_Brand
2021-12-12,80.0,Nike,Shoe_Brand
2021-12-19,81.0,Nike,Shoe_Brand
2021-12-26,72.0,Nike,Shoe_Brand
2022-01-02,62.0,Nike,Shoe_Brand
2022-01-09,59.0,Nike,Shoe_Brand
2022-01-16,52.0,Nike,Shoe_Brand
2022-01-23,54.0,Nike,Shoe_Brand
2022-01-30,59.0,Nike,Shoe_Brand
2022-02-06,60.0,Nike,Shoe_Brand
2022-02-13,57.99999999999999,Nike,Shoe_Brand
2022-02-20,62.0,Nike,Shoe_Brand
2022-02-27,66.0,Nike,Shoe_Brand
2022-03-06,60.0,Nike,Shoe_Brand
2022-03-13,61.0,Nike,Shoe_Brand
2022-03-20,62.0,Nike,Shoe_Brand
2022-03-27,60.0,Nike,Shoe_Brand
2022-04-03,60.0,Nike,Shoe_Brand
2022-04-10,57.99999999999999,Nike,Shoe_Brand
2022-04-17,56.00000000000001,Nike,Shoe_Brand
2022-04-24,56.99999999999999,Nike,Shoe_Brand
2022-05-01,56.00000000000001,Nike,Shoe_Brand
2022-05-08,53.0,Nike,Shoe_Brand
2022-05-15,55.00000000000001,Nike,Shoe_Brand
2022-05-22,54.0,Nike,Shoe_Brand
2022-05-29,55.00000000000001,Nike,Shoe_Brand
2022-06-05,54.0,Nike,Shoe_Brand
2022-06-12,52.0,Nike,Shoe_Brand
2022-06-19,53.0,Nike,Shoe_Brand
2022-06-26,51.0,Nike,Shoe_Brand
2022-07-03,54.0,Nike,Shoe_Brand
2022-07-10,57.99999999999999,Nike,Shoe_Brand
2022-07-17,64.0,Nike,Shoe_Brand
2022-07-24,67.0,Nike,Shoe_Brand
2022-07-31,72.0,Nike,Shoe_Brand
2022-08-07,73.0,Nike,Shoe_Brand
2022-08-14,69.0,Nike,Shoe_Brand
2022-08-21,64.0,Nike,Shoe_Brand
2022-08-28,61.0,Nike,Shoe_Brand
2022-09-04,56.99999999999999,Nike,Shoe_Brand
2022-09-11,54.0,Nike,Shoe_Brand
2022-09-18,53.0,Nike,Shoe_Brand
2022-09-25,56.00000000000001,Nike,Shoe_Brand
2022-10-02,56.00000000000001,Nike,Shoe_Brand
2022-10-09,60.0,Nike,Shoe_Brand
2022-10-16,56.00000000000001,Nike,Shoe_Brand
2022-10-23,54.0,Nike,Shoe_Brand
2022-10-30,55.00000000000001,Nike,Shoe_Brand
2022-11-06,64.0,Nike,Shoe_Brand
2022-11-13,72.0,Nike,Shoe_Brand
2022-11-20,98.0,Nike,Shoe_Brand
2022-11-27,84.0,Nike,Shoe_Brand
2022-12-04,82.0,Nike,Shoe_Brand
2022-12-11,86.0,Nike,Shoe_Brand
2022-12-18,82.0,Nike,Shoe_Brand
2022-12-25,81.0,Nike,Shoe_Brand
2023-01-01,60.0,Nike,Shoe_Brand
2023-01-08,61.0,Nike,Shoe_Brand
2023-01-15,61.0,Nike,Shoe_Brand
2023-01-22,59.0,Nike,Shoe_Brand
2023-01-29,66.0,Nike,Shoe_Brand
2023-02-05,61.0,Nike,Shoe_Brand
2023-02-12,57.99999999999999,Nike,Shoe_Brand
2023-02-19,63.0,Nike,Shoe_Brand
2023-02-26,60.0,Nike,Shoe_Brand
2023-03-05,64.0,Nike,Shoe_Brand
2023-03-12,61.0,Nike,Shoe_Brand
2023-03-19,59.0,Nike,Shoe_Brand
2023-03-26,61.0,Nike,Shoe_Brand
2023-04-02,60.0,Nike,Shoe_Brand
2023-04-09,61.0,Nike,Shoe_Brand
2023-04-16,61.0,Nike,Shoe_Brand
2023-04-23,57.99999999999999,Nike,Shoe_Brand
2023-04-30,55.00000000000001,Nike,Shoe_Brand
2023-05-07,59.0,Nike,Shoe_Brand
2023-05-14,63.0,Nike,Shoe_Brand
2023-05-21,60.0,Nike,Shoe_Brand
2023-05-28,56.00000000000001,Nike,Shoe_Brand
2023-06-04,54.0,Nike,Shoe_Brand
2023-06-11,55.00000000000001,Nike,Shoe_Brand
2023-06-18,54.0,Nike,Shoe_Brand
2023-06-25,54.0,Nike,Shoe_Brand
2023-07-02,55.00000000000001,Nike,Shoe_Brand
2023-07-09,56.99999999999999,Nike,Shoe_Brand
2023-07-16,56.99999999999999,Nike,Shoe_Brand
2023-07-23,69.0,Nike,Shoe_Brand
2023-07-30,70.0,Nike,Shoe_Brand
2023-08-06,69.0,Nike,Shoe_Brand
2023-08-13,65.0,Nike,Shoe_Brand
2023-08-20,64.0,Nike,Shoe_Brand
2023-08-27,57.99999999999999,Nike,Shoe_Brand
2023-09-03,54.0,Nike,Shoe_Brand
2023-09-10,50.0,Nike,Shoe_Brand
2023-09-17,55.00000000000001,Nike,Shoe_Brand
2023-09-24,56.00000000000001,Nike,Shoe_Brand
2023-10-01,50.0,Nike,Shoe_Brand
2023-10-08,56.00000000000001,Nike,Shoe_Brand
2023-10-15,56.99999999999999,Nike,Shoe_Brand
2023-10-22,53.0,Nike,Shoe_Brand
2023-10-29,54.0,Nike,Shoe_Brand
2023-11-05,63.0,Nike,Shoe_Brand
2023-11-12,68.0,Nike,Shoe_Brand
2023-11-19,95.0,Nike,Shoe_Brand
2023-11-26,81.0,Nike,Shoe_Brand
2023-12-03,77.0,Nike,Shoe_Brand
2023-12-10,86.0,Nike,Shoe_Brand
2023-12-17,76.0,Nike,Shoe_Brand
2023-12-24,74.0,Nike,Shoe_Brand
2023-12-31,55.00000000000001,Nike,Shoe_Brand
2024-01-07,57.99999999999999,Nike,Shoe_Brand
2024-01-14,49.0,Nike,Shoe_Brand
2024-01-21,52.0,Nike,Shoe_Brand
2024-01-28,54.0,Nike,Shoe_Brand
2024-02-04,54.0,Nike,Shoe_Brand
2024-02-11,53.0,Nike,Shoe_Brand
2024-02-18,61.0,Nike,Shoe_Brand
2024-02-25,53.0,Nike,Shoe_Brand
2024-03-03,53.0,Nike,Shoe_Brand
2024-03-10,55.00000000000001,Nike,Shoe_Brand
2024-03-17,53.0,Nike,Shoe_Brand
2024-03-24,51.0,Nike,Shoe_Brand
2024-03-31,53.0,Nike,Shoe_Brand
2024-04-07,52.0,Nike,Shoe_Brand
2024-04-14,57.99999999999999,Nike,Shoe_Brand
2024-04-21,56.00000000000001,Nike,Shoe_Brand
2024-04-28,54.0,Nike,Shoe_Brand
2024-05-05,51.0,Nike,Shoe_Brand
2024-05-12,50.0,Nike,Shoe_Brand
2024-05-19,49.0,Nike,Shoe_Brand
2024-05-26,52.0,Nike,Shoe_Brand
2024-06-02,50.0,Nike,Shoe_Brand
2024-06-09,52.0,Nike,Shoe_Brand
2024-06-16,52.0,Nike,Shoe_Brand
2024-06-23,48.0,Nike,Shoe_Brand
2024-06-30,52.0,Nike,Shoe_Brand
2024-07-07,56.00000000000001,Nike,Shoe_Brand
2024-07-14,57.99999999999999,Nike,Shoe_Brand
2024-07-21,60.0,Nike,Shoe_Brand
2024-07-28,66.0,Nike,Shoe_Brand
2024-08-04,67.0,Nike,Shoe_Brand
2024-08-11,64.0,Nike,Shoe_Brand
2024-08-18,61.0,Nike,Shoe_Brand
2024-08-25,53.0,Nike,Shoe_Brand
2024-09-01,51.0,Nike,Shoe_Brand
2024-09-08,46.0,Nike,Shoe_Brand
2024-09-15,50.0,Nike,Shoe_Brand
2024-09-22,49.0,Nike,Shoe_Brand
2024-09-29,47.0,Nike,Shoe_Brand
2024-10-06,48.0,Nike,Shoe_Brand
2024-10-13,50.0,Nike,Shoe_Brand
2024-10-20,48.0,Nike,Shoe_Brand
2024-10-27,48.0,Nike,Shoe_Brand
2024-11-03,47.0,Nike,Shoe_Brand
2024-11-10,60.0,Nike,Shoe_Brand
2024-11-17,65.0,Nike,Shoe_Brand
2024-11-24,91.0,Nike,Shoe_Brand
2024-12-01,76.0,Nike,Shoe_Brand
2024-12-08,72.0,Nike,Shoe_Brand
2024-12-15,75.0,Nike,Shoe_Brand
2024-12-22,71.0,Nike,Shoe_Brand
2024-12-29,55.00000000000001,Nike,Shoe_Brand
2025-01-05,54.0,Nike,Shoe_Brand
2025-01-12,48.0,Nike,Shoe_Brand
2025-01-19,47.0,Nike,Shoe_Brand
2025-01-26,47.0,Nike,Shoe_Brand
2025-02-02,49.0,Nike,Shoe_Brand
2025-02-09,51.0,Nike,Shoe_Brand
2025-02-16,51.0,Nike,Shoe_Brand
2020-02-16,24.0,New Balance,Shoe_Brand
2020-02-23,24.0,New Balance,Shoe_Brand
2020-03-01,24.0,New Balance,Shoe_Brand
2020-03-08,24.0,New Balance,Shoe_Brand
2020-03-15,16.0,New Balance,Shoe_Brand
2020-03-22,16.0,New Balance,Shoe_Brand
2020-03-29,16.0,New Balance,Shoe_Brand
2020-04-05,16.0,New Balance,Shoe_Brand
2020-04-12,20.0,New Balance,Shoe_Brand
2020-04-19,20.0,New Balance,Shoe_Brand
2020-04-26,20.0,New Balance,Shoe_Brand
2020-05-03,24.0,New Balance,Shoe_Brand
2020-05-10,24.0,New Balance,Shoe_Brand
2020-05-17,24.0,New Balance,Shoe_Brand
2020-05-24,24.0,New Balance,Shoe_Brand
2020-05-31,20.0,New Balance,Shoe_Brand
2020-06-07,24.0,New Balance,Shoe_Brand
2020-06-14,24.0,New Balance,Shoe_Brand
2020-06-21,24.0,New Balance,Shoe_Brand
2020-06-28,24.0,New Balance,Shoe_Brand
2020-07-05,20.0,New Balance,Shoe_Brand
2020-07-12,20.0,New Balance,Shoe_Brand
2020-07-19,24.0,New Balance,Shoe_Brand
2020-07-26,24.0,New Balance,Shoe_Brand
2020-08-02,24.0,New Balance,Shoe_Brand
2020-08-09,24.0,New Balance,Shoe_Brand
2020-08-16,24.0,New Balance,Shoe_Brand
2020-08-23,20.0,New Balance,Shoe_Brand
2020-08-30,24.0,New Balance,Shoe_Brand
2020-09-06,24.0,New Balance,Shoe_Brand
2020-09-13,20.0,New Balance,Shoe_Brand
2020-09-20,24.0,New Balance,Shoe_Brand
2020-09-27,20.0,New Balance,Shoe_Brand
2020-10-04,24.0,New Balance,Shoe_Brand
2020-10-11,24.0,New Balance,Shoe_Brand
2020-10-18,24.0,New Balance,Shoe_Brand
2020-10-25,20.0,New Balance,Shoe_Brand
2020-11-01,16.0,New Balance,Shoe_Brand
2020-11-08,20.0,New Balance,Shoe_Brand
2020-11-15,24.0,New Balance,Shoe_Brand
2020-11-22,28.000000000000004,New Balance,Shoe_Brand
2020-11-29,28.000000000000004,New Balance,Shoe_Brand
2020-12-06,24.0,New Balance,Shoe_Brand
2020-12-13,24.0,New Balance,Shoe_Brand
2020-12-20,20.0,New Balance,Shoe_Brand
2020-12-27,24.0,New Balance,Shoe_Brand
2021-01-03,24.0,New Balance,Shoe_Brand
2021-01-10,20.0,New Balance,Shoe_Brand
2021-01-17,20.0,New Balance,Shoe_Brand
2021-01-24,20.0,New Balance,Shoe_Brand
2021-01-31,20.0,New Balance,Shoe_Brand
2021-02-07,20.0,New Balance,Shoe_Brand
2021-02-14,20.0,New Balance,Shoe_Brand
2021-02-21,24.0,New Balance,Shoe_Brand
2021-02-28,24.0,New Balance,Shoe_Brand
2021-03-07,28.000000000000004,New Balance,Shoe_Brand
2021-03-14,28.000000000000004,New Balance,Shoe_Brand
2021-03-21,28.000000000000004,New Balance,Shoe_Brand
2021-03-28,28.000000000000004,New Balance,Shoe_Brand
2021-04-04,28.000000000000004,New Balance,Shoe_Brand
2021-04-11,28.000000000000004,New Balance,Shoe_Brand
2021-04-18,28.000000000000004,New Balance,Shoe_Brand
2021-04-25,24.0,New Balance,Shoe_Brand
2021-05-02,24.0,New Balance,Shoe_Brand
2021-05-09,24.0,New Balance,Shoe_Brand
2021-05-16,24.0,New Balance,Shoe_Brand
2021-05-23,28.000000000000004,New Balance,Shoe_Brand
2021-05-30,28.000000000000004,New Balance,Shoe_Brand
2021-06-06,24.0,New Balance,Shoe_Brand
2021-06-13,28.000000000000004,New Balance,Shoe_Brand
2021-06-20,28.000000000000004,New Balance,Shoe_Brand
2021-06-27,28.000000000000004,New Balance,Shoe_Brand
2021-07-04,28.000000000000004,New Balance,Shoe_Brand
2021-07-11,24.0,New Balance,Shoe_Brand
2021-07-18,28.000000000000004,New Balance,Shoe_Brand
2021-07-25,28.000000000000004,New Balance,Shoe_Brand
2021-08-01,28.000000000000004,New Balance,Shoe_Brand
2021-08-08,28.000000000000004,New Balance,Shoe_Brand
2021-08-15,28.000000000000004,New Balance,Shoe_Brand
2021-08-22,28.000000000000004,New Balance,Shoe_Brand
2021-08-29,28.000000000000004,New Balance,Shoe_Brand
2021-09-05,28.000000000000004,New Balance,Shoe_Brand
2021-09-12,28.000000000000004,New Balance,Shoe_Brand
2021-09-19,28.000000000000004,New Balance,Shoe_Brand
2021-09-26,28.000000000000004,New Balance,Shoe_Brand
2021-10-03,28.000000000000004,New Balance,Shoe_Brand
2021-10-10,28.000000000000004,New Balance,Shoe_Brand
2021-10-17,28.000000000000004,New Balance,Shoe_Brand
2021-10-24,28.000000000000004,New Balance,Shoe_Brand
2021-10-31,28.000000000000004,New Balance,Shoe_Brand
2021-11-07,32.0,New Balance,Shoe_Brand
2021-11-14,32.0,New Balance,Shoe_Brand
2021-11-21,40.0,New Balance,Shoe_Brand
2021-11-28,40.0,New Balance,Shoe_Brand
2021-12-05,36.0,New Balance,Shoe_Brand
2021-12-12,32.0,New Balance,Shoe_Brand
2021-12-19,32.0,New Balance,Shoe_Brand
2021-12-26,36.0,New Balance,Shoe_Brand
2022-01-02,32.0,New Balance,Shoe_Brand
2022-01-09,32.0,New Balance,Shoe_Brand
2022-01-16,32.0,New Balance,Shoe_Brand
2022-01-23,32.0,New Balance,Shoe_Brand
2022-01-30,32.0,New Balance,Shoe_Brand
2022-02-06,36.0,New Balance,Shoe_Brand
2022-02-13,36.0,New Balance,Shoe_Brand
2022-02-20,40.0,New Balance,Shoe_Brand
2022-02-27,40.0,New Balance,Shoe_Brand
2022-03-06,44.0,New Balance,Shoe_Brand
2022-03-13,44.0,New Balance,Shoe_Brand
2022-03-20,44.0,New Balance,Shoe_Brand
2022-03-27,40.0,New Balance,Shoe_Brand
2022-04-03,36.0,New Balance,Shoe_Brand
2022-04-10,40.0,New Balance,Shoe_Brand
2022-04-17,40.0,New Balance,Shoe_Brand
2022-04-24,40.0,New Balance,Shoe_Brand
2022-05-01,36.0,New Balance,Shoe_Brand
2022-05-08,36.0,New Balance,Shoe_Brand
2022-05-15,36.0,New Balance,Shoe_Brand
2022-05-22,36.0,New Balance,Shoe_Brand
2022-05-29,32.0,New Balance,Shoe_Brand
2022-06-05,36.0,New Balance,Shoe_Brand
2022-06-12,36.0,New Balance,Shoe_Brand
2022-06-19,36.0,New Balance,Shoe_Brand
2022-06-26,36.0,New Balance,Shoe_Brand
2022-07-03,36.0,New Balance,Shoe_Brand
2022-07-10,36.0,New Balance,Shoe_Brand
2022-07-17,40.0,New Balance,Shoe_Brand
2022-07-24,40.0,New Balance,Shoe_Brand
2022-07-31,44.0,New Balance,Shoe_Brand
2022-08-07,48.0,New Balance,Shoe_Brand
2022-08-14,48.0,New Balance,Shoe_Brand
2022-08-21,44.0,New Balance,Shoe_Brand
2022-08-28,40.0,New Balance,Shoe_Brand
2022-09-04,40.0,New Balance,Shoe_Brand
2022-09-11,40.0,New Balance,Shoe_Brand
2022-09-18,40.0,New Balance,Shoe_Brand
2022-09-25,40.0,New Balance,Shoe_Brand
2022-10-02,44.0,New Balance,Shoe_Brand
2022-10-09,44.0,New Balance,Shoe_Brand
2022-10-16,44.0,New Balance,Shoe_Brand
2022-10-23,40.0,New Balance,Shoe_Brand
2022-10-30,40.0,New Balance,Shoe_Brand
2022-11-06,40.0,New Balance,Shoe_Brand
2022-11-13,44.0,New Balance,Shoe_Brand
2022-11-20,60.0,New Balance,Shoe_Brand
2022-11-27,52.0,New Balance,Shoe_Brand
2022-12-04,48.0,New Balance,Shoe_Brand
2022-12-11,48.0,New Balance,Shoe_Brand
2022-12-18,44.0,New Balance,Shoe_Brand
2022-12-25,56.00000000000001,New Balance,Shoe_Brand
2023-01-01,44.0,New Balance,Shoe_Brand
2023-01-08,44.0,New Balance,Shoe_Brand
2023-01-15,44.0,New Balance,Shoe_Brand
2023-01-22,44.0,New Balance,Shoe_Brand
2023-01-29,48.0,New Balance,Shoe_Brand
2023-02-05,48.0,New Balance,Shoe_Brand
2023-02-12,48.0,New Balance,Shoe_Brand
2023-02-19,56.00000000000001,New Balance,Shoe_Brand
2023-02-26,56.00000000000001,New Balance,Shoe_Brand
2023-03-05,56.00000000000001,New Balance,Shoe_Brand
2023-03-12,56.00000000000001,New Balance,Shoe_Brand
2023-03-19,56.00000000000001,New Balance,Shoe_Brand
2023-03-26,52.0,New Balance,Shoe_Brand
2023-04-02,56.00000000000001,New Balance,Shoe_Brand
2023-04-09,56.00000000000001,New Balance,Shoe_Brand
2023-04-16,52.0,New Balance,Shoe_Brand
2023-04-23,52.0,New Balance,Shoe_Brand
2023-04-30,52.0,New Balance,Shoe_Brand
2023-05-07,52.0,New Balance,Shoe_Brand
2023-05-14,48.0,New Balance,Shoe_Brand
2023-05-21,48.0,New Balance,Shoe_Brand
2023-05-28,52.0,New Balance,Shoe_Brand
2023-06-04,52.0,New Balance,Shoe_Brand
2023-06-11,52.0,New Balance,Shoe_Brand
2023-06-18,48.0,New Balance,Shoe_Brand
2023-06-25,48.0,New Balance,Shoe_Brand
2023-07-02,48.0,New Balance,Shoe_Brand
2023-07-09,56.00000000000001,New Balance,Shoe_Brand
2023-07-16,56.00000000000001,New Balance,Shoe_Brand
2023-07-23,64.0,New Balance,Shoe_Brand
2023-07-30,64.0,New Balance,Shoe_Brand
2023-08-06,64.0,New Balance,Shoe_Brand
2023-08-13,68.0,New Balance,Shoe_Brand
2023-08-20,60.0,New Balance,Shoe_Brand
2023-08-27,56.00000000000001,New Balance,Shoe_Brand
2023-09-03,60.0,New Balance,Shoe_Brand
2023-09-10,52.0,New Balance,Shoe_Brand
2023-09-17,56.00000000000001,New Balance,Shoe_Brand
2023-09-24,56.00000000000001,New Balance,Shoe_Brand
2023-10-01,56.00000000000001,New Balance,Shoe_Brand
2023-10-08,56.00000000000001,New Balance,Shoe_Brand
2023-10-15,56.00000000000001,New Balance,Shoe_Brand
2023-10-22,52.0,New Balance,Shoe_Brand
2023-10-29,48.0,New Balance,Shoe_Brand
2023-11-05,56.00000000000001,New Balance,Shoe_Brand
2023-11-12,68.0,New Balance,Shoe_Brand
2023-11-19,92.0,New Balance,Shoe_Brand
2023-11-26,76.0,New Balance,Shoe_Brand
2023-12-03,68.0,New Balance,Shoe_Brand
2023-12-10,68.0,New Balance,Shoe_Brand
2023-12-17,68.0,New Balance,Shoe_Brand
2023-12-24,76.0,New Balance,Shoe_Brand
2023-12-31,60.0,New Balance,Shoe_Brand
2024-01-07,56.00000000000001,New Balance,Shoe_Brand
2024-01-14,52.0,New Balance,Shoe_Brand
2024-01-21,52.0,New Balance,Shoe_Brand
2024-01-28,60.0,New Balance,Shoe_Brand
2024-02-04,60.0,New Balance,Shoe_Brand
2024-02-11,56.00000000000001,New Balance,Shoe_Brand
2024-02-18,64.0,New Balance,Shoe_Brand
2024-02-25,72.0,New Balance,Shoe_Brand
2024-03-03,68.0,New Balance,Shoe_Brand
2024-03-10,76.0,New Balance,Shoe_Brand
2024-03-17,76.0,New Balance,Shoe_Brand
2024-03-24,76.0,New Balance,Shoe_Brand
2024-03-31,72.0,New Balance,Shoe_Brand
2024-04-07,64.0,New Balance,Shoe_Brand
2024-04-14,68.0,New Balance,Shoe_Brand
2024-04-21,72.0,New Balance,Shoe_Brand
2024-04-28,68.0,New Balance,Shoe_Brand
2024-05-05,68.0,New Balance,Shoe_Brand
2024-05-12,64.0,New Balance,Shoe_Brand
2024-05-19,60.0,New Balance,Shoe_Brand
2024-05-26,60.0,New Balance,Shoe_Brand
2024-06-02,64.0,New Balance,Shoe_Brand
2024-06-09,64.0,New Balance,Shoe_Brand
2024-06-16,64.0,New Balance,Shoe_Brand
2024-06-23,56.00000000000001,New Balance,Shoe_Brand
2024-06-30,60.0,New Balance,Shoe_Brand
2024-07-07,60.0,New Balance,Shoe_Brand
2024-07-14,68.0,New Balance,Shoe_Brand
2024-07-21,72.0,New Balance,Shoe_Brand
2024-07-28,80.0,New Balance,Shoe_Brand
2024-08-04,92.0,New Balance,Shoe_Brand
2024-08-11,88.0,New Balance,Shoe_Brand
2024-08-18,80.0,New Balance,Shoe_Brand
2024-08-25,76.0,New Balance,Shoe_Brand
2024-09-01,64.0,New Balance,Shoe_Brand
2024-09-08,60.0,New Balance,Shoe_Brand
2024-09-15,60.0,New Balance,Shoe_Brand
2024-09-22,56.00000000000001,New Balance,Shoe_Brand
2024-09-29,60.0,New Balance,Shoe_Brand
2024-10-06,56.00000000000001,New Balance,Shoe_Brand
2024-10-13,56.00000000000001,New Balance,Shoe_Brand
2024-10-20,56.00000000000001,New Balance,Shoe_Brand
2024-10-27,52.0,New Balance,Shoe_Brand
2024-11-03,52.0,New Balance,Shoe_Brand
2024-11-10,64.0,New Balance,Shoe_Brand
2024-11-17,68.0,New Balance,Shoe_Brand
2024-11-24,100.0,New Balance,Shoe_Brand
2024-12-01,80.0,New Balance,Shoe_Brand
2024-12-08,76.0,New Balance,Shoe_Brand
2024-12-15,76.0,New Balance,Shoe_Brand
2024-12-22,80.0,New Balance,Shoe_Brand
2024-12-29,64.0,New Balance,Shoe_Brand
2025-01-05,56.00000000000001,New Balance,Shoe_Brand
2025-01-12,60.0,New Balance,Shoe_Brand
2025-01-19,52.0,New Balance,Shoe_Brand
2025-01-26,56.00000000000001,New Balance,Shoe_Brand
2025-02-02,56.00000000000001,New Balance,Shoe_Brand
2025-02-09,52.0,New Balance,Shoe_Brand
2025-02-16,60.0,New Balance,Shoe_Brand
2020-02-16,62.5,Adidas,Shoe_Brand
2020-02-23,59.375,Adidas,Shoe_Brand
2020-03-01,53.125,Adidas,Shoe_Brand
2020-03-08,53.125,Adidas,Shoe_Brand
2020-03-15,37.5,Adidas,Shoe_Brand
2020-03-22,43.75,Adidas,Shoe_Brand
2020-03-29,40.625,Adidas,Shoe_Brand
2020-04-05,46.875,Adidas,Shoe_Brand
2020-04-12,46.875,Adidas,Shoe_Brand
2020-04-19,53.125,Adidas,Shoe_Brand
2020-04-26,53.125,Adidas,Shoe_Brand
2020-05-03,56.25,Adidas,Shoe_Brand
2020-05-10,53.125,Adidas,Shoe_Brand
2020-05-17,56.25,Adidas,Shoe_Brand
2020-05-24,59.375,Adidas,Shoe_Brand
2020-05-31,53.125,Adidas,Shoe_Brand
2020-06-07,56.25,Adidas,Shoe_Brand
2020-06-14,62.5,Adidas,Shoe_Brand
2020-06-21,62.5,Adidas,Shoe_Brand
2020-06-28,62.5,Adidas,Shoe_Brand
2020-07-05,56.25,Adidas,Shoe_Brand
2020-07-12,59.375,Adidas,Shoe_Brand
2020-07-19,62.5,Adidas,Shoe_Brand
2020-07-26,59.375,Adidas,Shoe_Brand
2020-08-02,62.5,Adidas,Shoe_Brand
2020-08-09,62.5,Adidas,Shoe_Brand
2020-08-16,59.375,Adidas,Shoe_Brand
2020-08-23,53.125,Adidas,Shoe_Brand
2020-08-30,53.125,Adidas,Shoe_Brand
2020-09-06,53.125,Adidas,Shoe_Brand
2020-09-13,50.0,Adidas,Shoe_Brand
2020-09-20,53.125,Adidas,Shoe_Brand
2020-09-27,50.0,Adidas,Shoe_Brand
2020-10-04,53.125,Adidas,Shoe_Brand
2020-10-11,53.125,Adidas,Shoe_Brand
2020-10-18,53.125,Adidas,Shoe_Brand
2020-10-25,56.25,Adidas,Shoe_Brand
2020-11-01,40.625,Adidas,Shoe_Brand
2020-11-08,53.125,Adidas,Shoe_Brand
2020-11-15,62.5,Adidas,Shoe_Brand
2020-11-22,81.25,Adidas,Shoe_Brand
2020-11-29,78.125,Adidas,Shoe_Brand
2020-12-06,68.75,Adidas,Shoe_Brand
2020-12-13,62.5,Adidas,Shoe_Brand
2020-12-20,59.375,Adidas,Shoe_Brand
2020-12-27,59.375,Adidas,Shoe_Brand
2021-01-03,46.875,Adidas,Shoe_Brand
2021-01-10,46.875,Adidas,Shoe_Brand
2021-01-17,46.875,Adidas,Shoe_Brand
2021-01-24,46.875,Adidas,Shoe_Brand
2021-01-31,46.875,Adidas,Shoe_Brand
2021-02-07,43.75,Adidas,Shoe_Brand
2021-02-14,46.875,Adidas,Shoe_Brand
2021-02-21,43.75,Adidas,Shoe_Brand
2021-02-28,53.125,Adidas,Shoe_Brand
2021-03-07,53.125,Adidas,Shoe_Brand
2021-03-14,59.375,Adidas,Shoe_Brand
2021-03-21,62.5,Adidas,Shoe_Brand
2021-03-28,59.375,Adidas,Shoe_Brand
2021-04-04,59.375,Adidas,Shoe_Brand
2021-04-11,53.125,Adidas,Shoe_Brand
2021-04-18,56.25,Adidas,Shoe_Brand
2021-04-25,53.125,Adidas,Shoe_Brand
2021-05-02,50.0,Adidas,Shoe_Brand
2021-05-09,50.0,Adidas,Shoe_Brand
2021-05-16,46.875,Adidas,Shoe_Brand
2021-05-23,50.0,Adidas,Shoe_Brand
2021-05-30,50.0,Adidas,Shoe_Brand
2021-06-06,46.875,Adidas,Shoe_Brand
2021-06-13,50.0,Adidas,Shoe_Brand
2021-06-20,50.0,Adidas,Shoe_Brand
2021-06-27,46.875,Adidas,Shoe_Brand
2021-07-04,50.0,Adidas,Shoe_Brand
2021-07-11,46.875,Adidas,Shoe_Brand
2021-07-18,50.0,Adidas,Shoe_Brand
2021-07-25,56.25,Adidas,Shoe_Brand
2021-08-01,62.5,Adidas,Shoe_Brand
2021-08-08,56.25,Adidas,Shoe_Brand
2021-08-15,59.375,Adidas,Shoe_Brand
2021-08-22,56.25,Adidas,Shoe_Brand
2021-08-29,53.125,Adidas,Shoe_Brand
2021-09-05,50.0,Adidas,Shoe_Brand
2021-09-12,53.125,Adidas,Shoe_Brand
2021-09-19,50.0,Adidas,Shoe_Brand
2021-09-26,46.875,Adidas,Shoe_Brand
2021-10-03,46.875,Adidas,Shoe_Brand
2021-10-10,46.875,Adidas,Shoe_Brand
2021-10-17,50.0,Adidas,Shoe_Brand
2021-10-24,46.875,Adidas,Shoe_Brand
2021-10-31,46.875,Adidas,Shoe_Brand
2021-11-07,56.25,Adidas,Shoe_Brand
2021-11-14,53.125,Adidas,Shoe_Brand
2021-11-21,75.0,Adidas,Shoe_Brand
2021-11-28,68.75,Adidas,Shoe_Brand
2021-12-05,59.375,Adidas,Shoe_Brand
2021-12-12,59.375,Adidas,Shoe_Brand
2021-12-19,56.25,Adidas,Shoe_Brand
2021-12-26,50.0,Adidas,Shoe_Brand
2022-01-02,43.75,Adidas,Shoe_Brand
2022-01-09,40.625,Adidas,Shoe_Brand
2022-01-16,40.625,Adidas,Shoe_Brand
2022-01-23,40.625,Adidas,Shoe_Brand
2022-01-30,43.75,Adidas,Shoe_Brand
2022-02-06,59.375,Adidas,Shoe_Brand
2022-02-13,50.0,Adidas,Shoe_Brand
2022-02-20,50.0,Adidas,Shoe_Brand
2022-02-27,53.125,Adidas,Shoe_Brand
2022-03-06,53.125,Adidas,Shoe_Brand
2022-03-13,53.125,Adidas,Shoe_Brand
2022-03-20,56.25,Adidas,Shoe_Brand
2022-03-27,50.0,Adidas,Shoe_Brand
2022-04-03,53.125,Adidas,Shoe_Brand
2022-04-10,50.0,Adidas,Shoe_Brand
2022-04-17,46.875,Adidas,Shoe_Brand
2022-04-24,46.875,Adidas,Shoe_Brand
2022-05-01,46.875,Adidas,Shoe_Brand
2022-05-08,46.875,Adidas,Shoe_Brand
2022-05-15,46.875,Adidas,Shoe_Brand
2022-05-22,43.75,Adidas,Shoe_Brand
2022-05-29,46.875,Adidas,Shoe_Brand
2022-06-05,50.0,Adidas,Shoe_Brand
2022-06-12,50.0,Adidas,Shoe_Brand
2022-06-19,46.875,Adidas,Shoe_Brand
2022-06-26,50.0,Adidas,Shoe_Brand
2022-07-03,46.875,Adidas,Shoe_Brand
2022-07-10,46.875,Adidas,Shoe_Brand
2022-07-17,56.25,Adidas,Shoe_Brand
2022-07-24,56.25,Adidas,Shoe_Brand
2022-07-31,71.875,Adidas,Shoe_Brand
2022-08-07,62.5,Adidas,Shoe_Brand
2022-08-14,56.25,Adidas,Shoe_Brand
2022-08-21,56.25,Adidas,Shoe_Brand
2022-08-28,56.25,Adidas,Shoe_Brand
2022-09-04,53.125,Adidas,Shoe_Brand
2022-09-11,46.875,Adidas,Shoe_Brand
2022-09-18,43.75,Adidas,Shoe_Brand
2022-09-25,43.75,Adidas,Shoe_Brand
2022-10-02,46.875,Adidas,Shoe_Brand
2022-10-09,46.875,Adidas,Shoe_Brand
2022-10-16,53.125,Adidas,Shoe_Brand
2022-10-23,87.5,Adidas,Shoe_Brand
2022-10-30,50.0,Adidas,Shoe_Brand
2022-11-06,53.125,Adidas,Shoe_Brand
2022-11-13,59.375,Adidas,Shoe_Brand
2022-11-20,78.125,Adidas,Shoe_Brand
2022-11-27,68.75,Adidas,Shoe_Brand
2022-12-04,56.25,Adidas,Shoe_Brand
2022-12-11,62.5,Adidas,Shoe_Brand
2022-12-18,62.5,Adidas,Shoe_Brand
2022-12-25,59.375,Adidas,Shoe_Brand
2023-01-01,46.875,Adidas,Shoe_Brand
2023-01-08,46.875,Adidas,Shoe_Brand
2023-01-15,46.875,Adidas,Shoe_Brand
2023-01-22,43.75,Adidas,Shoe_Brand
2023-01-29,43.75,Adidas,Shoe_Brand
2023-02-05,46.875,Adidas,Shoe_Brand
2023-02-12,46.875,Adidas,Shoe_Brand
2023-02-19,53.125,Adidas,Shoe_Brand
2023-02-26,50.0,Adidas,Shoe_Brand
2023-03-05,46.875,Adidas,Shoe_Brand
2023-03-12,43.75,Adidas,Shoe_Brand
2023-03-19,50.0,Adidas,Shoe_Brand
2023-03-26,50.0,Adidas,Shoe_Brand
2023-04-02,53.125,Adidas,Shoe_Brand
2023-04-09,50.0,Adidas,Shoe_Brand
2023-04-16,50.0,Adidas,Shoe_Brand
2023-04-23,46.875,Adidas,Shoe_Brand
2023-04-30,46.875,Adidas,Shoe_Brand
2023-05-07,50.0,Adidas,Shoe_Brand
2023-05-14,56.25,Adidas,Shoe_Brand
2023-05-21,56.25,Adidas,Shoe_Brand
2023-05-28,59.375,Adidas,Shoe_Brand
2023-06-04,53.125,Adidas,Shoe_Brand
2023-06-11,53.125,Adidas,Shoe_Brand
2023-06-18,50.0,Adidas,Shoe_Brand
2023-06-25,50.0,Adidas,Shoe_Brand
2023-07-02,50.0,Adidas,Shoe_Brand
2023-07-09,50.0,Adidas,Shoe_Brand
2023-07-16,53.125,Adidas,Shoe_Brand
2023-07-23,59.375,Adidas,Shoe_Brand
2023-07-30,62.5,Adidas,Shoe_Brand
2023-08-06,62.5,Adidas,Shoe_Brand
2023-08-13,62.5,Adidas,Shoe_Brand
2023-08-20,59.375,Adidas,Shoe_Brand
2023-08-27,53.125,Adidas,Shoe_Brand
2023-09-03,50.0,Adidas,Shoe_Brand
2023-09-10,50.0,Adidas,Shoe_Brand
2023-09-17,50.0,Adidas,Shoe_Brand
2023-09-24,53.125,Adidas,Shoe_Brand
2023-10-01,50.0,Adidas,Shoe_Brand
2023-10-08,50.0,Adidas,Shoe_Brand
2023-10-15,56.25,Adidas,Shoe_Brand
2023-10-22,53.125,Adidas,Shoe_Brand
2023-10-29,46.875,Adidas,Shoe_Brand
2023-11-05,53.125,Adidas,Shoe_Brand
2023-11-12,59.375,Adidas,Shoe_Brand
2023-11-19,81.25,Adidas,Shoe_Brand
2023-11-26,65.625,Adidas,Shoe_Brand
2023-12-03,59.375,Adidas,Shoe_Brand
2023-12-10,59.375,Adidas,Shoe_Brand
2023-12-17,56.25,Adidas,Shoe_Brand
2023-12-24,62.5,Adidas,Shoe_Brand
2023-12-31,46.875,Adidas,Shoe_Brand
2024-01-07,50.0,Adidas,Shoe_Brand
2024-01-14,50.0,Adidas,Shoe_Brand
2024-01-21,46.875,Adidas,Shoe_Brand
2024-01-28,50.0,Adidas,Shoe_Brand
2024-02-04,46.875,Adidas,Shoe_Brand
2024-02-11,50.0,Adidas,Shoe_Brand
2024-02-18,56.25,Adidas,Shoe_Brand
2024-02-25,59.375,Adidas,Shoe_Brand
2024-03-03,62.5,Adidas,Shoe_Brand
2024-03-10,62.5,Adidas,Shoe_Brand
2024-03-17,62.5,Adidas,Shoe_Brand
2024-03-24,62.5,Adidas,Shoe_Brand
2024-03-31,59.375,Adidas,Shoe_Brand
2024-04-07,56.25,Adidas,Shoe_Brand
2024-04-14,59.375,Adidas,Shoe_Brand
2024-04-21,65.625,Adidas,Shoe_Brand
2024-04-28,62.5,Adidas,Shoe_Brand
2024-05-05,59.375,Adidas,Shoe_Brand
2024-05-12,59.375,Adidas,Shoe_Brand
2024-05-19,65.625,Adidas,Shoe_Brand
2024-05-26,62.5,Adidas,Shoe_Brand
2024-06-02,65.625,Adidas,Shoe_Brand
2024-06-09,65.625,Adidas,Shoe_Brand
2024-06-16,68.75,Adidas,Shoe_Brand
2024-06-23,65.625,Adidas,Shoe_Brand
2024-06-30,65.625,Adidas,Shoe_Brand
2024-07-07,65.625,Adidas,Shoe_Brand
2024-07-14,75.0,Adidas,Shoe_Brand
2024-07-21,84.375,Adidas,Shoe_Brand
2024-07-28,84.375,Adidas,Shoe_Brand
2024-08-04,100.0,Adidas,Shoe_Brand
2024-08-11,90.625,Adidas,Shoe_Brand
2024-08-18,81.25,Adidas,Shoe_Brand
2024-08-25,71.875,Adidas,Shoe_Brand
2024-09-01,68.75,Adidas,Shoe_Brand
2024-09-08,59.375,Adidas,Shoe_Brand
2024-09-15,56.25,Adidas,Shoe_Brand
2024-09-22,56.25,Adidas,Shoe_Brand
2024-09-29,56.25,Adidas,Shoe_Brand
2024-10-06,53.125,Adidas,Shoe_Brand
2024-10-13,59.375,Adidas,Shoe_Brand
2024-10-20,56.25,Adidas,Shoe_Brand
2024-10-27,56.25,Adidas,Shoe_Brand
2024-11-03,53.125,Adidas,Shoe_Brand
2024-11-10,59.375,Adidas,Shoe_Brand
2024-11-17,65.625,Adidas,Shoe_Brand
2024-11-24,96.875,Adidas,Shoe_Brand
2024-12-01,75.0,Adidas,Shoe_Brand
2024-12-08,68.75,Adidas,Shoe_Brand
2024-12-15,68.75,Adidas,Shoe_Brand
2024-12-22,68.75,Adidas,Shoe_Brand
2024-12-29,56.25,Adidas,Shoe_Brand
2025-01-05,53.125,Adidas,Shoe_Brand
2025-01-12,50.0,Adidas,Shoe_Brand
2025-01-19,50.0,Adidas,Shoe_Brand
2025-01-26,50.0,Adidas,Shoe_Brand
2025-02-02,50.0,Adidas,Shoe_Brand
2025-02-09,50.0,Adidas,Shoe_Brand
2025-02-16,53.125,Adidas,Shoe_Brand
2020-02-16,75.0,Reebok,Shoe_Brand
2020-02-23,75.0,Reebok,Shoe_Brand
2020-03-01,75.0,Reebok,Shoe_Brand
2020-03-08,50.0,Reebok,Shoe_Brand
2020-03-15,50.0,Reebok,Shoe_Brand
2020-03-22,50.0,Reebok,Shoe_Brand
2020-03-29,50.0,Reebok,Shoe_Brand
2020-04-05,50.0,Reebok,Shoe_Brand
2020-04-12,50.0,Reebok,Shoe_Brand
2020-04-19,50.0,Reebok,Shoe_Brand
2020-04-26,50.0,Reebok,Shoe_Brand
2020-05-03,75.0,Reebok,Shoe_Brand
2020-05-10,75.0,Reebok,Shoe_Brand
2020-05-17,75.0,Reebok,Shoe_Brand
2020-05-24,75.0,Reebok,Shoe_Brand
2020-05-31,75.0,Reebok,Shoe_Brand
2020-06-07,75.0,Reebok,Shoe_Brand
2020-06-14,75.0,Reebok,Shoe_Brand
2020-06-21,75.0,Reebok,Shoe_Brand
2020-06-28,75.0,Reebok,Shoe_Brand
2020-07-05,75.0,Reebok,Shoe_Brand
2020-07-12,75.0,Reebok,Shoe_Brand
2020-07-19,75.0,Reebok,Shoe_Brand
2020-07-26,75.0,Reebok,Shoe_Brand
2020-08-02,75.0,Reebok,Shoe_Brand
2020-08-09,75.0,Reebok,Shoe_Brand
2020-08-16,75.0,Reebok,Shoe_Brand
2020-08-23,50.0,Reebok,Shoe_Brand
2020-08-30,75.0,Reebok,Shoe_Brand
2020-09-06,50.0,Reebok,Shoe_Brand
2020-09-13,50.0,Reebok,Shoe_Brand
2020-09-20,50.0,Reebok,Shoe_Brand
2020-09-27,50.0,Reebok,Shoe_Brand
2020-10-04,50.0,Reebok,Shoe_Brand
2020-10-11,75.0,Reebok,Shoe_Brand
2020-10-18,75.0,Reebok,Shoe_Brand
2020-10-25,75.0,Reebok,Shoe_Brand
2020-11-01,50.0,Reebok,Shoe_Brand
2020-11-08,100.0,Reebok,Shoe_Brand
2020-11-15,75.0,Reebok,Shoe_Brand
2020-11-22,100.0,Reebok,Shoe_Brand
2020-11-29,75.0,Reebok,Shoe_Brand
2020-12-06,75.0,Reebok,Shoe_Brand
2020-12-13,75.0,Reebok,Shoe_Brand
2020-12-20,75.0,Reebok,Shoe_Brand
2020-12-27,100.0,Reebok,Shoe_Brand
2021-01-03,75.0,Reebok,Shoe_Brand
2021-01-10,75.0,Reebok,Shoe_Brand
2021-01-17,50.0,Reebok,Shoe_Brand
2021-01-24,50.0,Reebok,Shoe_Brand
2021-01-31,50.0,Reebok,Shoe_Brand
2021-02-07,50.0,Reebok,Shoe_Brand
2021-02-14,75.0,Reebok,Shoe_Brand
2021-02-21,75.0,Reebok,Shoe_Brand
2021-02-28,75.0,Reebok,Shoe_Brand
2021-03-07,75.0,Reebok,Shoe_Brand
2021-03-14,75.0,Reebok,Shoe_Brand
2021-03-21,75.0,Reebok,Shoe_Brand
2021-03-28,75.0,Reebok,Shoe_Brand
2021-04-04,75.0,Reebok,Shoe_Brand
2021-04-11,100.0,Reebok,Shoe_Brand
2021-04-18,75.0,Reebok,Shoe_Brand
2021-04-25,75.0,Reebok,Shoe_Brand
2021-05-02,75.0,Reebok,Shoe_Brand
2021-05-09,75.0,Reebok,Shoe_Brand
2021-05-16,75.0,Reebok,Shoe_Brand
2021-05-23,75.0,Reebok,Shoe_Brand
2021-05-30,75.0,Reebok,Shoe_Brand
2021-06-06,50.0,Reebok,Shoe_Brand
2021-06-13,50.0,Reebok,Shoe_Brand
2021-06-20,75.0,Reebok,Shoe_Brand
2021-06-27,75.0,Reebok,Shoe_Brand
2021-07-04,75.0,Reebok,Shoe_Brand
2021-07-11,75.0,Reebok,Shoe_Brand
2021-07-18,75.0,Reebok,Shoe_Brand
2021-07-25,75.0,Reebok,Shoe_Brand
2021-08-01,75.0,Reebok,Shoe_Brand
2021-08-08,75.0,Reebok,Shoe_Brand
2021-08-15,75.0,Reebok,Shoe_Brand
2021-08-22,75.0,Reebok,Shoe_Brand
2021-08-29,75.0,Reebok,Shoe_Brand
2021-09-05,75.0,Reebok,Shoe_Brand
2021-09-12,75.0,Reebok,Shoe_Brand
2021-09-19,75.0,Reebok,Shoe_Brand
2021-09-26,50.0,Reebok,Shoe_Brand
2021-10-03,50.0,Reebok,Shoe_Brand
2021-10-10,75.0,Reebok,Shoe_Brand
2021-10-17,75.0,Reebok,Shoe_Brand
2021-10-24,50.0,Reebok,Shoe_Brand
2021-10-31,75.0,Reebok,Shoe_Brand
2021-11-07,75.0,Reebok,Shoe_Brand
2021-11-14,75.0,Reebok,Shoe_Brand
2021-11-21,100.0,Reebok,Shoe_Brand
2021-11-28,100.0,Reebok,Shoe_Brand
2021-12-05,75.0,Reebok,Shoe_Brand
2021-12-12,75.0,Reebok,Shoe_Brand
2021-12-19,75.0,Reebok,Shoe_Brand
2021-12-26,75.0,Reebok,Shoe_Brand
2022-01-02,75.0,Reebok,Shoe_Brand
2022-01-09,50.0,Reebok,Shoe_Brand
2022-01-16,50.0,Reebok,Shoe_Brand
2022-01-23,75.0,Reebok,Shoe_Brand
2022-01-30,50.0,Reebok,Shoe_Brand
2022-02-06,75.0,Reebok,Shoe_Brand
2022-02-13,75.0,Reebok,Shoe_Brand
2022-02-20,75.0,Reebok,Shoe_Brand
2022-02-27,75.0,Reebok,Shoe_Brand
2022-03-06,75.0,Reebok,Shoe_Brand
2022-03-13,75.0,Reebok,Shoe_Brand
2022-03-20,75.0,Reebok,Shoe_Brand
2022-03-27,75.0,Reebok,Shoe_Brand
2022-04-03,75.0,Reebok,Shoe_Brand
2022-04-10,50.0,Reebok,Shoe_Brand
2022-04-17,50.0,Reebok,Shoe_Brand
2022-04-24,75.0,Reebok,Shoe_Brand
2022-05-01,75.0,Reebok,Shoe_Brand
2022-05-08,75.0,Reebok,Shoe_Brand
2022-05-15,50.0,Reebok,Shoe_Brand
2022-05-22,50.0,Reebok,Shoe_Brand
2022-05-29,50.0,Reebok,Shoe_Brand
2022-06-05,50.0,Reebok,Shoe_Brand
2022-06-12,75.0,Reebok,Shoe_Brand
2022-06-19,75.0,Reebok,Shoe_Brand
2022-06-26,50.0,Reebok,Shoe_Brand
2022-07-03,50.0,Reebok,Shoe_Brand
2022-07-10,75.0,Reebok,Shoe_Brand
2022-07-17,75.0,Reebok,Shoe_Brand
2022-07-24,75.0,Reebok,Shoe_Brand
2022-07-31,75.0,Reebok,Shoe_Brand
2022-08-07,75.0,Reebok,Shoe_Brand
2022-08-14,75.0,Reebok,Shoe_Brand
2022-08-21,75.0,Reebok,Shoe_Brand
2022-08-28,75.0,Reebok,Shoe_Brand
2022-09-04,75.0,Reebok,Shoe_Brand
2022-09-11,50.0,Reebok,Shoe_Brand
2022-09-18,75.0,Reebok,Shoe_Brand
2022-09-25,50.0,Reebok,Shoe_Brand
2022-10-02,50.0,Reebok,Shoe_Brand
2022-10-09,75.0,Reebok,Shoe_Brand
2022-10-16,50.0,Reebok,Shoe_Brand
2022-10-23,50.0,Reebok,Shoe_Brand
2022-10-30,50.0,Reebok,Shoe_Brand
2022-11-06,50.0,Reebok,Shoe_Brand
2022-11-13,75.0,Reebok,Shoe_Brand
2022-11-20,100.0,Reebok,Shoe_Brand
2022-11-27,75.0,Reebok,Shoe_Brand
2022-12-04,75.0,Reebok,Shoe_Brand
2022-12-11,75.0,Reebok,Shoe_Brand
2022-12-18,50.0,Reebok,Shoe_Brand
2022-12-25,75.0,Reebok,Shoe_Brand
2023-01-01,75.0,Reebok,Shoe_Brand
2023-01-08,50.0,Reebok,Shoe_Brand
2023-01-15,50.0,Reebok,Shoe_Brand
2023-01-22,50.0,Reebok,Shoe_Brand
2023-01-29,50.0,Reebok,Shoe_Brand
2023-02-05,50.0,Reebok,Shoe_Brand
2023-02-12,50.0,Reebok,Shoe_Brand
2023-02-19,50.0,Reebok,Shoe_Brand
2023-02-26,50.0,Reebok,Shoe_Brand
2023-03-05,50.0,Reebok,Shoe_Brand
2023-03-12,50.0,Reebok,Shoe_Brand
2023-03-19,50.0,Reebok,Shoe_Brand
2023-03-26,50.0,Reebok,Shoe_Brand
2023-04-02,50.0,Reebok,Shoe_Brand
2023-04-09,50.0,Reebok,Shoe_Brand
2023-04-16,50.0,Reebok,Shoe_Brand
2023-04-23,50.0,Reebok,Shoe_Brand
2023-04-30,50.0,Reebok,Shoe_Brand
2023-05-07,50.0,Reebok,Shoe_Brand
2023-05-14,50.0,Reebok,Shoe_Brand
2023-05-21,50.0,Reebok,Shoe_Brand
2023-05-28,50.0,Reebok,Shoe_Brand
2023-06-04,50.0,Reebok,Shoe_Brand
2023-06-11,50.0,Reebok,Shoe_Brand
2023-06-18,50.0,Reebok,Shoe_Brand
2023-06-25,50.0,Reebok,Shoe_Brand
2023-07-02,50.0,Reebok,Shoe_Brand
2023-07-09,50.0,Reebok,Shoe_Brand
2023-07-16,50.0,Reebok,Shoe_Brand
2023-07-23,50.0,Reebok,Shoe_Brand
2023-07-30,75.0,Reebok,Shoe_Brand
2023-08-06,75.0,Reebok,Shoe_Brand
2023-08-13,50.0,Reebok,Shoe_Brand
2023-08-20,50.0,Reebok,Shoe_Brand
2023-08-27,50.0,Reebok,Shoe_Brand
2023-09-03,50.0,Reebok,Shoe_Brand
2023-09-10,50.0,Reebok,Shoe_Brand
2023-09-17,50.0,Reebok,Shoe_Brand
2023-09-24,50.0,Reebok,Shoe_Brand
2023-10-01,50.0,Reebok,Shoe_Brand
2023-10-08,50.0,Reebok,Shoe_Brand
2023-10-15,50.0,Reebok,Shoe_Brand
2023-10-22,50.0,Reebok,Shoe_Brand
2023-10-29,50.0,Reebok,Shoe_Brand
2023-11-05,50.0,Reebok,Shoe_Brand
2023-11-12,50.0,Reebok,Shoe_Brand
2023-11-19,100.0,Reebok,Shoe_Brand
2023-11-26,75.0,Reebok,Shoe_Brand
2023-12-03,50.0,Reebok,Shoe_Brand
2023-12-10,50.0,Reebok,Shoe_Brand
2023-12-17,50.0,Reebok,Shoe_Brand
2023-12-24,50.0,Reebok,Shoe_Brand
2023-12-31,50.0,Reebok,Shoe_Brand
2024-01-07,50.0,Reebok,Shoe_Brand
2024-01-14,50.0,Reebok,Shoe_Brand
2024-01-21,50.0,Reebok,Shoe_Brand
2024-01-28,50.0,Reebok,Shoe_Brand
2024-02-04,50.0,Reebok,Shoe_Brand
2024-02-11,50.0,Reebok,Shoe_Brand
2024-02-18,50.0,Reebok,Shoe_Brand
2024-02-25,50.0,Reebok,Shoe_Brand
2024-03-03,50.0,Reebok,Shoe_Brand
2024-03-10,50.0,Reebok,Shoe_Brand
2024-03-17,50.0,Reebok,Shoe_Brand
2024-03-24,50.0,Reebok,Shoe_Brand
2024-03-31,50.0,Reebok,Shoe_Brand
2024-04-07,50.0,Reebok,Shoe_Brand
2024-04-14,50.0,Reebok,Shoe_Brand
2024-04-21,50.0,Reebok,Shoe_Brand
2024-04-28,50.0,Reebok,Shoe_Brand
2024-05-05,50.0,Reebok,Shoe_Brand
2024-05-12,50.0,Reebok,Shoe_Brand
2024-05-19,50.0,Reebok,Shoe_Brand
2024-05-26,50.0,Reebok,Shoe_Brand
2024-06-02,50.0,Reebok,Shoe_Brand
2024-06-09,50.0,Reebok,Shoe_Brand
2024-06-16,50.0,Reebok,Shoe_Brand
2024-06-23,50.0,Reebok,Shoe_Brand
2024-06-30,50.0,Reebok,Shoe_Brand
2024-07-07,50.0,Reebok,Shoe_Brand
2024-07-14,50.0,Reebok,Shoe_Brand
2024-07-21,50.0,Reebok,Shoe_Brand
2024-07-28,50.0,Reebok,Shoe_Brand
2024-08-04,50.0,Reebok,Shoe_Brand
2024-08-11,50.0,Reebok,Shoe_Brand
2024-08-18,75.0,Reebok,Shoe_Brand
2024-08-25,50.0,Reebok,Shoe_Brand
2024-09-01,50.0,Reebok,Shoe_Brand
2024-09-08,50.0,Reebok,Shoe_Brand
2024-09-15,50.0,Reebok,Shoe_Brand
2024-09-22,50.0,Reebok,Shoe_Brand
2024-09-29,50.0,Reebok,Shoe_Brand
2024-10-06,50.0,Reebok,Shoe_Brand
2024-10-13,50.0,Reebok,Shoe_Brand
2024-10-20,50.0,Reebok,Shoe_Brand
2024-10-27,50.0,Reebok,Shoe_Brand
2024-11-03,50.0,Reebok,Shoe_Brand
2024-11-10,50.0,Reebok,Shoe_Brand
2024-11-17,50.0,Reebok,Shoe_Brand
2024-11-24,75.0,Reebok,Shoe_Brand
2024-12-01,50.0,Reebok,Shoe_Brand
2024-12-08,50.0,Reebok,Shoe_Brand
2024-12-15,50.0,Reebok,Shoe_Brand
2024-12-22,50.0,Reebok,Shoe_Brand
2024-12-29,50.0,Reebok,Shoe_Brand
2025-01-05,50.0,Reebok,Shoe_Brand
2025-01-12,50.0,Reebok,Shoe_Brand
2025-01-19,50.0,Reebok,Shoe_Brand
2025-01-26,50.0,Reebok,Shoe_Brand
2025-02-02,50.0,Reebok,Shoe_Brand
2025-02-09,50.0,Reebok,Shoe_Brand
2025-02-16,50.0,Reebok,Shoe_Brand
2020-02-16,75.0,Vans,Shoe_Brand
2020-02-23,80.0,Vans,Shoe_Brand
2020-03-01,85.0,Vans,Shoe_Brand
2020-03-08,75.0,Vans,Shoe_Brand
2020-03-15,55.00000000000001,Vans,Shoe_Brand
2020-03-22,50.0,Vans,Shoe_Brand
2020-03-29,50.0,Vans,Shoe_Brand
2020-04-05,50.0,Vans,Shoe_Brand
2020-04-12,60.0,Vans,Shoe_Brand
2020-04-19,60.0,Vans,Shoe_Brand
2020-04-26,60.0,Vans,Shoe_Brand
2020-05-03,65.0,Vans,Shoe_Brand
2020-05-10,70.0,Vans,Shoe_Brand
2020-05-17,70.0,Vans,Shoe_Brand
2020-05-24,70.0,Vans,Shoe_Brand
2020-05-31,65.0,Vans,Shoe_Brand
2020-06-07,70.0,Vans,Shoe_Brand
2020-06-14,75.0,Vans,Shoe_Brand
2020-06-21,70.0,Vans,Shoe_Brand
2020-06-28,65.0,Vans,Shoe_Brand
2020-07-05,70.0,Vans,Shoe_Brand
2020-07-12,75.0,Vans,Shoe_Brand
2020-07-19,75.0,Vans,Shoe_Brand
2020-07-26,80.0,Vans,Shoe_Brand
2020-08-02,80.0,Vans,Shoe_Brand
2020-08-09,80.0,Vans,Shoe_Brand
2020-08-16,75.0,Vans,Shoe_Brand
2020-08-23,70.0,Vans,Shoe_Brand
2020-08-30,65.0,Vans,Shoe_Brand
2020-09-06,65.0,Vans,Shoe_Brand
2020-09-13,65.0,Vans,Shoe_Brand
2020-09-20,60.0,Vans,Shoe_Brand
2020-09-27,60.0,Vans,Shoe_Brand
2020-10-04,60.0,Vans,Shoe_Brand
2020-10-11,65.0,Vans,Shoe_Brand
2020-10-18,60.0,Vans,Shoe_Brand
2020-10-25,60.0,Vans,Shoe_Brand
2020-11-01,45.0,Vans,Shoe_Brand
2020-11-08,70.0,Vans,Shoe_Brand
2020-11-15,80.0,Vans,Shoe_Brand
2020-11-22,100.0,Vans,Shoe_Brand
2020-11-29,90.0,Vans,Shoe_Brand
2020-12-06,85.0,Vans,Shoe_Brand
2020-12-13,90.0,Vans,Shoe_Brand
2020-12-20,85.0,Vans,Shoe_Brand
2020-12-27,70.0,Vans,Shoe_Brand
2021-01-03,60.0,Vans,Shoe_Brand
2021-01-10,55.00000000000001,Vans,Shoe_Brand
2021-01-17,55.00000000000001,Vans,Shoe_Brand
2021-01-24,60.0,Vans,Shoe_Brand
2021-01-31,60.0,Vans,Shoe_Brand
2021-02-07,60.0,Vans,Shoe_Brand
2021-02-14,55.00000000000001,Vans,Shoe_Brand
2021-02-21,60.0,Vans,Shoe_Brand
2021-02-28,65.0,Vans,Shoe_Brand
2021-03-07,65.0,Vans,Shoe_Brand
2021-03-14,75.0,Vans,Shoe_Brand
2021-03-21,70.0,Vans,Shoe_Brand
2021-03-28,75.0,Vans,Shoe_Brand
2021-04-04,70.0,Vans,Shoe_Brand
2021-04-11,70.0,Vans,Shoe_Brand
2021-04-18,65.0,Vans,Shoe_Brand
2021-04-25,65.0,Vans,Shoe_Brand
2021-05-02,70.0,Vans,Shoe_Brand
2021-05-09,65.0,Vans,Shoe_Brand
2021-05-16,60.0,Vans,Shoe_Brand
2021-05-23,60.0,Vans,Shoe_Brand
2021-05-30,65.0,Vans,Shoe_Brand
2021-06-06,65.0,Vans,Shoe_Brand
2021-06-13,60.0,Vans,Shoe_Brand
2021-06-20,60.0,Vans,Shoe_Brand
2021-06-27,55.00000000000001,Vans,Shoe_Brand
2021-07-04,65.0,Vans,Shoe_Brand
2021-07-11,70.0,Vans,Shoe_Brand
2021-07-18,70.0,Vans,Shoe_Brand
2021-07-25,80.0,Vans,Shoe_Brand
2021-08-01,80.0,Vans,Shoe_Brand
2021-08-08,80.0,Vans,Shoe_Brand
2021-08-15,80.0,Vans,Shoe_Brand
2021-08-22,75.0,Vans,Shoe_Brand
2021-08-29,65.0,Vans,Shoe_Brand
2021-09-05,60.0,Vans,Shoe_Brand
2021-09-12,60.0,Vans,Shoe_Brand
2021-09-19,65.0,Vans,Shoe_Brand
2021-09-26,75.0,Vans,Shoe_Brand
2021-10-03,75.0,Vans,Shoe_Brand
2021-10-10,70.0,Vans,Shoe_Brand
2021-10-17,65.0,Vans,Shoe_Brand
2021-10-24,60.0,Vans,Shoe_Brand
2021-10-31,60.0,Vans,Shoe_Brand
2021-11-07,70.0,Vans,Shoe_Brand
2021-11-14,70.0,Vans,Shoe_Brand
2021-11-21,100.0,Vans,Shoe_Brand
2021-11-28,90.0,Vans,Shoe_Brand
2021-12-05,85.0,Vans,Shoe_Brand
2021-12-12,85.0,Vans,Shoe_Brand
2021-12-19,85.0,Vans,Shoe_Brand
2021-12-26,70.0,Vans,Shoe_Brand
2022-01-02,60.0,Vans,Shoe_Brand
2022-01-09,55.00000000000001,Vans,Shoe_Brand
2022-01-16,50.0,Vans,Shoe_Brand
2022-01-23,55.00000000000001,Vans,Shoe_Brand
2022-01-30,55.00000000000001,Vans,Shoe_Brand
2022-02-06,60.0,Vans,Shoe_Brand
2022-02-13,60.0,Vans,Shoe_Brand
2022-02-20,65.0,Vans,Shoe_Brand
2022-02-27,60.0,Vans,Shoe_Brand
2022-03-06,65.0,Vans,Shoe_Brand
2022-03-13,70.0,Vans,Shoe_Brand
2022-03-20,70.0,Vans,Shoe_Brand
2022-03-27,60.0,Vans,Shoe_Brand
2022-04-03,60.0,Vans,Shoe_Brand
2022-04-10,65.0,Vans,Shoe_Brand
2022-04-17,60.0,Vans,Shoe_Brand
2022-04-24,60.0,Vans,Shoe_Brand
2022-05-01,60.0,Vans,Shoe_Brand
2022-05-08,55.00000000000001,Vans,Shoe_Brand
2022-05-15,60.0,Vans,Shoe_Brand
2022-05-22,55.00000000000001,Vans,Shoe_Brand
2022-05-29,60.0,Vans,Shoe_Brand
2022-06-05,60.0,Vans,Shoe_Brand
2022-06-12,60.0,Vans,Shoe_Brand
2022-06-19,60.0,Vans,Shoe_Brand
2022-06-26,60.0,Vans,Shoe_Brand
2022-07-03,65.0,Vans,Shoe_Brand
2022-07-10,60.0,Vans,Shoe_Brand
2022-07-17,70.0,Vans,Shoe_Brand
2022-07-24,75.0,Vans,Shoe_Brand
2022-07-31,75.0,Vans,Shoe_Brand
2022-08-07,75.0,Vans,Shoe_Brand
2022-08-14,70.0,Vans,Shoe_Brand
2022-08-21,65.0,Vans,Shoe_Brand
2022-08-28,60.0,Vans,Shoe_Brand
2022-09-04,60.0,Vans,Shoe_Brand
2022-09-11,55.00000000000001,Vans,Shoe_Brand
2022-09-18,55.00000000000001,Vans,Shoe_Brand
2022-09-25,50.0,Vans,Shoe_Brand
2022-10-02,50.0,Vans,Shoe_Brand
2022-10-09,50.0,Vans,Shoe_Brand
2022-10-16,50.0,Vans,Shoe_Brand
2022-10-23,45.0,Vans,Shoe_Brand
2022-10-30,45.0,Vans,Shoe_Brand
2022-11-06,95.0,Vans,Shoe_Brand
2022-11-13,75.0,Vans,Shoe_Brand
2022-11-20,90.0,Vans,Shoe_Brand
2022-11-27,65.0,Vans,Shoe_Brand
2022-12-04,65.0,Vans,Shoe_Brand
2022-12-11,75.0,Vans,Shoe_Brand
2022-12-18,70.0,Vans,Shoe_Brand
2022-12-25,65.0,Vans,Shoe_Brand
2023-01-01,50.0,Vans,Shoe_Brand
2023-01-08,50.0,Vans,Shoe_Brand
2023-01-15,50.0,Vans,Shoe_Brand
2023-01-22,45.0,Vans,Shoe_Brand
2023-01-29,45.0,Vans,Shoe_Brand
2023-02-05,50.0,Vans,Shoe_Brand
2023-02-12,45.0,Vans,Shoe_Brand
2023-02-19,50.0,Vans,Shoe_Brand
2023-02-26,50.0,Vans,Shoe_Brand
2023-03-05,50.0,Vans,Shoe_Brand
2023-03-12,50.0,Vans,Shoe_Brand
2023-03-19,55.00000000000001,Vans,Shoe_Brand
2023-03-26,55.00000000000001,Vans,Shoe_Brand
2023-04-02,50.0,Vans,Shoe_Brand
2023-04-09,55.00000000000001,Vans,Shoe_Brand
2023-04-16,50.0,Vans,Shoe_Brand
2023-04-23,50.0,Vans,Shoe_Brand
2023-04-30,45.0,Vans,Shoe_Brand
2023-05-07,45.0,Vans,Shoe_Brand
2023-05-14,50.0,Vans,Shoe_Brand
2023-05-21,45.0,Vans,Shoe_Brand
2023-05-28,50.0,Vans,Shoe_Brand
2023-06-04,50.0,Vans,Shoe_Brand
2023-06-11,50.0,Vans,Shoe_Brand
2023-06-18,50.0,Vans,Shoe_Brand
2023-06-25,50.0,Vans,Shoe_Brand
2023-07-02,45.0,Vans,Shoe_Brand
2023-07-09,50.0,Vans,Shoe_Brand
2023-07-16,55.00000000000001,Vans,Shoe_Brand
2023-07-23,60.0,Vans,Shoe_Brand
2023-07-30,70.0,Vans,Shoe_Brand
2023-08-06,65.0,Vans,Shoe_Brand
2023-08-13,60.0,Vans,Shoe_Brand
2023-08-20,55.00000000000001,Vans,Shoe_Brand
2023-08-27,50.0,Vans,Shoe_Brand
2023-09-03,50.0,Vans,Shoe_Brand
2023-09-10,45.0,Vans,Shoe_Brand
2023-09-17,45.0,Vans,Shoe_Brand
2023-09-24,45.0,Vans,Shoe_Brand
2023-10-01,45.0,Vans,Shoe_Brand
2023-10-08,45.0,Vans,Shoe_Brand
2023-10-15,45.0,Vans,Shoe_Brand
2023-10-22,45.0,Vans,Shoe_Brand
2023-10-29,40.0,Vans,Shoe_Brand
2023-11-05,45.0,Vans,Shoe_Brand
2023-11-12,50.0,Vans,Shoe_Brand
2023-11-19,70.0,Vans,Shoe_Brand
2023-11-26,60.0,Vans,Shoe_Brand
2023-12-03,55.00000000000001,Vans,Shoe_Brand
2023-12-10,65.0,Vans,Shoe_Brand
2023-12-17,60.0,Vans,Shoe_Brand
2023-12-24,55.00000000000001,Vans,Shoe_Brand
2023-12-31,45.0,Vans,Shoe_Brand
2024-01-07,45.0,Vans,Shoe_Brand
2024-01-14,40.0,Vans,Shoe_Brand
2024-01-21,40.0,Vans,Shoe_Brand
2024-01-28,40.0,Vans,Shoe_Brand
2024-02-04,40.0,Vans,Shoe_Brand
2024-02-11,40.0,Vans,Shoe_Brand
2024-02-18,45.0,Vans,Shoe_Brand
2024-02-25,45.0,Vans,Shoe_Brand
2024-03-03,45.0,Vans,Shoe_Brand
2024-03-10,45.0,Vans,Shoe_Brand
2024-03-17,45.0,Vans,Shoe_Brand
2024-03-24,45.0,Vans,Shoe_Brand
2024-03-31,45.0,Vans,Shoe_Brand
2024-04-07,40.0,Vans,Shoe_Brand
2024-04-14,45.0,Vans,Shoe_Brand
2024-04-21,45.0,Vans,Shoe_Brand
2024-04-28,45.0,Vans,Shoe_Brand
2024-05-05,45.0,Vans,Shoe_Brand
2024-05-12,45.0,Vans,Shoe_Brand
2024-05-19,45.0,Vans,Shoe_Brand
2024-05-26,45.0,Vans,Shoe_Brand
2024-06-02,45.0,Vans,Shoe_Brand
2024-06-09,45.0,Vans,Shoe_Brand
2024-06-16,45.0,Vans,Shoe_Brand
2024-06-23,45.0,Vans,Shoe_Brand
2024-06-30,50.0,Vans,Shoe_Brand
2024-07-07,50.0,Vans,Shoe_Brand
2024-07-14,55.00000000000001,Vans,Shoe_Brand
2024-07-21,60.0,Vans,Shoe_Brand
2024-07-28,65.0,Vans,Shoe_Brand
2024-08-04,70.0,Vans,Shoe_Brand
2024-08-11,65.0,Vans,Shoe_Brand
2024-08-18,55.00000000000001,Vans,Shoe_Brand
2024-08-25,50.0,Vans,Shoe_Brand
2024-09-01,50.0,Vans,Shoe_Brand
2024-09-08,45.0,Vans,Shoe_Brand
2024-09-15,40.0,Vans,Shoe_Brand
2024-09-22,40.0,Vans,Shoe_Brand
2024-09-29,40.0,Vans,Shoe_Brand
2024-10-06,40.0,Vans,Shoe_Brand
2024-10-13,45.0,Vans,Shoe_Brand
2024-10-20,45.0,Vans,Shoe_Brand
2024-10-27,40.0,Vans,Shoe_Brand
2024-11-03,35.0,Vans,Shoe_Brand
2024-11-10,40.0,Vans,Shoe_Brand
2024-11-17,45.0,Vans,Shoe_Brand
2024-11-24,60.0,Vans,Shoe_Brand
2024-12-01,55.00000000000001,Vans,Shoe_Brand
2024-12-08,55.00000000000001,Vans,Shoe_Brand
2024-12-15,55.00000000000001,Vans,Shoe_Brand
2024-12-22,50.0,Vans,Shoe_Brand
2024-12-29,45.0,Vans,Shoe_Brand
2025-01-05,35.0,Vans,Shoe_Brand
2025-01-12,35.0,Vans,Shoe_Brand
2025-01-19,35.0,Vans,Shoe_Brand
2025-01-26,35.0,Vans,Shoe_Brand
2025-02-02,35.0,Vans,Shoe_Brand
2025-02-09,35.0,Vans,Shoe_Brand
2025-02-16,40.0,Vans,Shoe_Brand
